{"neighbors":[{"id":"13101","name":"Gage Larvadain","slug":"gage-larvadain","team":"CLE","position":"WR","posRank":179,"ppg":1},{"id":"5113","name":"Cedrick Wilson","slug":"cedrick-wilson","team":"MIA","position":"WR","posRank":180,"ppg":0.9},{"id":"8527","name":"Dareke Young","slug":"dareke-young","team":"SEA","position":"WR","posRank":181,"ppg":0.9},{"id":"11821","name":"Tahj Washington","slug":"tahj-washington","team":"MIA","position":"WR","posRank":183,"ppg":0.8},{"id":"6847","name":"Devin Duvernay","slug":"devin-duvernay","team":"CHI","position":"WR","posRank":184,"ppg":0.8},{"id":"7436","name":"Mason Kinsey","slug":"mason-kinsey","team":"TEN","position":"WR","posRank":185,"ppg":0.8}],"currentRank":182,"season":2025,"format":"ppr","position":"WR"}