{"neighbors":[{"id":"8527","name":"Dareke Young","slug":"dareke-young","team":"SEA","position":"WR","posRank":180,"ppg":0.7},{"id":"5113","name":"Cedrick Wilson","slug":"cedrick-wilson","team":"MIA","position":"WR","posRank":181,"ppg":0.7},{"id":"7436","name":"Mason Kinsey","slug":"mason-kinsey","team":"TEN","position":"WR","posRank":182,"ppg":0.6},{"id":"6847","name":"Devin Duvernay","slug":"devin-duvernay","team":"CHI","position":"WR","posRank":184,"ppg":0.6},{"id":"4274","name":"David Moore","slug":"david-moore","team":"CAR","position":"WR","posRank":185,"ppg":0.6},{"id":"11821","name":"Tahj Washington","slug":"tahj-washington","team":"MIA","position":"WR","posRank":186,"ppg":0.5}],"currentRank":183,"season":2025,"format":"half","position":"WR"}