{"neighbors":[{"id":"6847","name":"Devin Duvernay","slug":"devin-duvernay","team":"CHI","position":"WR","posRank":185,"ppg":0.4},{"id":"4274","name":"David Moore","slug":"david-moore","team":"CAR","position":"WR","posRank":186,"ppg":0.4},{"id":"10225","name":"Jonathan Mingo","slug":"jonathan-mingo","team":"DAL","position":"WR","posRank":187,"ppg":0.4},{"id":"8013","name":"Tim Jones","slug":"tim-jones","team":"JAX","position":"WR","posRank":189,"ppg":0.4},{"id":"11320","name":"Nikko Remigio","slug":"nikko-remigio","team":"KC","position":"WR","posRank":190,"ppg":0.4},{"id":"12889","name":"Beaux Collins","slug":"beaux-collins","team":"NYG","position":"WR","posRank":191,"ppg":0.3}],"currentRank":188,"season":2025,"format":"standard","position":"WR"}