[{"week":1,"opp":"HOU","stats":{"pts_ppr":0,"pts_half_ppr":null,"off_snp":7,"tm_off_snp":45,"rec_tgt":0,"rec":0,"rec_yd":0,"rec_td":0,"rush_att":0,"rush_yd":0,"rush_td":0,"target_share":0,"team_pass_rate":68.5,"team_tgt":13,"team_pass_att":61},"pos_rank":153,"opp_rank_vs_pos":11,"game_status":"active","score":{"tm":27,"opp":29,"r":"L"}},{"week":2,"opp":"GB","stats":{"pts_ppr":0,"pts_half_ppr":null,"off_snp":1,"tm_off_snp":56,"rec_tgt":0,"rec":0,"rec_yd":0,"rec_td":0,"rush_att":0,"rush_yd":0,"rush_td":0,"target_share":0,"team_pass_rate":72.9,"team_tgt":26,"team_pass_att":62},"pos_rank":157,"opp_rank_vs_pos":8,"game_status":"active","score":{"tm":10,"opp":16,"r":"L"}},{"week":3,"opp":"CHI","stats":{"pts_ppr":0,"pts_half_ppr":null,"off_snp":3,"tm_off_snp":56,"rec_tgt":0,"rec":0,"rec_yd":0,"rec_td":0,"rush_att":0,"rush_yd":0,"rush_td":0,"target_share":0,"team_pass_rate":58.1,"team_tgt":18,"team_pass_att":54},"pos_rank":156,"opp_rank_vs_pos":1,"game_status":"active","score":{"tm":21,"opp":16,"r":"W"}},{"week":4,"opp":"—","stats":{"pts_ppr":0},"game_status":"out"},{"week":5,"opp":"—","stats":{"pts_ppr":0},"game_status":"out"},{"week":6,"opp":"—","stats":{"pts_ppr":0},"game_status":"out"},{"week":7,"opp":"—","stats":{"pts_ppr":0},"game_status":"out"},{"week":8,"opp":"—","stats":{"pts_ppr":0},"game_status":"out"},{"week":9,"opp":"—","stats":{"pts_ppr":0},"game_status":"out"},{"week":10,"opp":"—","stats":{"pts_ppr":0},"game_status":"out"},{"week":11,"opp":"—","stats":{"pts_ppr":0},"game_status":"out"},{"week":12,"opp":"—","stats":{"pts_ppr":0},"game_status":"out"},{"week":13,"opp":"NE","stats":{"pts_ppr":0,"pts_half_ppr":null,"off_snp":0,"tm_off_snp":62,"rec_tgt":0,"rec":0,"rec_yd":0,"rec_td":0,"rush_att":0,"rush_yd":0,"rush_td":0,"target_share":0,"team_pass_rate":35.3,"team_tgt":21,"team_pass_att":24},"pos_rank":null,"opp_rank_vs_pos":17,"game_status":"active","score":{"tm":25,"opp":24,"r":"W"}},{"week":14,"opp":"BYE","stats":{"pts_ppr":0},"game_status":"bye"},{"week":15,"opp":"DEN","stats":{"pts_ppr":3.3,"pts_half_ppr":2.8,"off_snp":4,"tm_off_snp":76,"rec_tgt":1,"rec":1,"rec_yd":23,"rec_td":0,"rush_att":0,"rush_yd":0,"rush_td":0,"target_share":3.1,"team_pass_rate":53.5,"team_tgt":32,"team_pass_att":38},"pos_rank":78,"opp_rank_vs_pos":9,"game_status":"active","score":{"tm":13,"opp":31,"r":"L"}},{"week":16,"opp":"TEN","stats":{"pts_ppr":0,"pts_half_ppr":null,"off_snp":0,"tm_off_snp":62,"rec_tgt":0,"rec":0,"rec_yd":0,"rec_td":0,"rush_att":0,"rush_yd":0,"rush_td":0,"target_share":0,"team_pass_rate":18.3,"team_tgt":16,"team_pass_att":11},"pos_rank":null,"opp_rank_vs_pos":2,"game_status":"active","score":{"tm":38,"opp":30,"r":"W"}},{"week":17,"opp":"NYG","stats":{"pts_ppr":0,"pts_half_ppr":null,"off_snp":0,"tm_off_snp":77,"rec_tgt":0,"rec":0,"rec_yd":0,"rec_td":0,"rush_att":0,"rush_yd":0,"rush_td":0,"target_share":0,"team_pass_rate":0,"team_tgt":32,"team_pass_att":0},"pos_rank":null,"opp_rank_vs_pos":19,"game_status":"active","score":{"tm":33,"opp":45,"r":"L"}},{"week":18,"opp":"JAX","stats":{"pts_ppr":0,"pts_half_ppr":null,"off_snp":0,"tm_off_snp":78,"rec_tgt":0,"rec":0,"rec_yd":0,"rec_td":0,"rush_att":0,"rush_yd":0,"rush_td":0,"target_share":0,"team_pass_rate":0,"team_tgt":31,"team_pass_att":0},"pos_rank":null,"opp_rank_vs_pos":24,"game_status":"active","score":{"tm":26,"opp":23,"r":"W"}}]