{"neighbors":[{"id":"5154","name":"Trent Sherfield","slug":"trent-sherfield","team":"NE","position":"WR","posRank":196,"ppg":0.2},{"id":"10234","name":"Derius Davis","slug":"derius-davis","team":"LAC","position":"WR","posRank":197,"ppg":0.2},{"id":"6386","name":"Alex Bachman","slug":"alex-bachman","team":"LV","position":"WR","posRank":198,"ppg":0.1},{"id":"12505","name":"Jalen Royals","slug":"jalen-royals","team":"KC","position":"WR","posRank":200,"ppg":0.1},{"id":"3155","name":"Laquon Treadwell","slug":"laquon-treadwell","team":"IND","position":"WR","posRank":201,"ppg":0},{"id":"7812","name":"Simi Fehoko","slug":"simi-fehoko","team":"ARI","position":"WR","posRank":202,"ppg":0}],"currentRank":199,"season":2025,"format":"standard","position":"WR"}