{"neighbors":[{"id":"10225","name":"Jonathan Mingo","slug":"jonathan-mingo","team":"DAL","position":"WR","posRank":191,"ppg":0.6},{"id":"12889","name":"Beaux Collins","slug":"beaux-collins","team":"NYG","position":"WR","posRank":192,"ppg":0.6},{"id":"11320","name":"Nikko Remigio","slug":"nikko-remigio","team":"KC","position":"WR","posRank":193,"ppg":0.5},{"id":"5154","name":"Trent Sherfield","slug":"trent-sherfield","team":"NE","position":"WR","posRank":195,"ppg":0.4},{"id":"10867","name":"Jake Bobo","slug":"jake-bobo","team":"SEA","position":"WR","posRank":196,"ppg":0.4},{"id":"12971","name":"Ke'Shawn Williams","slug":"keshawn-williams","team":"CIN","position":"WR","posRank":197,"ppg":0.4}],"currentRank":194,"season":2025,"format":"ppr","position":"WR"}