[{"week":1,"opp":"WAS","stats":{"pts_ppr":0,"pts_half_ppr":null,"off_snp":2,"tm_off_snp":68,"rec_tgt":0,"rec":0,"rec_yd":0,"rec_td":0,"rush_att":0,"rush_yd":0,"rush_td":0,"target_share":0,"team_pass_rate":61.7,"team_tgt":37,"team_pass_att":37},"pos_rank":152,"opp_rank_vs_pos":26,"game_status":"active","score":{"tm":6,"opp":21,"r":"L"}},{"week":2,"opp":"DAL","stats":{"pts_ppr":0,"pts_half_ppr":null,"off_snp":0,"tm_off_snp":67,"rec_tgt":0,"rec":0,"rec_yd":0,"rec_td":0,"rush_att":0,"rush_yd":0,"rush_td":0,"target_share":0,"team_pass_rate":66.1,"team_tgt":41,"team_pass_att":41},"pos_rank":null,"opp_rank_vs_pos":32,"game_status":"active","score":{"tm":37,"opp":40,"r":"L"}},{"week":3,"opp":"KC","stats":{"pts_ppr":0,"pts_half_ppr":null,"off_snp":9,"tm_off_snp":66,"rec_tgt":0,"rec":0,"rec_yd":0,"rec_td":0,"rush_att":0,"rush_yd":0,"rush_td":0,"target_share":0,"team_pass_rate":54.2,"team_tgt":33,"team_pass_att":32},"pos_rank":156,"opp_rank_vs_pos":2,"game_status":"active","score":{"tm":9,"opp":22,"r":"L"}},{"week":4,"opp":"LAC","stats":{"pts_ppr":0,"pts_half_ppr":null,"off_snp":21,"tm_off_snp":76,"rec_tgt":0,"rec":0,"rec_yd":0,"rec_td":0,"rush_att":0,"rush_yd":0,"rush_td":0,"target_share":0,"team_pass_rate":33.3,"team_tgt":20,"team_pass_att":21},"pos_rank":150,"opp_rank_vs_pos":10,"game_status":"active","score":{"tm":21,"opp":18,"r":"W"}},{"week":5,"opp":"NO","stats":{"pts_ppr":1.7,"pts_half_ppr":1.2,"off_snp":28,"tm_off_snp":73,"rec_tgt":3,"rec":1,"rec_yd":7,"rec_td":0,"rush_att":0,"rush_yd":0,"rush_td":0,"target_share":7.3,"team_pass_rate":58,"team_tgt":41,"team_pass_att":40},"pos_rank":95,"opp_rank_vs_pos":12,"game_status":"active","score":{"tm":14,"opp":26,"r":"L"}},{"week":6,"opp":"PHI","stats":{"pts_ppr":0,"pts_half_ppr":null,"off_snp":4,"tm_off_snp":66,"rec_tgt":0,"rec":0,"rec_yd":0,"rec_td":0,"rush_att":0,"rush_yd":0,"rush_td":0,"target_share":0,"team_pass_rate":40,"team_tgt":19,"team_pass_att":26},"pos_rank":145,"opp_rank_vs_pos":6,"game_status":"active","score":{"tm":34,"opp":17,"r":"W"}},{"week":7,"opp":"DEN","stats":{"pts_ppr":0,"pts_half_ppr":null,"off_snp":6,"tm_off_snp":77,"rec_tgt":1,"rec":0,"rec_yd":0,"rec_td":0,"rush_att":0,"rush_yd":0,"rush_td":0,"target_share":2.9,"team_pass_rate":50.8,"team_tgt":35,"team_pass_att":33},"pos_rank":143,"opp_rank_vs_pos":1,"game_status":"active","score":{"tm":32,"opp":33,"r":"L"}},{"week":8,"opp":"PHI","stats":{"pts_ppr":2.8,"pts_half_ppr":2.3,"off_snp":12,"tm_off_snp":52,"rec_tgt":2,"rec":1,"rec_yd":18,"rec_td":0,"rush_att":0,"rush_yd":0,"rush_td":0,"target_share":8,"team_pass_rate":53.3,"team_tgt":25,"team_pass_att":24},"pos_rank":71,"opp_rank_vs_pos":6,"game_status":"active","score":{"tm":20,"opp":38,"r":"L"}},{"week":9,"opp":"SF","stats":{"pts_ppr":0,"pts_half_ppr":null,"off_snp":2,"tm_off_snp":57,"rec_tgt":0,"rec":0,"rec_yd":0,"rec_td":0,"rush_att":0,"rush_yd":0,"rush_td":0,"target_share":0,"team_pass_rate":61.1,"team_tgt":32,"team_pass_att":33},"pos_rank":135,"opp_rank_vs_pos":21,"game_status":"active","score":{"tm":24,"opp":34,"r":"L"}},{"week":10,"opp":"—","stats":{"pts_ppr":0},"game_status":"out"},{"week":11,"opp":"—","stats":{"pts_ppr":0},"game_status":"out"},{"week":12,"opp":"—","stats":{"pts_ppr":0},"game_status":"out"},{"week":13,"opp":"—","stats":{"pts_ppr":0},"game_status":"out"},{"week":14,"opp":"BYE","stats":{"pts_ppr":0},"game_status":"bye"},{"week":15,"opp":"—","stats":{"pts_ppr":0},"game_status":"out"},{"week":16,"opp":"—","stats":{"pts_ppr":0},"game_status":"out"},{"week":17,"opp":"—","stats":{"pts_ppr":0},"game_status":"out"},{"week":18,"opp":"—","stats":{"pts_ppr":0},"game_status":"out"}]