{"neighbors":[{"id":"8013","name":"Tim Jones","slug":"tim-jones","team":"JAX","position":"WR","posRank":189,"ppg":0.6},{"id":"5773","name":"KhaDarel Hodge","slug":"khadarel-hodge","team":"ATL","position":"WR","posRank":190,"ppg":0.6},{"id":"10225","name":"Jonathan Mingo","slug":"jonathan-mingo","team":"DAL","position":"WR","posRank":191,"ppg":0.6},{"id":"11320","name":"Nikko Remigio","slug":"nikko-remigio","team":"KC","position":"WR","posRank":193,"ppg":0.5},{"id":"11762","name":"Anthony Gould","slug":"anthony-gould","team":"IND","position":"WR","posRank":194,"ppg":0.4},{"id":"5154","name":"Trent Sherfield","slug":"trent-sherfield","team":"NE","position":"WR","posRank":195,"ppg":0.4}],"currentRank":192,"season":2025,"format":"ppr","position":"WR"}