{"id":"3202","name":"Austin Hooper","slug":"austin-hooper","position":"TE","team":"NE","status":"Active","injury_status":null,"age":31,"height":"76","weight":"254","number":81,"depth_chart_order":2,"years_exp":10,"headshotUrl":null,"season":2025,"seasonLabel":"2025 Season Final","seasonRank":49,"trends":{"weeklyFantasyPoints":[2,6.8,4.8,3.4,0,1.5,9.1,5.8,3,0,6.9,0,0,5.4,9.1,1.5]},"gameLog":[{"week":1,"opp":"LV","stats":{"pts_ppr":2,"pts_half_ppr":1.5,"off_snp":23,"tm_off_snp":71,"rec_tgt":1,"rec":1,"rec_yd":10,"rec_td":0,"rush_att":0,"rush_yd":0,"rush_td":0,"target_share":2.2,"team_pass_rate":71.9,"team_tgt":45,"team_pass_att":46},"pos_rank":44,"opp_rank_vs_pos":4,"game_status":"active","score":{"tm":13,"opp":20,"r":"L"}},{"week":2,"opp":"MIA","stats":{"pts_ppr":6.8,"pts_half_ppr":5.3,"off_snp":37,"tm_off_snp":60,"rec_tgt":3,"rec":3,"rec_yd":38,"rec_td":0,"rush_att":0,"rush_yd":0,"rush_td":0,"target_share":12.5,"team_pass_rate":41.8,"team_tgt":24,"team_pass_att":23},"pos_rank":24,"opp_rank_vs_pos":30,"game_status":"active","score":{"tm":33,"opp":27,"r":"W"}},{"week":3,"opp":"PIT","stats":{"pts_ppr":4.8,"pts_half_ppr":3.8,"off_snp":48,"tm_off_snp":74,"rec_tgt":3,"rec":2,"rec_yd":28,"rec_td":0,"rush_att":0,"rush_yd":0,"rush_td":0,"target_share":8.3,"team_pass_rate":56.1,"team_tgt":36,"team_pass_att":37},"pos_rank":32,"opp_rank_vs_pos":31,"game_status":"active","score":{"tm":14,"opp":21,"r":"L"}},{"week":4,"opp":"CAR","stats":{"pts_ppr":3.4,"pts_half_ppr":2.9,"off_snp":32,"tm_off_snp":49,"rec_tgt":1,"rec":1,"rec_yd":24,"rec_td":0,"rush_att":0,"rush_yd":0,"rush_td":0,"target_share":5.9,"team_pass_rate":38.3,"team_tgt":17,"team_pass_att":18},"pos_rank":37,"opp_rank_vs_pos":21,"game_status":"active","score":{"tm":42,"opp":13,"r":"W"}},{"week":5,"opp":"BUF","stats":{"pts_ppr":0,"pts_half_ppr":null,"off_snp":34,"tm_off_snp":60,"rec_tgt":0,"rec":0,"rec_yd":0,"rec_td":0,"rush_att":0,"rush_yd":0,"rush_td":0,"target_share":0,"team_pass_rate":57.7,"team_tgt":30,"team_pass_att":30},"pos_rank":60,"opp_rank_vs_pos":1,"game_status":"active","score":{"tm":23,"opp":20,"r":"W"}},{"week":6,"opp":"NO","stats":{"pts_ppr":1.5,"pts_half_ppr":1,"off_snp":41,"tm_off_snp":64,"rec_tgt":1,"rec":1,"rec_yd":5,"rec_td":0,"rush_att":0,"rush_yd":0,"rush_td":0,"target_share":4.2,"team_pass_rate":45.6,"team_tgt":24,"team_pass_att":26},"pos_rank":52,"opp_rank_vs_pos":11,"game_status":"active","score":{"tm":25,"opp":19,"r":"W"}},{"week":7,"opp":"TEN","stats":{"pts_ppr":9.1,"pts_half_ppr":8.1,"off_snp":33,"tm_off_snp":65,"rec_tgt":2,"rec":2,"rec_yd":11,"rec_td":1,"rush_att":0,"rush_yd":0,"rush_td":0,"target_share":8.3,"team_pass_rate":39.3,"team_tgt":24,"team_pass_att":24},"pos_rank":20,"opp_rank_vs_pos":19,"game_status":"active","score":{"tm":31,"opp":13,"r":"W"}},{"week":8,"opp":"CLE","stats":{"pts_ppr":5.8,"pts_half_ppr":4.8,"off_snp":39,"tm_off_snp":68,"rec_tgt":2,"rec":2,"rec_yd":38,"rec_td":0,"rush_att":0,"rush_yd":0,"rush_td":0,"target_share":8.7,"team_pass_rate":40.7,"team_tgt":23,"team_pass_att":24},"pos_rank":22,"opp_rank_vs_pos":12,"game_status":"active","score":{"tm":32,"opp":13,"r":"W"}},{"week":9,"opp":"ATL","stats":{"pts_ppr":3,"pts_half_ppr":2.5,"off_snp":36,"tm_off_snp":68,"rec_tgt":1,"rec":1,"rec_yd":20,"rec_td":0,"rush_att":0,"rush_yd":0,"rush_td":0,"target_share":3.6,"team_pass_rate":46.8,"team_tgt":28,"team_pass_att":29},"pos_rank":39,"opp_rank_vs_pos":3,"game_status":"active","score":{"tm":24,"opp":23,"r":"W"}},{"week":10,"opp":"TB","stats":{"pts_ppr":0,"pts_half_ppr":null,"off_snp":34,"tm_off_snp":61,"rec_tgt":1,"rec":0,"rec_yd":0,"rec_td":0,"rush_att":0,"rush_yd":0,"rush_td":0,"target_share":3.4,"team_pass_rate":53.4,"team_tgt":29,"team_pass_att":31},"pos_rank":57,"opp_rank_vs_pos":25,"game_status":"active","score":{"tm":28,"opp":23,"r":"W"}},{"week":11,"opp":"—","stats":{"pts_ppr":0},"game_status":"out"},{"week":12,"opp":"CIN","stats":{"pts_ppr":6.9,"pts_half_ppr":5.4,"off_snp":40,"tm_off_snp":71,"rec_tgt":4,"rec":3,"rec_yd":39,"rec_td":0,"rush_att":0,"rush_yd":0,"rush_td":0,"target_share":12.1,"team_pass_rate":53,"team_tgt":33,"team_pass_att":35},"pos_rank":21,"opp_rank_vs_pos":32,"game_status":"active","score":{"tm":26,"opp":20,"r":"W"}},{"week":13,"opp":"NYG","stats":{"pts_ppr":0,"pts_half_ppr":null,"off_snp":25,"tm_off_snp":65,"rec_tgt":0,"rec":0,"rec_yd":0,"rec_td":0,"rush_att":0,"rush_yd":0,"rush_td":0,"target_share":0,"team_pass_rate":51.7,"team_tgt":30,"team_pass_att":31},"pos_rank":62,"opp_rank_vs_pos":7,"game_status":"active","score":{"tm":33,"opp":15,"r":"W"}},{"week":14,"opp":"BYE","stats":{"pts_ppr":0},"game_status":"bye"},{"week":15,"opp":"BUF","stats":{"pts_ppr":0,"pts_half_ppr":null,"off_snp":16,"tm_off_snp":52,"rec_tgt":0,"rec":0,"rec_yd":0,"rec_td":0,"rush_att":0,"rush_yd":0,"rush_td":0,"target_share":0,"team_pass_rate":47.9,"team_tgt":22,"team_pass_att":23},"pos_rank":61,"opp_rank_vs_pos":1,"game_status":"active","score":{"tm":31,"opp":35,"r":"L"}},{"week":16,"opp":"BAL","stats":{"pts_ppr":5.4,"pts_half_ppr":4.4,"off_snp":23,"tm_off_snp":74,"rec_tgt":4,"rec":2,"rec_yd":34,"rec_td":0,"rush_att":0,"rush_yd":0,"rush_td":0,"target_share":9.5,"team_pass_rate":65.7,"team_tgt":42,"team_pass_att":44},"pos_rank":28,"opp_rank_vs_pos":8,"game_status":"active","score":{"tm":28,"opp":24,"r":"W"}},{"week":17,"opp":"NYJ","stats":{"pts_ppr":9.1,"pts_half_ppr":8.1,"off_snp":27,"tm_off_snp":66,"rec_tgt":2,"rec":2,"rec_yd":11,"rec_td":1,"rush_att":0,"rush_yd":0,"rush_td":0,"target_share":8,"team_pass_rate":41,"team_tgt":25,"team_pass_att":25},"pos_rank":18,"opp_rank_vs_pos":20,"game_status":"active","score":{"tm":42,"opp":10,"r":"W"}},{"week":18,"opp":"MIA","stats":{"pts_ppr":1.5,"pts_half_ppr":1,"off_snp":0,"tm_off_snp":0,"rec_tgt":1,"rec":1,"rec_yd":5,"rec_td":0,"rush_att":0,"rush_yd":0,"rush_td":0,"target_share":5,"team_pass_rate":39.3,"team_tgt":20,"team_pass_att":22},"pos_rank":56,"opp_rank_vs_pos":30,"game_status":"active","score":{"tm":38,"opp":10,"r":"W"}}],"news":[],"availableSeasons":[2025,2024,2023],"multiSeasonStats":[{"season":2025,"ppg":3.70625,"gamesPlayed":16,"pos1Pct":0,"pos2Pct":31.25,"pos3Pct":12.5,"bustPct":56.25},{"season":2024,"ppg":6.3882352941176475,"gamesPlayed":17,"pos1Pct":17.647058823529413,"pos2Pct":35.294117647058826,"pos3Pct":11.76470588235294,"bustPct":35.294117647058826},{"season":2023,"ppg":2.8470588235294114,"gamesPlayed":17,"pos1Pct":0,"pos2Pct":5.88235294117647,"pos3Pct":23.52941176470588,"bustPct":70.58823529411765}],"careerProfile":{"ppg":4.3260000000000005,"gamesPlayed":50,"maxGames":51,"durabilityPct":98.0392156862745,"pos1Pct":6,"pos2Pct":24,"pos3Pct":16,"bustPct":54,"volatility":3.645450617424632,"volatilityLabel":"Low","seasons":3,"seasonPpgs":[{"season":2025,"ppg":3.70625},{"season":2024,"ppg":6.3882352941176475},{"season":2023,"ppg":2.8470588235294114}],"smallSample":false},"dynasty":null,"productionRiskBenchmarks":{"position":"TE","season":2025,"qualifiedThreshold":20,"posAvg":{"yardsPerCatch":10.353010625737898,"catchPct":72.70386266094421,"tdPerTarget":5.836909871244635,"fpPerUsage":null},"posStdDev":{"tdPerTarget":3.750250597745987},"percentile":{"yardsPerCatch":89,"catchPct":91,"tdPerTarget":69,"fpPerUsage":null},"playerQualified":true}}