[{"week":1,"opp":"NYJ","stats":{"pts_ppr":10.2,"pts_half_ppr":9.7,"off_snp":10,"tm_off_snp":56,"rec_tgt":1,"rec":1,"rec_yd":22,"rec_td":1,"rush_att":0,"rush_yd":0,"rush_td":0,"target_share":3.4,"team_pass_rate":60,"team_tgt":29,"team_pass_att":30},"pos_rank":37,"opp_rank_vs_pos":16,"game_status":"active","score":{"tm":34,"opp":32,"r":"W"}},{"week":2,"opp":"SEA","stats":{"pts_ppr":0,"pts_half_ppr":null,"off_snp":3,"tm_off_snp":62,"rec_tgt":0,"rec":0,"rec_yd":0,"rec_td":0,"rush_att":0,"rush_yd":0,"rush_td":0,"target_share":0,"team_pass_rate":62.5,"team_tgt":32,"team_pass_att":35},"pos_rank":135,"opp_rank_vs_pos":8,"game_status":"active","score":{"tm":17,"opp":31,"r":"L"}},{"week":3,"opp":"NE","stats":{"pts_ppr":0,"pts_half_ppr":null,"off_snp":4,"tm_off_snp":54,"rec_tgt":0,"rec":0,"rec_yd":0,"rec_td":0,"rush_att":0,"rush_yd":0,"rush_td":0,"target_share":0,"team_pass_rate":46.9,"team_tgt":23,"team_pass_att":23},"pos_rank":133,"opp_rank_vs_pos":14,"game_status":"active","score":{"tm":21,"opp":14,"r":"W"}},{"week":4,"opp":"MIN","stats":{"pts_ppr":0,"pts_half_ppr":null,"off_snp":18,"tm_off_snp":53,"rec_tgt":1,"rec":0,"rec_yd":0,"rec_td":0,"rush_att":0,"rush_yd":0,"rush_td":0,"target_share":4.5,"team_pass_rate":43.1,"team_tgt":22,"team_pass_att":22},"pos_rank":123,"opp_rank_vs_pos":2,"game_status":"active","score":{"tm":24,"opp":21,"r":"W"}},{"week":5,"opp":"BYE","stats":{"pts_ppr":0},"game_status":"bye"},{"week":6,"opp":"CLE","stats":{"pts_ppr":0,"pts_half_ppr":null,"off_snp":10,"tm_off_snp":59,"rec_tgt":0,"rec":0,"rec_yd":0,"rec_td":0,"rush_att":0,"rush_yd":0,"rush_td":0,"target_share":0,"team_pass_rate":51.7,"team_tgt":32,"team_pass_att":30},"pos_rank":115,"opp_rank_vs_pos":10,"game_status":"active","score":{"tm":23,"opp":9,"r":"W"}},{"week":7,"opp":"CIN","stats":{"pts_ppr":0,"pts_half_ppr":null,"off_snp":6,"tm_off_snp":57,"rec_tgt":0,"rec":0,"rec_yd":0,"rec_td":0,"rush_att":0,"rush_yd":0,"rush_td":0,"target_share":0,"team_pass_rate":63,"team_tgt":33,"team_pass_att":34},"pos_rank":115,"opp_rank_vs_pos":3,"game_status":"active","score":{"tm":31,"opp":33,"r":"L"}},{"week":8,"opp":"GB","stats":{"pts_ppr":2.3,"pts_half_ppr":1.8,"off_snp":11,"tm_off_snp":63,"rec_tgt":1,"rec":1,"rec_yd":13,"rec_td":0,"rush_att":0,"rush_yd":0,"rush_td":0,"target_share":3.2,"team_pass_rate":66.7,"team_tgt":31,"team_pass_att":36},"pos_rank":78,"opp_rank_vs_pos":23,"game_status":"active","score":{"tm":25,"opp":35,"r":"L"}},{"week":9,"opp":"IND","stats":{"pts_ppr":0,"pts_half_ppr":null,"off_snp":22,"tm_off_snp":62,"rec_tgt":0,"rec":0,"rec_yd":0,"rec_td":0,"rush_att":0,"rush_yd":0,"rush_td":0,"target_share":0,"team_pass_rate":60.3,"team_tgt":35,"team_pass_att":35},"pos_rank":114,"opp_rank_vs_pos":27,"game_status":"active","score":{"tm":27,"opp":20,"r":"W"}},{"week":10,"opp":"LAC","stats":{"pts_ppr":0,"pts_half_ppr":null,"off_snp":8,"tm_off_snp":52,"rec_tgt":0,"rec":0,"rec_yd":0,"rec_td":0,"rush_att":0,"rush_yd":0,"rush_td":0,"target_share":0,"team_pass_rate":66,"team_tgt":28,"team_pass_att":31},"pos_rank":112,"opp_rank_vs_pos":12,"game_status":"active","score":{"tm":10,"opp":25,"r":"L"}},{"week":11,"opp":"CIN","stats":{"pts_ppr":0,"pts_half_ppr":null,"off_snp":15,"tm_off_snp":65,"rec_tgt":0,"rec":0,"rec_yd":0,"rec_td":0,"rush_att":0,"rush_yd":0,"rush_td":0,"target_share":0,"team_pass_rate":52.5,"team_tgt":29,"team_pass_att":31},"pos_rank":122,"opp_rank_vs_pos":3,"game_status":"active","score":{"tm":34,"opp":12,"r":"W"}},{"week":12,"opp":"CHI","stats":{"pts_ppr":3.1,"pts_half_ppr":2.6,"off_snp":26,"tm_off_snp":72,"rec_tgt":1,"rec":1,"rec_yd":21,"rec_td":0,"rush_att":0,"rush_yd":0,"rush_td":0,"target_share":3.2,"team_pass_rate":46.3,"team_tgt":31,"team_pass_att":31},"pos_rank":73,"opp_rank_vs_pos":30,"game_status":"active","score":{"tm":28,"opp":31,"r":"L"}},{"week":13,"opp":"BUF","stats":{"pts_ppr":0,"pts_half_ppr":null,"off_snp":4,"tm_off_snp":43,"rec_tgt":1,"rec":0,"rec_yd":0,"rec_td":0,"rush_att":0,"rush_yd":0,"rush_td":0,"target_share":4.5,"team_pass_rate":57.1,"team_tgt":22,"team_pass_att":24},"pos_rank":121,"opp_rank_vs_pos":5,"game_status":"active","score":{"tm":7,"opp":26,"r":"L"}},{"week":14,"opp":"BAL","stats":{"pts_ppr":2.3,"pts_half_ppr":1.8,"off_snp":9,"tm_off_snp":52,"rec_tgt":1,"rec":1,"rec_yd":13,"rec_td":0,"rush_att":0,"rush_yd":0,"rush_td":0,"target_share":3.2,"team_pass_rate":66.7,"team_tgt":31,"team_pass_att":34},"pos_rank":83,"opp_rank_vs_pos":26,"game_status":"active","score":{"tm":27,"opp":22,"r":"W"}},{"week":15,"opp":"MIA","stats":{"pts_ppr":0,"pts_half_ppr":null,"off_snp":4,"tm_off_snp":66,"rec_tgt":0,"rec":0,"rec_yd":0,"rec_td":0,"rush_att":0,"rush_yd":0,"rush_td":0,"target_share":0,"team_pass_rate":45.8,"team_tgt":26,"team_pass_att":27},"pos_rank":123,"opp_rank_vs_pos":13,"game_status":"active","score":{"tm":28,"opp":15,"r":"W"}},{"week":16,"opp":"DET","stats":{"pts_ppr":0,"pts_half_ppr":null,"off_snp":1,"tm_off_snp":74,"rec_tgt":0,"rec":0,"rec_yd":0,"rec_td":0,"rush_att":0,"rush_yd":0,"rush_td":0,"target_share":0,"team_pass_rate":60.3,"team_tgt":34,"team_pass_att":41},"pos_rank":137,"opp_rank_vs_pos":29,"game_status":"active","score":{"tm":29,"opp":24,"r":"W"}},{"week":17,"opp":"CLE","stats":{"pts_ppr":0,"pts_half_ppr":null,"off_snp":0,"tm_off_snp":66,"rec_tgt":0,"rec":0,"rec_yd":0,"rec_td":0,"rush_att":0,"rush_yd":0,"rush_td":0,"target_share":0,"team_pass_rate":61.9,"team_tgt":32,"team_pass_att":39},"pos_rank":null,"opp_rank_vs_pos":10,"game_status":"active","score":{"tm":6,"opp":13,"r":"L"}},{"week":18,"opp":"BAL","stats":{"pts_ppr":0,"pts_half_ppr":null,"off_snp":0,"tm_off_snp":0,"rec_tgt":0,"rec":0,"rec_yd":0,"rec_td":0,"rush_att":0,"rush_yd":0,"rush_td":0,"target_share":0,"team_pass_rate":66.2,"team_tgt":38,"team_pass_att":47},"pos_rank":null,"opp_rank_vs_pos":26,"game_status":"active","score":{"tm":26,"opp":24,"r":"W"}}]