[{"week":1,"opp":"SEA","stats":{"pts_ppr":0,"pts_half_ppr":null,"off_snp":21,"tm_off_snp":81,"rec_tgt":2,"rec":0,"rec_yd":0,"rec_td":0,"rush_att":0,"rush_yd":0,"rush_td":0,"target_share":5.6,"team_pass_rate":5.6,"team_tgt":36,"team_pass_att":1},"pos_rank":137,"opp_rank_vs_pos":20,"game_status":"active","score":{"tm":7,"opp":30,"r":"L"}},{"week":2,"opp":"SF","stats":{"pts_ppr":3.1,"pts_half_ppr":2.6,"off_snp":20,"tm_off_snp":80,"rec_tgt":1,"rec":1,"rec_yd":10,"rec_td":0,"rush_att":1,"rush_yd":11,"rush_td":0,"target_share":3.4,"team_pass_rate":0,"team_tgt":29,"team_pass_att":0},"pos_rank":88,"opp_rank_vs_pos":11,"game_status":"active","score":{"tm":26,"opp":22,"r":"W"}},{"week":3,"opp":"CIN","stats":{"pts_ppr":1.3,"pts_half_ppr":0.8,"off_snp":12,"tm_off_snp":55,"rec_tgt":1,"rec":1,"rec_yd":3,"rec_td":0,"rush_att":0,"rush_yd":0,"rush_td":0,"target_share":2.6,"team_pass_rate":0,"team_tgt":39,"team_pass_att":0},"pos_rank":112,"opp_rank_vs_pos":24,"game_status":"active","score":{"tm":23,"opp":18,"r":"W"}},{"week":4,"opp":"IND","stats":{"pts_ppr":0,"pts_half_ppr":null,"off_snp":22,"tm_off_snp":82,"rec_tgt":0,"rec":0,"rec_yd":0,"rec_td":0,"rush_att":0,"rush_yd":0,"rush_td":0,"target_share":0,"team_pass_rate":0,"team_tgt":31,"team_pass_att":0},"pos_rank":143,"opp_rank_vs_pos":18,"game_status":"active","score":{"tm":6,"opp":30,"r":"L"}},{"week":5,"opp":"PHI","stats":{"pts_ppr":0,"pts_half_ppr":null,"off_snp":6,"tm_off_snp":56,"rec_tgt":1,"rec":0,"rec_yd":0,"rec_td":0,"rush_att":0,"rush_yd":0,"rush_td":0,"target_share":4.2,"team_pass_rate":0,"team_tgt":24,"team_pass_att":0},"pos_rank":125,"opp_rank_vs_pos":31,"game_status":"active","score":{"tm":17,"opp":10,"r":"W"}},{"week":6,"opp":"ARI","stats":{"pts_ppr":0,"pts_half_ppr":null,"off_snp":3,"tm_off_snp":57,"rec_tgt":0,"rec":0,"rec_yd":0,"rec_td":0,"rush_att":0,"rush_yd":0,"rush_td":0,"target_share":0,"team_pass_rate":0,"team_tgt":22,"team_pass_att":0},"pos_rank":134,"opp_rank_vs_pos":17,"game_status":"active","score":null},{"week":7,"opp":"PIT","stats":{"pts_ppr":0,"pts_half_ppr":null,"off_snp":13,"tm_off_snp":68,"rec_tgt":0,"rec":0,"rec_yd":0,"rec_td":0,"rush_att":0,"rush_yd":0,"rush_td":0,"target_share":0,"team_pass_rate":0,"team_tgt":17,"team_pass_att":0},"pos_rank":117,"opp_rank_vs_pos":21,"game_status":"active","score":{"tm":24,"opp":17,"r":"W"}},{"week":8,"opp":"DAL","stats":{"pts_ppr":9,"pts_half_ppr":8.5,"off_snp":5,"tm_off_snp":62,"rec_tgt":1,"rec":1,"rec_yd":20,"rec_td":1,"rush_att":0,"rush_yd":0,"rush_td":0,"target_share":2.2,"team_pass_rate":0,"team_tgt":45,"team_pass_att":0},"pos_rank":37,"opp_rank_vs_pos":5,"game_status":"active","score":{"tm":10,"opp":20,"r":"L"}},{"week":9,"opp":"GB","stats":{"pts_ppr":-0.2,"pts_half_ppr":-0.2,"off_snp":15,"tm_off_snp":58,"rec_tgt":0,"rec":0,"rec_yd":0,"rec_td":0,"rush_att":1,"rush_yd":-2,"rush_td":0,"target_share":0,"team_pass_rate":0,"team_tgt":24,"team_pass_att":0},"pos_rank":139,"opp_rank_vs_pos":10,"game_status":"active","score":{"tm":20,"opp":16,"r":"W"}},{"week":10,"opp":"—","stats":{"pts_ppr":0},"game_status":"out"},{"week":11,"opp":"SEA","stats":{"pts_ppr":0,"pts_half_ppr":null,"off_snp":9,"tm_off_snp":67,"rec_tgt":0,"rec":0,"rec_yd":0,"rec_td":0,"rush_att":0,"rush_yd":0,"rush_td":0,"target_share":0,"team_pass_rate":0,"team_tgt":24,"team_pass_att":0},"pos_rank":126,"opp_rank_vs_pos":20,"game_status":"active","score":{"tm":10,"opp":13,"r":"L"}},{"week":12,"opp":"ARI","stats":{"pts_ppr":0.9,"pts_half_ppr":0.4,"off_snp":14,"tm_off_snp":67,"rec_tgt":1,"rec":1,"rec_yd":-1,"rec_td":0,"rush_att":0,"rush_yd":0,"rush_td":0,"target_share":2.8,"team_pass_rate":0,"team_tgt":36,"team_pass_att":0},"pos_rank":165,"opp_rank_vs_pos":17,"game_status":"active","score":{"tm":16,"opp":10,"r":"W"}},{"week":13,"opp":"CLE","stats":{"pts_ppr":3.2,"pts_half_ppr":2.2,"off_snp":24,"tm_off_snp":64,"rec_tgt":3,"rec":2,"rec_yd":12,"rec_td":0,"rush_att":0,"rush_yd":0,"rush_td":0,"target_share":7,"team_pass_rate":0,"team_tgt":43,"team_pass_att":0},"pos_rank":73,"opp_rank_vs_pos":4,"game_status":"active","score":{"tm":10,"opp":24,"r":"L"}},{"week":14,"opp":"BAL","stats":{"pts_ppr":0,"pts_half_ppr":null,"off_snp":6,"tm_off_snp":77,"rec_tgt":0,"rec":0,"rec_yd":0,"rec_td":0,"rush_att":0,"rush_yd":0,"rush_td":0,"target_share":0,"team_pass_rate":0,"team_tgt":38,"team_pass_att":0},"pos_rank":133,"opp_rank_vs_pos":6,"game_status":"active","score":{"tm":18,"opp":21,"r":"L"}},{"week":15,"opp":"WAS","stats":{"pts_ppr":0,"pts_half_ppr":null,"off_snp":3,"tm_off_snp":75,"rec_tgt":0,"rec":0,"rec_yd":0,"rec_td":0,"rush_att":0,"rush_yd":0,"rush_td":0,"target_share":0,"team_pass_rate":15.8,"team_tgt":22,"team_pass_att":3},"pos_rank":145,"opp_rank_vs_pos":32,"game_status":"active","score":{"tm":13,"opp":30,"r":"L"}},{"week":16,"opp":"NO","stats":{"pts_ppr":0,"pts_half_ppr":null,"off_snp":1,"tm_off_snp":70,"rec_tgt":0,"rec":0,"rec_yd":0,"rec_td":0,"rush_att":0,"rush_yd":0,"rush_td":0,"target_share":0,"team_pass_rate":61.4,"team_tgt":27,"team_pass_att":27},"pos_rank":148,"opp_rank_vs_pos":9,"game_status":"active","score":{"tm":34,"opp":11,"r":"W"}},{"week":17,"opp":"NYG","stats":{"pts_ppr":0,"pts_half_ppr":null,"off_snp":1,"tm_off_snp":62,"rec_tgt":0,"rec":0,"rec_yd":0,"rec_td":0,"rush_att":0,"rush_yd":0,"rush_td":0,"target_share":0,"team_pass_rate":53.3,"team_tgt":29,"team_pass_att":24},"pos_rank":144,"opp_rank_vs_pos":28,"game_status":"active","score":{"tm":30,"opp":23,"r":"W"}},{"week":18,"opp":"SF","stats":{"pts_ppr":4.2,"pts_half_ppr":3.2,"off_snp":41,"tm_off_snp":67,"rec_tgt":2,"rec":2,"rec_yd":22,"rec_td":0,"rush_att":0,"rush_yd":0,"rush_td":0,"target_share":6.3,"team_pass_rate":51.3,"team_tgt":32,"team_pass_att":20},"pos_rank":71,"opp_rank_vs_pos":11,"game_status":"active","score":{"tm":17,"opp":10,"r":"W"}}]