[{"week":1,"opp":"LAR","stats":{"pts_ppr":4.3,"pts_half_ppr":2.8,"off_snp":60,"tm_off_snp":61,"rec_tgt":6,"rec":3,"rec_yd":13,"rec_td":0,"rush_att":0,"rush_yd":0,"rush_td":0,"target_share":21.4,"team_pass_rate":47.5,"team_tgt":28,"team_pass_att":28},"pos_rank":77,"opp_rank_vs_pos":26,"game_status":"active","score":{"tm":26,"opp":20,"r":"W"}},{"week":2,"opp":"TB","stats":{"pts_ppr":22.9,"pts_half_ppr":17.4,"off_snp":79,"tm_off_snp":85,"rec_tgt":18,"rec":11,"rec_yd":119,"rec_td":0,"rush_att":0,"rush_yd":0,"rush_td":0,"target_share":36.7,"team_pass_rate":67.1,"team_tgt":49,"team_pass_att":55},"pos_rank":13,"opp_rank_vs_pos":29,"game_status":"active","score":{"tm":16,"opp":20,"r":"L"}},{"week":3,"opp":"ARI","stats":{"pts_ppr":20.5,"pts_half_ppr":17,"off_snp":65,"tm_off_snp":68,"rec_tgt":8,"rec":7,"rec_yd":75,"rec_td":1,"rush_att":0,"rush_yd":0,"rush_td":0,"target_share":38.1,"team_pass_rate":34.8,"team_tgt":21,"team_pass_att":23},"pos_rank":15,"opp_rank_vs_pos":10,"game_status":"active","score":{"tm":20,"opp":13,"r":"W"}},{"week":4,"opp":"SEA","stats":{"pts_ppr":20.78,"pts_half_ppr":17.78,"off_snp":47,"tm_off_snp":53,"rec_tgt":6,"rec":6,"rec_yd":45,"rec_td":1,"rush_att":0,"rush_yd":0,"rush_td":0,"target_share":37.5,"team_pass_rate":39.1,"team_tgt":16,"team_pass_att":18},"pos_rank":10,"opp_rank_vs_pos":20,"game_status":"active","score":{"tm":42,"opp":29,"r":"W"}},{"week":5,"opp":"BYE","stats":{"pts_ppr":0},"game_status":"bye"},{"week":6,"opp":"DAL","stats":{"pts_ppr":13.7,"pts_half_ppr":11.7,"off_snp":43,"tm_off_snp":68,"rec_tgt":4,"rec":4,"rec_yd":37,"rec_td":1,"rush_att":0,"rush_yd":0,"rush_td":0,"target_share":18.2,"team_pass_rate":46.3,"team_tgt":22,"team_pass_att":25},"pos_rank":26,"opp_rank_vs_pos":28,"game_status":"active","score":{"tm":47,"opp":9,"r":"W"}},{"week":7,"opp":"MIN","stats":{"pts_ppr":25.2,"pts_half_ppr":21.2,"off_snp":54,"tm_off_snp":57,"rec_tgt":8,"rec":8,"rec_yd":112,"rec_td":1,"rush_att":0,"rush_yd":0,"rush_td":0,"target_share":34.8,"team_pass_rate":49,"team_tgt":23,"team_pass_att":25},"pos_rank":1,"opp_rank_vs_pos":32,"game_status":"active","score":{"tm":31,"opp":29,"r":"W"}},{"week":8,"opp":"TEN","stats":{"pts_ppr":8.7,"pts_half_ppr":7.7,"off_snp":42,"tm_off_snp":48,"rec_tgt":2,"rec":2,"rec_yd":7,"rec_td":1,"rush_att":0,"rush_yd":0,"rush_td":0,"target_share":15.4,"team_pass_rate":41.7,"team_tgt":13,"team_pass_att":15},"pos_rank":48,"opp_rank_vs_pos":2,"game_status":"active","score":{"tm":52,"opp":14,"r":"W"}},{"week":9,"opp":"GB","stats":{"pts_ppr":18.6,"pts_half_ppr":15.1,"off_snp":53,"tm_off_snp":57,"rec_tgt":7,"rec":7,"rec_yd":56,"rec_td":1,"rush_att":0,"rush_yd":0,"rush_td":0,"target_share":41.2,"team_pass_rate":40.7,"team_tgt":17,"team_pass_att":22},"pos_rank":15,"opp_rank_vs_pos":6,"game_status":"active","score":{"tm":24,"opp":14,"r":"W"}},{"week":10,"opp":"HOU","stats":{"pts_ppr":18,"pts_half_ppr":15,"off_snp":64,"tm_off_snp":65,"rec_tgt":8,"rec":6,"rec_yd":60,"rec_td":1,"rush_att":0,"rush_yd":0,"rush_td":0,"target_share":33.3,"team_pass_rate":48.4,"team_tgt":24,"team_pass_att":30},"pos_rank":10,"opp_rank_vs_pos":14,"game_status":"active","score":{"tm":26,"opp":23,"r":"W"}},{"week":11,"opp":"JAX","stats":{"pts_ppr":38.7,"pts_half_ppr":33.2,"off_snp":63,"tm_off_snp":79,"rec_tgt":11,"rec":11,"rec_yd":161,"rec_td":2,"rush_att":1,"rush_yd":-4,"rush_td":0,"target_share":44,"team_pass_rate":43.9,"team_tgt":25,"team_pass_att":29},"pos_rank":1,"opp_rank_vs_pos":23,"game_status":"active","score":{"tm":52,"opp":6,"r":"W"}},{"week":12,"opp":"IND","stats":{"pts_ppr":12.2,"pts_half_ppr":9.2,"off_snp":68,"tm_off_snp":72,"rec_tgt":7,"rec":6,"rec_yd":62,"rec_td":0,"rush_att":0,"rush_yd":0,"rush_td":0,"target_share":24.1,"team_pass_rate":52.9,"team_tgt":29,"team_pass_att":36},"pos_rank":29,"opp_rank_vs_pos":15,"game_status":"active","score":{"tm":24,"opp":6,"r":"W"}},{"week":13,"opp":"CHI","stats":{"pts_ppr":12.3,"pts_half_ppr":9.8,"off_snp":66,"tm_off_snp":70,"rec_tgt":7,"rec":5,"rec_yd":73,"rec_td":0,"rush_att":0,"rush_yd":0,"rush_td":0,"target_share":25,"team_pass_rate":50.7,"team_tgt":28,"team_pass_att":34},"pos_rank":35,"opp_rank_vs_pos":1,"game_status":"active","score":{"tm":23,"opp":20,"r":"W"}},{"week":14,"opp":"GB","stats":{"pts_ppr":10.3,"pts_half_ppr":7.8,"off_snp":68,"tm_off_snp":80,"rec_tgt":6,"rec":5,"rec_yd":43,"rec_td":0,"rush_att":1,"rush_yd":10,"rush_td":0,"target_share":18.2,"team_pass_rate":54.7,"team_tgt":33,"team_pass_att":41},"pos_rank":38,"opp_rank_vs_pos":6,"game_status":"active","score":{"tm":34,"opp":31,"r":"W"}},{"week":15,"opp":"BUF","stats":{"pts_ppr":37.3,"pts_half_ppr":30.3,"off_snp":72,"tm_off_snp":79,"rec_tgt":18,"rec":14,"rec_yd":193,"rec_td":1,"rush_att":0,"rush_yd":0,"rush_td":0,"target_share":40.9,"team_pass_rate":79.7,"team_tgt":44,"team_pass_att":59},"pos_rank":3,"opp_rank_vs_pos":13,"game_status":"active","score":{"tm":42,"opp":48,"r":"L"}},{"week":16,"opp":"CHI","stats":{"pts_ppr":19,"pts_half_ppr":16,"off_snp":55,"tm_off_snp":65,"rec_tgt":8,"rec":6,"rec_yd":70,"rec_td":1,"rush_att":0,"rush_yd":0,"rush_td":0,"target_share":27.6,"team_pass_rate":56.1,"team_tgt":29,"team_pass_att":32},"pos_rank":14,"opp_rank_vs_pos":1,"game_status":"active","score":{"tm":34,"opp":17,"r":"W"}},{"week":17,"opp":"SF","stats":{"pts_ppr":20,"pts_half_ppr":16,"off_snp":56,"tm_off_snp":71,"rec_tgt":10,"rec":8,"rec_yd":60,"rec_td":1,"rush_att":0,"rush_yd":0,"rush_td":0,"target_share":33.3,"team_pass_rate":59.6,"team_tgt":30,"team_pass_att":34},"pos_rank":18,"opp_rank_vs_pos":7,"game_status":"active","score":{"tm":40,"opp":34,"r":"W"}},{"week":18,"opp":"MIN","stats":{"pts_ppr":13.7,"pts_half_ppr":10.7,"off_snp":55,"tm_off_snp":68,"rec_tgt":7,"rec":6,"rec_yd":77,"rec_td":0,"rush_att":0,"rush_yd":0,"rush_td":0,"target_share":25,"team_pass_rate":58.9,"team_tgt":28,"team_pass_att":33},"pos_rank":32,"opp_rank_vs_pos":32,"game_status":"active","score":{"tm":31,"opp":9,"r":"W"}}]