[{"week":1,"opp":"KC","stats":{"pts_ppr":19.1,"pts_half_ppr":16.1,"off_snp":66,"tm_off_snp":70,"rec_tgt":9,"rec":6,"rec_yd":71,"rec_td":1,"rush_att":0,"rush_yd":0,"rush_td":0,"target_share":47.4,"team_pass_rate":51.5,"team_tgt":19,"team_pass_att":35},"pos_rank":11,"opp_rank_vs_pos":3,"game_status":"active","score":{"tm":21,"opp":20,"r":"W"}},{"week":2,"opp":"SEA","stats":{"pts_ppr":14.2,"pts_half_ppr":11.2,"off_snp":49,"tm_off_snp":66,"rec_tgt":7,"rec":6,"rec_yd":102,"rec_td":0,"rush_att":0,"rush_yd":0,"rush_td":0,"target_share":26.9,"team_pass_rate":57.4,"team_tgt":26,"team_pass_att":35},"pos_rank":30,"opp_rank_vs_pos":20,"game_status":"active","score":{"tm":31,"opp":37,"r":"L"}},{"week":3,"opp":"ATL","stats":{"pts_ppr":19.6,"pts_half_ppr":15.1,"off_snp":66,"tm_off_snp":70,"rec_tgt":12,"rec":9,"rec_yd":102,"rec_td":0,"rush_att":1,"rush_yd":4,"rush_td":0,"target_share":38.7,"team_pass_rate":56.9,"team_tgt":31,"team_pass_att":33},"pos_rank":26,"opp_rank_vs_pos":8,"game_status":"active","score":{"tm":20,"opp":6,"r":"W"}},{"week":4,"opp":"GB","stats":{"pts_ppr":16.6,"pts_half_ppr":14.1,"off_snp":66,"tm_off_snp":75,"rec_tgt":7,"rec":5,"rec_yd":56,"rec_td":1,"rush_att":0,"rush_yd":0,"rush_td":0,"target_share":35,"team_pass_rate":37.8,"team_tgt":20,"team_pass_att":28},"pos_rank":11,"opp_rank_vs_pos":10,"game_status":"active","score":{"tm":34,"opp":20,"r":"W"}},{"week":5,"opp":"—","stats":{"pts_ppr":0},"game_status":"out"},{"week":6,"opp":"TB","stats":{"pts_ppr":30.4,"pts_half_ppr":24.4,"off_snp":64,"tm_off_snp":70,"rec_tgt":15,"rec":12,"rec_yd":124,"rec_td":1,"rush_att":0,"rush_yd":0,"rush_td":0,"target_share":44.1,"team_pass_rate":83,"team_tgt":34,"team_pass_att":44},"pos_rank":3,"opp_rank_vs_pos":25,"game_status":"active","score":{"tm":20,"opp":6,"r":"W"}},{"week":7,"opp":"BAL","stats":{"pts_ppr":23.2,"pts_half_ppr":16.7,"off_snp":73,"tm_off_snp":75,"rec_tgt":19,"rec":13,"rec_yd":102,"rec_td":0,"rush_att":0,"rush_yd":0,"rush_td":0,"target_share":43.2,"team_pass_rate":82.8,"team_tgt":44,"team_pass_att":53},"pos_rank":20,"opp_rank_vs_pos":6,"game_status":"active","score":{"tm":6,"opp":38,"r":"L"}},{"week":8,"opp":"LV","stats":{"pts_ppr":16.8,"pts_half_ppr":13.8,"off_snp":79,"tm_off_snp":86,"rec_tgt":9,"rec":6,"rec_yd":108,"rec_td":0,"rush_att":0,"rush_yd":0,"rush_td":0,"target_share":28.1,"team_pass_rate":56.1,"team_tgt":32,"team_pass_att":37},"pos_rank":19,"opp_rank_vs_pos":14,"game_status":"active","score":{"tm":26,"opp":14,"r":"W"}},{"week":9,"opp":"BYE","stats":{"pts_ppr":0},"game_status":"bye"},{"week":10,"opp":"LAC","stats":{"pts_ppr":30.5,"pts_half_ppr":26.5,"off_snp":61,"tm_off_snp":66,"rec_tgt":9,"rec":8,"rec_yd":156,"rec_td":1,"rush_att":2,"rush_yd":9,"rush_td":0,"target_share":32.1,"team_pass_rate":51.6,"team_tgt":28,"team_pass_att":33},"pos_rank":4,"opp_rank_vs_pos":29,"game_status":"active","score":{"tm":41,"opp":38,"r":"W"}},{"week":11,"opp":"CHI","stats":{"pts_ppr":21.7,"pts_half_ppr":17.7,"off_snp":57,"tm_off_snp":62,"rec_tgt":11,"rec":8,"rec_yd":77,"rec_td":1,"rush_att":0,"rush_yd":0,"rush_td":0,"target_share":37.9,"team_pass_rate":59.3,"team_tgt":29,"team_pass_att":35},"pos_rank":12,"opp_rank_vs_pos":15,"game_status":"active","score":{"tm":31,"opp":26,"r":"W"}},{"week":12,"opp":"GB","stats":{"pts_ppr":18.5,"pts_half_ppr":14,"off_snp":77,"tm_off_snp":84,"rec_tgt":11,"rec":9,"rec_yd":95,"rec_td":0,"rush_att":0,"rush_yd":0,"rush_td":0,"target_share":29.7,"team_pass_rate":59.5,"team_tgt":37,"team_pass_att":44},"pos_rank":28,"opp_rank_vs_pos":10,"game_status":"active","score":{"tm":22,"opp":29,"r":"L"}},{"week":13,"opp":"NO","stats":{"pts_ppr":12.9,"pts_half_ppr":11.9,"off_snp":46,"tm_off_snp":58,"rec_tgt":6,"rec":2,"rec_yd":49,"rec_td":1,"rush_att":0,"rush_yd":0,"rush_td":0,"target_share":28.6,"team_pass_rate":45.5,"team_tgt":21,"team_pass_att":25},"pos_rank":19,"opp_rank_vs_pos":9,"game_status":"active","score":{"tm":33,"opp":28,"r":"W"}},{"week":14,"opp":"CHI","stats":{"pts_ppr":6.1,"pts_half_ppr":4.6,"off_snp":57,"tm_off_snp":65,"rec_tgt":8,"rec":3,"rec_yd":21,"rec_td":0,"rush_att":0,"rush_yd":0,"rush_td":0,"target_share":27.6,"team_pass_rate":59.3,"team_tgt":29,"team_pass_att":35},"pos_rank":75,"opp_rank_vs_pos":15,"game_status":"active","score":{"tm":13,"opp":28,"r":"L"}},{"week":15,"opp":"DEN","stats":{"pts_ppr":24.2,"pts_half_ppr":20.7,"off_snp":61,"tm_off_snp":66,"rec_tgt":9,"rec":7,"rec_yd":112,"rec_td":1,"rush_att":0,"rush_yd":0,"rush_td":0,"target_share":32.1,"team_pass_rate":53.1,"team_tgt":28,"team_pass_att":34},"pos_rank":8,"opp_rank_vs_pos":13,"game_status":"active","score":{"tm":42,"opp":17,"r":"W"}},{"week":16,"opp":"MIN","stats":{"pts_ppr":28.6,"pts_half_ppr":22.6,"off_snp":78,"tm_off_snp":79,"rec_tgt":14,"rec":12,"rec_yd":106,"rec_td":1,"rush_att":0,"rush_yd":0,"rush_td":0,"target_share":41.2,"team_pass_rate":52.6,"team_tgt":34,"team_pass_att":40},"pos_rank":11,"opp_rank_vs_pos":26,"game_status":"active","score":{"tm":30,"opp":24,"r":"W"}},{"week":17,"opp":"DAL","stats":{"pts_ppr":22.1,"pts_half_ppr":19.1,"off_snp":69,"tm_off_snp":69,"rec_tgt":8,"rec":6,"rec_yd":90,"rec_td":1,"rush_att":1,"rush_yd":11,"rush_td":0,"target_share":28.6,"team_pass_rate":50.7,"team_tgt":28,"team_pass_att":34},"pos_rank":9,"opp_rank_vs_pos":5,"game_status":"active","score":{"tm":19,"opp":20,"r":"L"}},{"week":18,"opp":"MIN","stats":{"pts_ppr":27.4,"pts_half_ppr":23.9,"off_snp":41,"tm_off_snp":57,"rec_tgt":10,"rec":7,"rec_yd":144,"rec_td":1,"rush_att":0,"rush_yd":0,"rush_td":0,"target_share":50,"team_pass_rate":58.2,"team_tgt":20,"team_pass_att":32},"pos_rank":4,"opp_rank_vs_pos":26,"game_status":"active","score":{"tm":30,"opp":20,"r":"W"}}]