{"id":"7547","name":"Amon-Ra St. Brown","slug":"amon-ra-st-brown","position":"WR","team":"DET","status":"Active","injury_status":null,"age":26,"height":"72","weight":"202","number":14,"depth_chart_order":1,"years_exp":5,"headshotUrl":null,"season":2025,"seasonLabel":"2025 Season Final","seasonRank":4,"trends":{"weeklyFantasyPoints":[6.5,34.7,17.2,22.5,14,9.2,17.6,14.2,14.3,5.2,25.4,0,12.2,34.9,7.4,10.8,19.4]},"gameLog":[{"week":1,"opp":"GB","stats":{"pts_ppr":8.5,"pts_half_ppr":6.5,"off_snp":63,"tm_off_snp":67,"rec_tgt":6,"rec":4,"rec_yd":45,"rec_td":0,"rush_att":0,"rush_yd":0,"rush_td":0,"target_share":15.8,"team_pass_rate":63.9,"team_tgt":38,"team_pass_att":39},"pos_rank":48,"opp_rank_vs_pos":23,"game_status":"active","score":{"tm":13,"opp":27,"r":"L"}},{"week":2,"opp":"CHI","stats":{"pts_ppr":39.2,"pts_half_ppr":34.7,"off_snp":50,"tm_off_snp":59,"rec_tgt":11,"rec":9,"rec_yd":115,"rec_td":3,"rush_att":2,"rush_yd":7,"rush_td":0,"target_share":39.3,"team_pass_rate":50.9,"team_tgt":28,"team_pass_att":28},"pos_rank":1,"opp_rank_vs_pos":31,"game_status":"active","score":{"tm":52,"opp":21,"r":"W"}},{"week":3,"opp":"BAL","stats":{"pts_ppr":20.7,"pts_half_ppr":17.2,"off_snp":58,"tm_off_snp":68,"rec_tgt":8,"rec":7,"rec_yd":77,"rec_td":1,"rush_att":0,"rush_yd":0,"rush_td":0,"target_share":30.8,"team_pass_rate":42.4,"team_tgt":26,"team_pass_att":28},"pos_rank":9,"opp_rank_vs_pos":27,"game_status":"active","score":{"tm":38,"opp":30,"r":"W"}},{"week":4,"opp":"CLE","stats":{"pts_ppr":26,"pts_half_ppr":22.5,"off_snp":54,"tm_off_snp":60,"rec_tgt":7,"rec":7,"rec_yd":70,"rec_td":2,"rush_att":0,"rush_yd":0,"rush_td":0,"target_share":28,"team_pass_rate":48.2,"team_tgt":25,"team_pass_att":27},"pos_rank":4,"opp_rank_vs_pos":10,"game_status":"active","score":{"tm":34,"opp":10,"r":"W"}},{"week":5,"opp":"CIN","stats":{"pts_ppr":18,"pts_half_ppr":14,"off_snp":50,"tm_off_snp":62,"rec_tgt":9,"rec":8,"rec_yd":100,"rec_td":0,"rush_att":0,"rush_yd":0,"rush_td":0,"target_share":39.1,"team_pass_rate":41.1,"team_tgt":23,"team_pass_att":23},"pos_rank":16,"opp_rank_vs_pos":4,"game_status":"active","score":{"tm":37,"opp":24,"r":"W"}},{"week":6,"opp":"KC","stats":{"pts_ppr":13.7,"pts_half_ppr":9.2,"off_snp":48,"tm_off_snp":54,"rec_tgt":10,"rec":9,"rec_yd":45,"rec_td":0,"rush_att":1,"rush_yd":2,"rush_td":0,"target_share":37,"team_pass_rate":55.8,"team_tgt":27,"team_pass_att":29},"pos_rank":29,"opp_rank_vs_pos":3,"game_status":"active","score":{"tm":17,"opp":30,"r":"L"}},{"week":7,"opp":"TB","stats":{"pts_ppr":20.6,"pts_half_ppr":17.6,"off_snp":62,"tm_off_snp":68,"rec_tgt":10,"rec":6,"rec_yd":86,"rec_td":1,"rush_att":0,"rush_yd":0,"rush_td":0,"target_share":35.7,"team_pass_rate":47.5,"team_tgt":28,"team_pass_att":29},"pos_rank":13,"opp_rank_vs_pos":18,"game_status":"active","score":{"tm":24,"opp":9,"r":"W"}},{"week":8,"opp":"BYE","stats":{"pts_ppr":0},"game_status":"bye"},{"week":9,"opp":"MIN","stats":{"pts_ppr":18.7,"pts_half_ppr":14.2,"off_snp":61,"tm_off_snp":64,"rec_tgt":13,"rec":9,"rec_yd":97,"rec_td":0,"rush_att":0,"rush_yd":0,"rush_td":0,"target_share":36.1,"team_pass_rate":64.9,"team_tgt":36,"team_pass_att":37},"pos_rank":16,"opp_rank_vs_pos":1,"game_status":"active","score":{"tm":24,"opp":27,"r":"L"}},{"week":10,"opp":"WAS","stats":{"pts_ppr":16.8,"pts_half_ppr":14.3,"off_snp":54,"tm_off_snp":70,"rec_tgt":8,"rec":5,"rec_yd":58,"rec_td":1,"rush_att":0,"rush_yd":0,"rush_td":0,"target_share":25.8,"team_pass_rate":51.5,"team_tgt":31,"team_pass_att":35},"pos_rank":18,"opp_rank_vs_pos":25,"game_status":"active","score":{"tm":44,"opp":22,"r":"W"}},{"week":11,"opp":"PHI","stats":{"pts_ppr":6.2,"pts_half_ppr":5.2,"off_snp":57,"tm_off_snp":59,"rec_tgt":12,"rec":2,"rec_yd":42,"rec_td":0,"rush_att":0,"rush_yd":0,"rush_td":0,"target_share":33.3,"team_pass_rate":64.9,"team_tgt":36,"team_pass_att":37},"pos_rank":51,"opp_rank_vs_pos":8,"game_status":"active","score":{"tm":9,"opp":16,"r":"L"}},{"week":12,"opp":"NYG","stats":{"pts_ppr":29.9,"pts_half_ppr":25.4,"off_snp":66,"tm_off_snp":68,"rec_tgt":13,"rec":9,"rec_yd":149,"rec_td":1,"rush_att":0,"rush_yd":0,"rush_td":0,"target_share":34.2,"team_pass_rate":67.7,"team_tgt":38,"team_pass_att":42},"pos_rank":3,"opp_rank_vs_pos":20,"game_status":"active","score":{"tm":34,"opp":27,"r":"W"}},{"week":13,"opp":"GB","stats":{"pts_ppr":0,"pts_half_ppr":null,"off_snp":4,"tm_off_snp":63,"rec_tgt":1,"rec":0,"rec_yd":0,"rec_td":0,"rush_att":0,"rush_yd":0,"rush_td":0,"target_share":4.2,"team_pass_rate":46.4,"team_tgt":24,"team_pass_att":26},"pos_rank":116,"opp_rank_vs_pos":23,"game_status":"active","score":{"tm":24,"opp":31,"r":"L"}},{"week":14,"opp":"DAL","stats":{"pts_ppr":15.2,"pts_half_ppr":12.2,"off_snp":57,"tm_off_snp":62,"rec_tgt":9,"rec":6,"rec_yd":92,"rec_td":0,"rush_att":0,"rush_yd":0,"rush_td":0,"target_share":30,"team_pass_rate":60.7,"team_tgt":30,"team_pass_att":34},"pos_rank":19,"opp_rank_vs_pos":32,"game_status":"active","score":{"tm":44,"opp":30,"r":"W"}},{"week":15,"opp":"LAR","stats":{"pts_ppr":41.4,"pts_half_ppr":34.9,"off_snp":61,"tm_off_snp":64,"rec_tgt":18,"rec":13,"rec_yd":164,"rec_td":2,"rush_att":0,"rush_yd":0,"rush_td":0,"target_share":47.4,"team_pass_rate":67.2,"team_tgt":38,"team_pass_att":41},"pos_rank":1,"opp_rank_vs_pos":28,"game_status":"active","score":{"tm":34,"opp":41,"r":"L"}},{"week":16,"opp":"PIT","stats":{"pts_ppr":9.4,"pts_half_ppr":7.4,"off_snp":72,"tm_off_snp":74,"rec_tgt":9,"rec":4,"rec_yd":54,"rec_td":0,"rush_att":0,"rush_yd":0,"rush_td":0,"target_share":17.3,"team_pass_rate":81.8,"team_tgt":52,"team_pass_att":54},"pos_rank":39,"opp_rank_vs_pos":29,"game_status":"active","score":{"tm":24,"opp":29,"r":"L"}},{"week":17,"opp":"MIN","stats":{"pts_ppr":14.8,"pts_half_ppr":10.8,"off_snp":53,"tm_off_snp":64,"rec_tgt":13,"rec":8,"rec_yd":68,"rec_td":0,"rush_att":0,"rush_yd":0,"rush_td":0,"target_share":46.4,"team_pass_rate":49.2,"team_tgt":28,"team_pass_att":29},"pos_rank":27,"opp_rank_vs_pos":1,"game_status":"active","score":{"tm":10,"opp":23,"r":"L"}},{"week":18,"opp":"CHI","stats":{"pts_ppr":24.9,"pts_half_ppr":19.4,"off_snp":0,"tm_off_snp":0,"rec_tgt":15,"rec":11,"rec_yd":139,"rec_td":0,"rush_att":0,"rush_yd":0,"rush_td":0,"target_share":41.7,"team_pass_rate":60.9,"team_tgt":36,"team_pass_att":42},"pos_rank":5,"opp_rank_vs_pos":31,"game_status":"active","score":{"tm":19,"opp":16,"r":"W"}}],"news":[],"availableSeasons":[2025,2024,2023],"multiSeasonStats":[{"season":2025,"ppg":15.617647058823529,"gamesPlayed":17,"pos1Pct":35.294117647058826,"pos2Pct":29.411764705882355,"pos3Pct":11.76470588235294,"bustPct":23.52941176470588},{"season":2024,"ppg":15.216470588235294,"gamesPlayed":17,"pos1Pct":29.411764705882355,"pos2Pct":29.411764705882355,"pos3Pct":23.52941176470588,"bustPct":17.647058823529413},{"season":2023,"ppg":17.025,"gamesPlayed":16,"pos1Pct":56.25,"pos2Pct":31.25,"pos3Pct":6.25,"bustPct":6.25}],"careerProfile":{"ppg":15.931600000000005,"gamesPlayed":50,"maxGames":51,"durabilityPct":98.0392156862745,"pos1Pct":40,"pos2Pct":30,"pos3Pct":14.000000000000002,"bustPct":16,"volatility":7.784619152337433,"volatilityLabel":"Moderate","seasons":3,"seasonPpgs":[{"season":2025,"ppg":15.617647058823529},{"season":2024,"ppg":15.216470588235294},{"season":2023,"ppg":17.025}],"smallSample":false},"dynasty":{"rank":9,"positionalRank":5,"value":7902,"overallTier":2,"positionalTier":2,"trend30":0,"trend7":0,"posTrend30":0,"posTrend7":0,"age":26.3,"position":"WR","team":"DET","adp":77,"startupAdp":9,"tradeCount":52,"ageCurveTier":"Prime","ktcSlug":"amon-ra-st-brown-1010","draftRound":4,"draftPick":7,"draftYear":2021,"sf":{"rank":10,"positionalRank":5,"value":7644,"overallTier":2,"positionalTier":2,"trend30":0,"trend7":0,"posTrend30":0,"posTrend7":0,"adp":72,"startupAdp":17,"tradeCount":177}},"productionRiskBenchmarks":{"position":"WR","season":2025,"qualifiedThreshold":30,"posAvg":{"yardsPerCatch":12.673226111636708,"catchPct":62.692763938315544,"tdPerTarget":4.875444839857651,"fpPerUsage":null},"posStdDev":{"tdPerTarget":2.782068497049174},"percentile":{"yardsPerCatch":41,"catchPct":77,"tdPerTarget":79,"fpPerUsage":null},"playerQualified":true},"bio":{"snapshot_bullets":["Drafted 2021: Round 4, Pick 112 (DET)","Entered the league in 2021 and developed into a high-end fantasy starter.","Broke out in 2023, establishing starter-level fantasy production.","Generally available year-to-year, averaging 16.7 games over the last 3 seasons.","Enters 2026 as the Detroit Lions WR with a clear role in the offense."],"style":{"how_he_wins":"Functions as a primary read in the passing game, stacking targets and converting volume into consistent weekly production.","how_he_wins_tags":["Target earner","Red-zone threat","Spike-week profile"],"fantasy_translation":"Floor comes from consistent target volume; ceiling spikes when deep targets and red-zone looks converge.","fantasy_translation_tags":["Volume-driven","High floor","TD upside"]},"timeline":[{"label":"2021","badge":"Drafted","text":"Selected Round 4, Pick 112 by Detroit Lions out of USC."},{"label":"2023","badge":"Breakout","text":"Production climbed into WR-starter territory (20.7 PPG across 16 games)."},{"label":"2025","badge":"Stable","text":"Production has remained steady, averaging 19.1 PPG in 2025."}],"career_context_tiles":[{"title":"Floor driver","text":"Target volume"},{"title":"Ceiling driver","text":"Deep targets + TDs"},{"title":"Stability","text":"Volatile role in offense"},{"title":"Risk note","text":"Scheme/usage swings"}],"narrative_paragraphs":["Amon-Ra St. Brown entered the NFL as a 4th-round pick (112 overall) in 2021 out of USC.","The turning point came in 2023, when his production climbed into WR-starter territory (20.7 PPG).","For fantasy managers, his floor is driven by target volume, while his ceiling spikes when deep targets + tds hit in the same week."],"last_updated":"2026-02-28","sources":[{"label":"Sleeper","url":"https://sleeper.com"},{"label":"NFL","url":"https://www.nfl.com/players/"},{"label":"Pro-Football-Reference","url":"https://www.pro-football-reference.com"}]}}