{"neighbors":[{"id":"9493","name":"Puka Nacua","slug":"puka-nacua","team":"LAR","position":"WR","posRank":1,"ppg":15.5},{"id":"9488","name":"Jaxon Smith-Njigba","slug":"jaxon-smith-njigba","team":"SEA","position":"WR","posRank":2,"ppg":14.3},{"id":"7564","name":"Ja'Marr Chase","slug":"jamarr-chase","team":"CIN","position":"WR","posRank":4,"ppg":11.9},{"id":"10229","name":"Rashee Rice","slug":"rashee-rice","team":"KC","position":"WR","posRank":5,"ppg":11.9},{"id":"2133","name":"Davante Adams","slug":"davante-adams","team":"LAR","position":"WR","posRank":6,"ppg":11.6}],"currentRank":3,"season":2025,"format":"standard","position":"WR"}