[{"week":1,"opp":"PHI","stats":{"pts_ppr":0,"pts_half_ppr":null,"off_snp":1,"tm_off_snp":67,"rec_tgt":0,"rec":0,"rec_yd":0,"rec_td":0,"rush_att":0,"rush_yd":0,"rush_td":0,"target_share":0,"team_pass_rate":0,"team_tgt":19,"team_pass_att":0},"pos_rank":87,"opp_rank_vs_pos":5,"game_status":"active","score":{"tm":28,"opp":6,"r":"W"}},{"week":2,"opp":"IND","stats":{"pts_ppr":0,"pts_half_ppr":null,"off_snp":6,"tm_off_snp":70,"rec_tgt":0,"rec":0,"rec_yd":0,"rec_td":0,"rush_att":0,"rush_yd":0,"rush_td":0,"target_share":0,"team_pass_rate":0,"team_tgt":18,"team_pass_att":0},"pos_rank":81,"opp_rank_vs_pos":27,"game_status":"active","score":{"tm":23,"opp":17,"r":"W"}},{"week":3,"opp":"TEN","stats":{"pts_ppr":0,"pts_half_ppr":null,"off_snp":2,"tm_off_snp":63,"rec_tgt":0,"rec":0,"rec_yd":0,"rec_td":0,"rush_att":0,"rush_yd":0,"rush_td":0,"target_share":0,"team_pass_rate":0,"team_tgt":21,"team_pass_att":0},"pos_rank":86,"opp_rank_vs_pos":1,"game_status":"active","score":{"tm":34,"opp":7,"r":"W"}},{"week":4,"opp":"MIN","stats":{"pts_ppr":0,"pts_half_ppr":null,"off_snp":2,"tm_off_snp":76,"rec_tgt":0,"rec":0,"rec_yd":0,"rec_td":0,"rush_att":0,"rush_yd":0,"rush_td":0,"target_share":0,"team_pass_rate":0,"team_tgt":25,"team_pass_att":0},"pos_rank":86,"opp_rank_vs_pos":9,"game_status":"active","score":{"tm":31,"opp":29,"r":"W"}},{"week":5,"opp":"LAR","stats":{"pts_ppr":0,"pts_half_ppr":null,"off_snp":19,"tm_off_snp":59,"rec_tgt":0,"rec":0,"rec_yd":0,"rec_td":0,"rush_att":0,"rush_yd":0,"rush_td":0,"target_share":0,"team_pass_rate":0,"team_tgt":26,"team_pass_att":0},"pos_rank":75,"opp_rank_vs_pos":30,"game_status":"active","score":{"tm":23,"opp":17,"r":"W"}},{"week":6,"opp":"ARI","stats":{"pts_ppr":5.8,"pts_half_ppr":4.8,"off_snp":28,"tm_off_snp":73,"rec_tgt":2,"rec":2,"rec_yd":38,"rec_td":0,"rush_att":0,"rush_yd":0,"rush_td":0,"target_share":50,"team_pass_rate":0,"team_tgt":4,"team_pass_att":0},"pos_rank":20,"opp_rank_vs_pos":3,"game_status":"active","score":null},{"week":7,"opp":"HOU","stats":{"pts_ppr":1.2,"pts_half_ppr":0.7,"off_snp":16,"tm_off_snp":58,"rec_tgt":1,"rec":1,"rec_yd":2,"rec_td":0,"rush_att":0,"rush_yd":0,"rush_td":0,"target_share":4.2,"team_pass_rate":0,"team_tgt":24,"team_pass_att":0},"pos_rank":51,"opp_rank_vs_pos":18,"game_status":"active","score":{"tm":29,"opp":31,"r":"L"}},{"week":8,"opp":"JAX","stats":{"pts_ppr":0,"pts_half_ppr":null,"off_snp":25,"tm_off_snp":70,"rec_tgt":1,"rec":0,"rec_yd":0,"rec_td":0,"rush_att":0,"rush_yd":0,"rush_td":0,"target_share":4.8,"team_pass_rate":0,"team_tgt":21,"team_pass_att":0},"pos_rank":97,"opp_rank_vs_pos":23,"game_status":"active","score":{"tm":20,"opp":30,"r":"L"}},{"week":9,"opp":"DET","stats":{"pts_ppr":0,"pts_half_ppr":null,"off_snp":12,"tm_off_snp":65,"rec_tgt":0,"rec":0,"rec_yd":0,"rec_td":0,"rush_att":0,"rush_yd":0,"rush_td":0,"target_share":0,"team_pass_rate":0,"team_tgt":28,"team_pass_att":0},"pos_rank":86,"opp_rank_vs_pos":2,"game_status":"active","score":{"tm":21,"opp":13,"r":"W"}},{"week":10,"opp":"—","stats":{"pts_ppr":0},"game_status":"out"},{"week":11,"opp":"CHI","stats":{"pts_ppr":0,"pts_half_ppr":null,"off_snp":17,"tm_off_snp":46,"rec_tgt":0,"rec":0,"rec_yd":0,"rec_td":0,"rush_att":0,"rush_yd":0,"rush_td":0,"target_share":0,"team_pass_rate":0,"team_tgt":25,"team_pass_att":0},"pos_rank":78,"opp_rank_vs_pos":20,"game_status":"active","score":{"tm":23,"opp":13,"r":"W"}},{"week":12,"opp":"SF","stats":{"pts_ppr":0,"pts_half_ppr":null,"off_snp":24,"tm_off_snp":72,"rec_tgt":0,"rec":0,"rec_yd":0,"rec_td":0,"rush_att":0,"rush_yd":0,"rush_td":0,"target_share":0,"team_pass_rate":0,"team_tgt":31,"team_pass_att":0},"pos_rank":74,"opp_rank_vs_pos":7,"game_status":"active","score":{"tm":30,"opp":27,"r":"W"}},{"week":13,"opp":"MIA","stats":{"pts_ppr":0,"pts_half_ppr":null,"off_snp":15,"tm_off_snp":54,"rec_tgt":0,"rec":0,"rec_yd":0,"rec_td":0,"rush_att":0,"rush_yd":0,"rush_td":0,"target_share":0,"team_pass_rate":0,"team_tgt":27,"team_pass_att":0},"pos_rank":89,"opp_rank_vs_pos":21,"game_status":"active","score":{"tm":23,"opp":22,"r":"W"}},{"week":14,"opp":"DET","stats":{"pts_ppr":1.2,"pts_half_ppr":0.7,"off_snp":18,"tm_off_snp":50,"rec_tgt":1,"rec":1,"rec_yd":2,"rec_td":0,"rush_att":0,"rush_yd":0,"rush_td":0,"target_share":3.4,"team_pass_rate":0,"team_tgt":29,"team_pass_att":0},"pos_rank":45,"opp_rank_vs_pos":2,"game_status":"active","score":{"tm":42,"opp":21,"r":"W"}},{"week":15,"opp":"SEA","stats":{"pts_ppr":0,"pts_half_ppr":null,"off_snp":16,"tm_off_snp":64,"rec_tgt":0,"rec":0,"rec_yd":0,"rec_td":0,"rush_att":0,"rush_yd":0,"rush_td":0,"target_share":0,"team_pass_rate":8.3,"team_tgt":34,"team_pass_att":2},"pos_rank":89,"opp_rank_vs_pos":13,"game_status":"active","score":{"tm":30,"opp":12,"r":"W"}},{"week":16,"opp":"NO","stats":{"pts_ppr":0,"pts_half_ppr":null,"off_snp":13,"tm_off_snp":69,"rec_tgt":0,"rec":0,"rec_yd":0,"rec_td":0,"rush_att":0,"rush_yd":0,"rush_td":0,"target_share":0,"team_pass_rate":0,"team_tgt":34,"team_pass_att":0},"pos_rank":88,"opp_rank_vs_pos":10,"game_status":"active","score":{"tm":27,"opp":24,"r":"W"}},{"week":17,"opp":"MIN","stats":{"pts_ppr":0,"pts_half_ppr":null,"off_snp":3,"tm_off_snp":63,"rec_tgt":0,"rec":0,"rec_yd":0,"rec_td":0,"rush_att":0,"rush_yd":0,"rush_td":0,"target_share":0,"team_pass_rate":0,"team_tgt":35,"team_pass_att":0},"pos_rank":89,"opp_rank_vs_pos":9,"game_status":"active","score":{"tm":27,"opp":25,"r":"W"}},{"week":18,"opp":"CHI","stats":{"pts_ppr":0,"pts_half_ppr":null,"off_snp":7,"tm_off_snp":65,"rec_tgt":0,"rec":0,"rec_yd":0,"rec_td":0,"rush_att":0,"rush_yd":0,"rush_td":0,"target_share":0,"team_pass_rate":63,"team_tgt":36,"team_pass_att":17},"pos_rank":91,"opp_rank_vs_pos":20,"game_status":"active","score":{"tm":9,"opp":31,"r":"L"}}]