{"neighbors":[{"id":"12374","name":"Brenden Bates","slug":"brenden-bates","team":"CLE","position":"TE","posRank":94,"ppg":0.5},{"id":"8041","name":"Shane Zylstra","slug":"shane-zylstra","team":"DET","position":"TE","posRank":95,"ppg":0.5},{"id":"11716","name":"Tip Reiman","slug":"tip-reiman","team":"ARI","position":"TE","posRank":96,"ppg":0.5},{"id":"4189","name":"Eric Saubert","slug":"eric-saubert","team":"SEA","position":"TE","posRank":98,"ppg":0.3},{"id":"7075","name":"Charlie Woerner","slug":"charlie-woerner","team":"ATL","position":"TE","posRank":99,"ppg":0.3},{"id":"7602","name":"Kylen Granson","slug":"kylen-granson","team":"PHI","position":"TE","posRank":100,"ppg":0.2}],"currentRank":97,"season":2025,"format":"standard","position":"TE"}