{"id":"12539","name":"Arian Smith","slug":"arian-smith","position":"WR","team":"NYJ","status":"Active","injury_status":null,"age":24,"height":"72","weight":"179","number":82,"depth_chart_order":4,"years_exp":1,"headshotUrl":null,"season":2025,"seasonLabel":"2025 Season Final","seasonRank":188,"trends":{"weeklyFantasyPoints":[0,-0.2,0.2,0,1.4,0,0,2.3,1.3,0,0.8,0,0,0,0.5,0.2]},"gameLog":[{"week":1,"opp":"PIT","stats":{"pts_ppr":0,"pts_half_ppr":null,"off_snp":6,"tm_off_snp":64,"rec_tgt":0,"rec":0,"rec_yd":0,"rec_td":0,"rush_att":0,"rush_yd":0,"rush_td":0,"target_share":0,"team_pass_rate":36.1,"team_tgt":23,"team_pass_att":22},"pos_rank":149,"opp_rank_vs_pos":29,"game_status":"active","score":{"tm":32,"opp":34,"r":"L"}},{"week":2,"opp":"BUF","stats":{"pts_ppr":0.8,"pts_half_ppr":0.3,"off_snp":22,"tm_off_snp":47,"rec_tgt":2,"rec":1,"rec_yd":8,"rec_td":0,"rush_att":1,"rush_yd":-10,"rush_td":0,"target_share":7.7,"team_pass_rate":51.2,"team_tgt":26,"team_pass_att":22},"pos_rank":156,"opp_rank_vs_pos":9,"game_status":"active","score":{"tm":10,"opp":30,"r":"L"}},{"week":3,"opp":"TB","stats":{"pts_ppr":2.2,"pts_half_ppr":1.2,"off_snp":54,"tm_off_snp":69,"rec_tgt":2,"rec":2,"rec_yd":2,"rec_td":0,"rush_att":0,"rush_yd":0,"rush_td":0,"target_share":5.7,"team_pass_rate":61,"team_tgt":35,"team_pass_att":36},"pos_rank":119,"opp_rank_vs_pos":18,"game_status":"active","score":{"tm":27,"opp":29,"r":"L"}},{"week":4,"opp":"MIA","stats":{"pts_ppr":0,"pts_half_ppr":null,"off_snp":29,"tm_off_snp":63,"rec_tgt":0,"rec":0,"rec_yd":0,"rec_td":0,"rush_att":0,"rush_yd":0,"rush_td":0,"target_share":0,"team_pass_rate":49.1,"team_tgt":32,"team_pass_att":27},"pos_rank":144,"opp_rank_vs_pos":13,"game_status":"active","score":{"tm":21,"opp":27,"r":"L"}},{"week":5,"opp":"DAL","stats":{"pts_ppr":2.4,"pts_half_ppr":1.9,"off_snp":46,"tm_off_snp":82,"rec_tgt":1,"rec":1,"rec_yd":14,"rec_td":0,"rush_att":0,"rush_yd":0,"rush_td":0,"target_share":2.3,"team_pass_rate":67.6,"team_tgt":43,"team_pass_att":46},"pos_rank":84,"opp_rank_vs_pos":32,"game_status":"active","score":{"tm":22,"opp":37,"r":"L"}},{"week":6,"opp":"DEN","stats":{"pts_ppr":0,"pts_half_ppr":null,"off_snp":34,"tm_off_snp":57,"rec_tgt":1,"rec":0,"rec_yd":0,"rec_td":0,"rush_att":0,"rush_yd":0,"rush_td":0,"target_share":6.3,"team_pass_rate":35.4,"team_tgt":16,"team_pass_att":17},"pos_rank":140,"opp_rank_vs_pos":1,"game_status":"active","score":{"tm":11,"opp":13,"r":"L"}},{"week":7,"opp":"CAR","stats":{"pts_ppr":1,"pts_half_ppr":0.5,"off_snp":56,"tm_off_snp":61,"rec_tgt":3,"rec":1,"rec_yd":0,"rec_td":0,"rush_att":0,"rush_yd":0,"rush_td":0,"target_share":10.3,"team_pass_rate":63,"team_tgt":29,"team_pass_att":34},"pos_rank":139,"opp_rank_vs_pos":8,"game_status":"active","score":{"tm":6,"opp":13,"r":"L"}},{"week":8,"opp":"CIN","stats":{"pts_ppr":3.3,"pts_half_ppr":2.8,"off_snp":30,"tm_off_snp":72,"rec_tgt":1,"rec":1,"rec_yd":23,"rec_td":0,"rush_att":0,"rush_yd":0,"rush_td":0,"target_share":3.4,"team_pass_rate":46.4,"team_tgt":29,"team_pass_att":32},"pos_rank":66,"opp_rank_vs_pos":7,"game_status":"active","score":{"tm":39,"opp":38,"r":"W"}},{"week":9,"opp":"BYE","stats":{"pts_ppr":0},"game_status":"bye"},{"week":10,"opp":"CLE","stats":{"pts_ppr":1.3,"pts_half_ppr":1.3,"off_snp":33,"tm_off_snp":49,"rec_tgt":0,"rec":0,"rec_yd":0,"rec_td":0,"rush_att":1,"rush_yd":13,"rush_td":0,"target_share":0,"team_pass_rate":25,"team_tgt":11,"team_pass_att":11},"pos_rank":77,"opp_rank_vs_pos":11,"game_status":"active","score":{"tm":27,"opp":20,"r":"W"}},{"week":11,"opp":"NE","stats":{"pts_ppr":0,"pts_half_ppr":null,"off_snp":9,"tm_off_snp":57,"rec_tgt":0,"rec":0,"rec_yd":0,"rec_td":0,"rush_att":0,"rush_yd":0,"rush_td":0,"target_share":0,"team_pass_rate":48.1,"team_tgt":25,"team_pass_att":26},"pos_rank":134,"opp_rank_vs_pos":15,"game_status":"active","score":{"tm":14,"opp":27,"r":"L"}},{"week":12,"opp":"BAL","stats":{"pts_ppr":0.8,"pts_half_ppr":0.8,"off_snp":14,"tm_off_snp":59,"rec_tgt":0,"rec":0,"rec_yd":0,"rec_td":0,"rush_att":1,"rush_yd":8,"rush_td":0,"target_share":0,"team_pass_rate":51.9,"team_tgt":24,"team_pass_att":28},"pos_rank":89,"opp_rank_vs_pos":27,"game_status":"active","score":{"tm":10,"opp":23,"r":"L"}},{"week":13,"opp":"—","stats":{"pts_ppr":0},"game_status":"out"},{"week":14,"opp":"MIA","stats":{"pts_ppr":0,"pts_half_ppr":null,"off_snp":1,"tm_off_snp":58,"rec_tgt":0,"rec":0,"rec_yd":0,"rec_td":0,"rush_att":0,"rush_yd":0,"rush_td":0,"target_share":0,"team_pass_rate":66.7,"team_tgt":31,"team_pass_att":34},"pos_rank":133,"opp_rank_vs_pos":13,"game_status":"active","score":{"tm":10,"opp":34,"r":"L"}},{"week":15,"opp":"JAX","stats":{"pts_ppr":0,"pts_half_ppr":null,"off_snp":9,"tm_off_snp":68,"rec_tgt":2,"rec":0,"rec_yd":0,"rec_td":0,"rush_att":0,"rush_yd":0,"rush_td":0,"target_share":6.7,"team_pass_rate":50.8,"team_tgt":30,"team_pass_att":33},"pos_rank":148,"opp_rank_vs_pos":16,"game_status":"active","score":{"tm":20,"opp":48,"r":"L"}},{"week":16,"opp":"NO","stats":{"pts_ppr":0,"pts_half_ppr":null,"off_snp":7,"tm_off_snp":66,"rec_tgt":1,"rec":0,"rec_yd":0,"rec_td":0,"rush_att":0,"rush_yd":0,"rush_td":0,"target_share":2.9,"team_pass_rate":63.6,"team_tgt":34,"team_pass_att":35},"pos_rank":152,"opp_rank_vs_pos":12,"game_status":"active","score":{"tm":6,"opp":29,"r":"L"}},{"week":17,"opp":"NE","stats":{"pts_ppr":1.5,"pts_half_ppr":1,"off_snp":10,"tm_off_snp":61,"rec_tgt":1,"rec":1,"rec_yd":5,"rec_td":0,"rush_att":0,"rush_yd":0,"rush_td":0,"target_share":3.2,"team_pass_rate":54.1,"team_tgt":31,"team_pass_att":33},"pos_rank":111,"opp_rank_vs_pos":15,"game_status":"active","score":{"tm":10,"opp":42,"r":"L"}},{"week":18,"opp":"BUF","stats":{"pts_ppr":0.2,"pts_half_ppr":0.2,"off_snp":0,"tm_off_snp":0,"rec_tgt":2,"rec":0,"rec_yd":0,"rec_td":0,"rush_att":1,"rush_yd":2,"rush_td":0,"target_share":9.1,"team_pass_rate":48.9,"team_tgt":22,"team_pass_att":22},"pos_rank":106,"opp_rank_vs_pos":9,"game_status":"active","score":{"tm":8,"opp":35,"r":"L"}}],"news":[],"availableSeasons":[2025,2024,2023],"multiSeasonStats":[{"season":2025,"ppg":0.40625,"gamesPlayed":16,"pos1Pct":0,"pos2Pct":0,"pos3Pct":0,"bustPct":100}],"careerProfile":null,"dynasty":null,"productionRiskBenchmarks":{"position":"WR","season":2025,"qualifiedThreshold":30,"posAvg":{"yardsPerCatch":12.673226111636708,"catchPct":62.692763938315544,"tdPerTarget":4.875444839857651,"fpPerUsage":null},"posStdDev":{"tdPerTarget":2.782068497049174},"percentile":null,"playerQualified":false}}