{"id":"5859","name":"A.J. Brown","slug":"aj-brown","position":"WR","team":"PHI","status":"Active","injury_status":null,"age":28,"height":"73","weight":"226","number":11,"depth_chart_order":1,"years_exp":7,"headshotUrl":null,"season":2025,"seasonLabel":"2025 Season Final","seasonRank":15,"trends":{"weeklyFantasyPoints":[0.8,2.7,16.9,0.7,4.3,8,24.1,1.3,4.9,17,25.2,10,10.1,9.5,6.8]},"gameLog":[{"week":1,"opp":"DAL","stats":{"pts_ppr":1.8,"pts_half_ppr":1.3,"off_snp":55,"tm_off_snp":63,"rec_tgt":1,"rec":1,"rec_yd":8,"rec_td":0,"rush_att":0,"rush_yd":0,"rush_td":0,"target_share":5,"team_pass_rate":34.8,"team_tgt":20,"team_pass_att":23},"pos_rank":101,"opp_rank_vs_pos":32,"game_status":"active","score":{"tm":24,"opp":20,"r":"W"}},{"week":2,"opp":"KC","stats":{"pts_ppr":7.7,"pts_half_ppr":5.2,"off_snp":58,"tm_off_snp":60,"rec_tgt":8,"rec":5,"rec_yd":27,"rec_td":0,"rush_att":0,"rush_yd":0,"rush_td":0,"target_share":40,"team_pass_rate":39.3,"team_tgt":20,"team_pass_att":22},"pos_rank":79,"opp_rank_vs_pos":2,"game_status":"active","score":{"tm":20,"opp":17,"r":"W"}},{"week":3,"opp":"LAR","stats":{"pts_ppr":22.9,"pts_half_ppr":19.9,"off_snp":62,"tm_off_snp":67,"rec_tgt":10,"rec":6,"rec_yd":109,"rec_td":1,"rush_att":0,"rush_yd":0,"rush_td":0,"target_share":34.5,"team_pass_rate":54.2,"team_tgt":29,"team_pass_att":32},"pos_rank":3,"opp_rank_vs_pos":28,"game_status":"active","score":{"tm":33,"opp":26,"r":"W"}},{"week":4,"opp":"TB","stats":{"pts_ppr":2.7,"pts_half_ppr":1.7,"off_snp":55,"tm_off_snp":57,"rec_tgt":9,"rec":2,"rec_yd":7,"rec_td":0,"rush_att":0,"rush_yd":0,"rush_td":0,"target_share":40.9,"team_pass_rate":43.6,"team_tgt":22,"team_pass_att":24},"pos_rank":105,"opp_rank_vs_pos":18,"game_status":"active","score":{"tm":31,"opp":25,"r":"W"}},{"week":5,"opp":"DEN","stats":{"pts_ppr":9.3,"pts_half_ppr":6.8,"off_snp":57,"tm_off_snp":61,"rec_tgt":8,"rec":5,"rec_yd":43,"rec_td":0,"rush_att":0,"rush_yd":0,"rush_td":0,"target_share":21.6,"team_pass_rate":77.6,"team_tgt":37,"team_pass_att":38},"pos_rank":55,"opp_rank_vs_pos":1,"game_status":"active","score":{"tm":17,"opp":21,"r":"L"}},{"week":6,"opp":"NYG","stats":{"pts_ppr":14,"pts_half_ppr":11,"off_snp":55,"tm_off_snp":57,"rec_tgt":9,"rec":6,"rec_yd":80,"rec_td":0,"rush_att":0,"rush_yd":0,"rush_td":0,"target_share":28.1,"team_pass_rate":62.3,"team_tgt":32,"team_pass_att":33},"pos_rank":26,"opp_rank_vs_pos":20,"game_status":"active","score":{"tm":17,"opp":34,"r":"L"}},{"week":7,"opp":"MIN","stats":{"pts_ppr":28.1,"pts_half_ppr":26.1,"off_snp":46,"tm_off_snp":50,"rec_tgt":6,"rec":4,"rec_yd":121,"rec_td":2,"rush_att":0,"rush_yd":0,"rush_td":0,"target_share":26.1,"team_pass_rate":50,"team_tgt":23,"team_pass_att":23},"pos_rank":2,"opp_rank_vs_pos":4,"game_status":"active","score":{"tm":28,"opp":22,"r":"W"}},{"week":8,"opp":"—","stats":{"pts_ppr":0},"game_status":"out"},{"week":9,"opp":"BYE","stats":{"pts_ppr":0},"game_status":"bye"},{"week":10,"opp":"GB","stats":{"pts_ppr":3.3,"pts_half_ppr":2.3,"off_snp":49,"tm_off_snp":63,"rec_tgt":3,"rec":2,"rec_yd":13,"rec_td":0,"rush_att":0,"rush_yd":0,"rush_td":0,"target_share":13,"team_pass_rate":43.3,"team_tgt":23,"team_pass_att":26},"pos_rank":76,"opp_rank_vs_pos":23,"game_status":"active","score":{"tm":10,"opp":7,"r":"W"}},{"week":11,"opp":"DET","stats":{"pts_ppr":11.9,"pts_half_ppr":8.4,"off_snp":67,"tm_off_snp":72,"rec_tgt":11,"rec":7,"rec_yd":49,"rec_td":0,"rush_att":0,"rush_yd":0,"rush_td":0,"target_share":40.7,"team_pass_rate":41.2,"team_tgt":27,"team_pass_att":28},"pos_rank":42,"opp_rank_vs_pos":30,"game_status":"active","score":{"tm":16,"opp":9,"r":"W"}},{"week":12,"opp":"DAL","stats":{"pts_ppr":25,"pts_half_ppr":21,"off_snp":59,"tm_off_snp":63,"rec_tgt":10,"rec":8,"rec_yd":110,"rec_td":1,"rush_att":0,"rush_yd":0,"rush_td":0,"target_share":28.6,"team_pass_rate":68.4,"team_tgt":35,"team_pass_att":39},"pos_rank":7,"opp_rank_vs_pos":32,"game_status":"active","score":{"tm":21,"opp":24,"r":"L"}},{"week":13,"opp":"CHI","stats":{"pts_ppr":35.2,"pts_half_ppr":30.2,"off_snp":52,"tm_off_snp":54,"rec_tgt":12,"rec":10,"rec_yd":132,"rec_td":2,"rush_att":0,"rush_yd":0,"rush_td":0,"target_share":40,"team_pass_rate":66.7,"team_tgt":30,"team_pass_att":34},"pos_rank":1,"opp_rank_vs_pos":31,"game_status":"active","score":{"tm":15,"opp":24,"r":"L"}},{"week":14,"opp":"LAC","stats":{"pts_ppr":16,"pts_half_ppr":13,"off_snp":69,"tm_off_snp":71,"rec_tgt":13,"rec":6,"rec_yd":100,"rec_td":0,"rush_att":0,"rush_yd":0,"rush_td":0,"target_share":34.2,"team_pass_rate":61.5,"team_tgt":38,"team_pass_att":40},"pos_rank":17,"opp_rank_vs_pos":10,"game_status":"active","score":{"tm":19,"opp":22,"r":"L"}},{"week":15,"opp":"LV","stats":{"pts_ppr":12.1,"pts_half_ppr":11.1,"off_snp":50,"tm_off_snp":69,"rec_tgt":2,"rec":2,"rec_yd":41,"rec_td":1,"rush_att":0,"rush_yd":0,"rush_td":0,"target_share":11.1,"team_pass_rate":27.7,"team_tgt":18,"team_pass_att":18},"pos_rank":24,"opp_rank_vs_pos":17,"game_status":"active","score":{"tm":31,"opp":0,"r":"W"}},{"week":16,"opp":"WAS","stats":{"pts_ppr":18.5,"pts_half_ppr":14,"off_snp":61,"tm_off_snp":70,"rec_tgt":12,"rec":9,"rec_yd":95,"rec_td":0,"rush_att":0,"rush_yd":0,"rush_td":0,"target_share":41.4,"team_pass_rate":46.9,"team_tgt":29,"team_pass_att":30},"pos_rank":24,"opp_rank_vs_pos":26,"game_status":"active","score":{"tm":29,"opp":18,"r":"W"}},{"week":17,"opp":"BUF","stats":{"pts_ppr":11.8,"pts_half_ppr":9.3,"off_snp":48,"tm_off_snp":54,"rec_tgt":7,"rec":5,"rec_yd":68,"rec_td":0,"rush_att":0,"rush_yd":0,"rush_td":0,"target_share":31.8,"team_pass_rate":50.9,"team_tgt":22,"team_pass_att":27},"pos_rank":31,"opp_rank_vs_pos":9,"game_status":"active","score":{"tm":13,"opp":12,"r":"W"}},{"week":18,"opp":"—","stats":{"pts_ppr":0},"game_status":"out"}],"news":[],"availableSeasons":[2025,2024,2023],"multiSeasonStats":[{"season":2025,"ppg":9.486666666666668,"gamesPlayed":15,"pos1Pct":26.666666666666668,"pos2Pct":20,"pos3Pct":13.333333333333334,"bustPct":40},{"season":2024,"ppg":11.530769230769229,"gamesPlayed":13,"pos1Pct":46.15384615384615,"pos2Pct":7.6923076923076925,"pos3Pct":15.384615384615385,"bustPct":30.76923076923077},{"season":2023,"ppg":11.03529411764706,"gamesPlayed":17,"pos1Pct":29.411764705882355,"pos2Pct":23.52941176470588,"pos3Pct":17.647058823529413,"bustPct":29.411764705882355}],"careerProfile":{"ppg":10.662222222222223,"gamesPlayed":45,"maxGames":51,"durabilityPct":88.23529411764706,"pos1Pct":33.33333333333333,"pos2Pct":17.77777777777778,"pos3Pct":15.555555555555555,"bustPct":33.33333333333333,"volatility":7.16152246665498,"volatilityLabel":"Moderate","seasons":3,"seasonPpgs":[{"season":2025,"ppg":9.486666666666668},{"season":2024,"ppg":11.530769230769229},{"season":2023,"ppg":11.03529411764706}],"smallSample":false},"dynasty":{"rank":67,"positionalRank":28,"value":5427,"overallTier":9,"positionalTier":7,"trend30":-7,"trend7":-6,"posTrend30":-4,"posTrend7":-4,"age":28.6,"position":"WR","team":"PHI","adp":68,"startupAdp":25,"tradeCount":67,"ageCurveTier":"Prime","ktcSlug":"aj-brown-217","draftRound":2,"draftPick":19,"draftYear":2019,"sf":{"rank":78,"positionalRank":28,"value":4677,"overallTier":10,"positionalTier":8,"trend30":-9,"trend7":-7,"posTrend30":-5,"posTrend7":-5,"adp":71,"startupAdp":39,"tradeCount":250}},"productionRiskBenchmarks":{"position":"WR","season":2025,"qualifiedThreshold":30,"posAvg":{"yardsPerCatch":12.673226111636708,"catchPct":62.692763938315544,"tdPerTarget":4.875444839857651,"fpPerUsage":null},"posStdDev":{"tdPerTarget":2.782068497049174},"percentile":{"yardsPerCatch":57,"catchPct":62,"tdPerTarget":73,"fpPerUsage":null},"playerQualified":true}}