{"neighbors":[{"id":"8144","name":"Chris Olave","slug":"chris-olave","team":"NO","position":"WR","posRank":8,"ppg":16.8},{"id":"2133","name":"Davante Adams","slug":"davante-adams","team":"LAR","position":"WR","posRank":9,"ppg":15.9},{"id":"7569","name":"Nico Collins","slug":"nico-collins","team":"HOU","position":"WR","posRank":10,"ppg":15.1},{"id":"6786","name":"CeeDee Lamb","slug":"ceedee-lamb","team":"DAL","position":"WR","posRank":12,"ppg":14.3},{"id":"9997","name":"Zay Flowers","slug":"zay-flowers","team":"BAL","position":"WR","posRank":13,"ppg":14.3},{"id":"11632","name":"Malik Nabers","slug":"malik-nabers","team":"NYG","position":"WR","posRank":14,"ppg":14.3}],"currentRank":11,"season":2025,"format":"ppr","position":"WR"}