{"id":"12713","name":"Andy Borregales","slug":"andy-borregales","position":"K","team":"NE","status":"Active","injury_status":null,"age":23,"height":"71","weight":"202","number":36,"depth_chart_order":1,"years_exp":1,"headshotUrl":null,"season":2025,"seasonLabel":"2025 Season Final","seasonRank":16,"trends":{"weeklyFantasyPoints":[7,7,2,6,11,5,7,12,6,4,9,14,15,7,8,6,8]},"gameLog":[{"week":1,"opp":"LV","stats":{"pts_ppr":7,"pts_half_ppr":7,"off_snp":0,"tm_off_snp":71,"fgm":2,"fga":3,"fgm_lng":44,"xpm":1,"xpa":1,"target_share":0,"team_pass_rate":71.9,"team_tgt":45,"team_pass_att":46},"pos_rank":21,"opp_rank_vs_pos":21,"game_status":"active","score":{"tm":13,"opp":20,"r":"L"}},{"week":2,"opp":"MIA","stats":{"pts_ppr":7,"pts_half_ppr":7,"off_snp":0,"tm_off_snp":60,"fgm":2,"fga":2,"fgm_lng":53,"xpm":1,"xpa":3,"target_share":0,"team_pass_rate":41.8,"team_tgt":24,"team_pass_att":23},"pos_rank":22,"opp_rank_vs_pos":10,"game_status":"active","score":{"tm":33,"opp":27,"r":"W"}},{"week":3,"opp":"PIT","stats":{"pts_ppr":2,"pts_half_ppr":2,"off_snp":0,"tm_off_snp":74,"fgm":0,"fga":0,"fgm_lng":0,"xpm":2,"xpa":2,"target_share":0,"team_pass_rate":56.1,"team_tgt":36,"team_pass_att":37},"pos_rank":31,"opp_rank_vs_pos":17,"game_status":"active","score":{"tm":14,"opp":21,"r":"L"}},{"week":4,"opp":"CAR","stats":{"pts_ppr":6,"pts_half_ppr":6,"off_snp":0,"tm_off_snp":49,"fgm":0,"fga":0,"fgm_lng":0,"xpm":6,"xpa":6,"target_share":0,"team_pass_rate":38.3,"team_tgt":17,"team_pass_att":18},"pos_rank":26,"opp_rank_vs_pos":16,"game_status":"active","score":{"tm":42,"opp":13,"r":"W"}},{"week":5,"opp":"BUF","stats":{"pts_ppr":13,"pts_half_ppr":13,"off_snp":0,"tm_off_snp":60,"fgm":3,"fga":3,"fgm_lng":52,"xpm":2,"xpa":2,"target_share":0,"team_pass_rate":57.7,"team_tgt":30,"team_pass_att":30},"pos_rank":5,"opp_rank_vs_pos":6,"game_status":"active","score":{"tm":23,"opp":20,"r":"W"}},{"week":6,"opp":"NO","stats":{"pts_ppr":5,"pts_half_ppr":5,"off_snp":0,"tm_off_snp":64,"fgm":1,"fga":1,"fgm_lng":24,"xpm":2,"xpa":2,"target_share":0,"team_pass_rate":45.6,"team_tgt":24,"team_pass_att":26},"pos_rank":24,"opp_rank_vs_pos":25,"game_status":"active","score":{"tm":25,"opp":19,"r":"W"}},{"week":7,"opp":"TEN","stats":{"pts_ppr":7,"pts_half_ppr":7,"off_snp":0,"tm_off_snp":65,"fgm":1,"fga":1,"fgm_lng":36,"xpm":4,"xpa":4,"target_share":0,"team_pass_rate":39.3,"team_tgt":24,"team_pass_att":24},"pos_rank":14,"opp_rank_vs_pos":26,"game_status":"active","score":{"tm":31,"opp":13,"r":"W"}},{"week":8,"opp":"CLE","stats":{"pts_ppr":13,"pts_half_ppr":13,"off_snp":0,"tm_off_snp":68,"fgm":3,"fga":3,"fgm_lng":42,"xpm":3,"xpa":3,"target_share":0,"team_pass_rate":40.7,"team_tgt":23,"team_pass_att":24},"pos_rank":5,"opp_rank_vs_pos":12,"game_status":"active","score":{"tm":32,"opp":13,"r":"W"}},{"week":9,"opp":"ATL","stats":{"pts_ppr":6,"pts_half_ppr":6,"off_snp":0,"tm_off_snp":68,"fgm":1,"fga":1,"fgm_lng":32,"xpm":3,"xpa":3,"target_share":0,"team_pass_rate":46.8,"team_tgt":28,"team_pass_att":29},"pos_rank":18,"opp_rank_vs_pos":23,"game_status":"active","score":{"tm":24,"opp":23,"r":"W"}},{"week":10,"opp":"TB","stats":{"pts_ppr":4,"pts_half_ppr":4,"off_snp":0,"tm_off_snp":61,"fgm":0,"fga":0,"fgm_lng":0,"xpm":4,"xpa":4,"target_share":0,"team_pass_rate":53.4,"team_tgt":29,"team_pass_att":31},"pos_rank":22,"opp_rank_vs_pos":9,"game_status":"active","score":{"tm":28,"opp":23,"r":"W"}},{"week":11,"opp":"NYJ","stats":{"pts_ppr":9,"pts_half_ppr":9,"off_snp":0,"tm_off_snp":67,"fgm":2,"fga":3,"fgm_lng":44,"xpm":3,"xpa":3,"target_share":0,"team_pass_rate":55.7,"team_tgt":34,"team_pass_att":34},"pos_rank":14,"opp_rank_vs_pos":31,"game_status":"active","score":{"tm":27,"opp":14,"r":"W"}},{"week":12,"opp":"CIN","stats":{"pts_ppr":18,"pts_half_ppr":18,"off_snp":0,"tm_off_snp":71,"fgm":4,"fga":4,"fgm_lng":52,"xpm":2,"xpa":2,"target_share":0,"team_pass_rate":53,"team_tgt":33,"team_pass_att":35},"pos_rank":2,"opp_rank_vs_pos":14,"game_status":"active","score":{"tm":26,"opp":20,"r":"W"}},{"week":13,"opp":"NYG","stats":{"pts_ppr":14,"pts_half_ppr":14,"off_snp":0,"tm_off_snp":65,"fgm":4,"fga":5,"fgm_lng":30,"xpm":3,"xpa":3,"target_share":0,"team_pass_rate":51.7,"team_tgt":30,"team_pass_att":31},"pos_rank":2,"opp_rank_vs_pos":24,"game_status":"active","score":{"tm":33,"opp":15,"r":"W"}},{"week":14,"opp":"BYE","stats":{"pts_ppr":0},"game_status":"bye"},{"week":15,"opp":"BUF","stats":{"pts_ppr":7,"pts_half_ppr":7,"off_snp":0,"tm_off_snp":52,"fgm":1,"fga":1,"fgm_lng":36,"xpm":4,"xpa":4,"target_share":0,"team_pass_rate":47.9,"team_tgt":22,"team_pass_att":23},"pos_rank":19,"opp_rank_vs_pos":6,"game_status":"active","score":{"tm":31,"opp":35,"r":"L"}},{"week":16,"opp":"BAL","stats":{"pts_ppr":10,"pts_half_ppr":10,"off_snp":0,"tm_off_snp":74,"fgm":2,"fga":2,"fgm_lng":45,"xpm":2,"xpa":2,"target_share":0,"team_pass_rate":65.7,"team_tgt":42,"team_pass_att":44},"pos_rank":20,"opp_rank_vs_pos":29,"game_status":"active","score":{"tm":28,"opp":24,"r":"W"}},{"week":17,"opp":"NYJ","stats":{"pts_ppr":5,"pts_half_ppr":5,"off_snp":0,"tm_off_snp":66,"fgm":0,"fga":1,"fgm_lng":0,"xpm":6,"xpa":6,"target_share":0,"team_pass_rate":41,"team_tgt":25,"team_pass_att":25},"pos_rank":23,"opp_rank_vs_pos":31,"game_status":"active","score":{"tm":42,"opp":10,"r":"W"}},{"week":18,"opp":"MIA","stats":{"pts_ppr":9,"pts_half_ppr":9,"off_snp":0,"tm_off_snp":0,"fgm":1,"fga":2,"fgm_lng":59,"xpm":5,"xpa":5,"target_share":0,"team_pass_rate":39.3,"team_tgt":20,"team_pass_att":22},"pos_rank":16,"opp_rank_vs_pos":10,"game_status":"active","score":{"tm":38,"opp":10,"r":"W"}}],"news":[],"availableSeasons":[2025,2024,2023],"multiSeasonStats":[{"season":2025,"ppg":7.882352941176471,"gamesPlayed":17,"pos1Pct":23.52941176470588,"pos2Pct":64.70588235294117,"pos3Pct":11.76470588235294,"bustPct":0}],"careerProfile":null,"dynasty":null,"productionRiskBenchmarks":null}