[{"week":1,"opp":"CAR","stats":{"pts_ppr":22,"pts_half_ppr":19.5,"off_snp":34,"tm_off_snp":66,"rush_att":15,"rush_yd":83,"rush_td":1,"rec_tgt":5,"rec":5,"rec_yd":27,"rec_td":0,"target_share":17.2,"team_pass_rate":0,"team_tgt":29,"team_pass_att":0},"pos_rank":6,"opp_rank_vs_pos":32,"game_status":"active","score":{"tm":47,"opp":10,"r":"W"}},{"week":2,"opp":"DAL","stats":{"pts_ppr":44,"pts_half_ppr":43,"off_snp":37,"tm_off_snp":59,"rush_att":20,"rush_yd":115,"rush_td":3,"rec_tgt":3,"rec":2,"rec_yd":65,"rec_td":1,"target_share":23.1,"team_pass_rate":0,"team_tgt":13,"team_pass_att":0},"pos_rank":1,"opp_rank_vs_pos":15,"game_status":"active","score":{"tm":44,"opp":19,"r":"W"}},{"week":3,"opp":"PHI","stats":{"pts_ppr":15.7,"pts_half_ppr":14.2,"off_snp":48,"tm_off_snp":56,"rush_att":26,"rush_yd":87,"rush_td":0,"rec_tgt":3,"rec":3,"rec_yd":40,"rec_td":0,"target_share":15,"team_pass_rate":0,"team_tgt":20,"team_pass_att":0},"pos_rank":15,"opp_rank_vs_pos":2,"game_status":"active","score":{"tm":12,"opp":15,"r":"L"}},{"week":4,"opp":"ATL","stats":{"pts_ppr":24.9,"pts_half_ppr":21.4,"off_snp":61,"tm_off_snp":74,"rush_att":19,"rush_yd":77,"rush_td":1,"rec_tgt":9,"rec":7,"rec_yd":42,"rec_td":0,"target_share":25.7,"team_pass_rate":0,"team_tgt":35,"team_pass_att":0},"pos_rank":4,"opp_rank_vs_pos":23,"game_status":"active","score":{"tm":24,"opp":26,"r":"L"}},{"week":5,"opp":"KC","stats":{"pts_ppr":12.6,"pts_half_ppr":9.6,"off_snp":47,"tm_off_snp":53,"rush_att":11,"rush_yd":26,"rush_td":0,"rec_tgt":8,"rec":6,"rec_yd":40,"rec_td":0,"target_share":27.6,"team_pass_rate":0,"team_tgt":29,"team_pass_att":0},"pos_rank":22,"opp_rank_vs_pos":1,"game_status":"active","score":{"tm":13,"opp":26,"r":"L"}},{"week":6,"opp":"TB","stats":{"pts_ppr":17.4,"pts_half_ppr":14.9,"off_snp":52,"tm_off_snp":70,"rush_att":13,"rush_yd":40,"rush_td":1,"rec_tgt":8,"rec":5,"rec_yd":24,"rec_td":0,"target_share":23.5,"team_pass_rate":67.8,"team_tgt":34,"team_pass_att":40},"pos_rank":17,"opp_rank_vs_pos":9,"game_status":"active","score":{"tm":27,"opp":51,"r":"L"}},{"week":7,"opp":"DEN","stats":{"pts_ppr":8.4,"pts_half_ppr":5.4,"off_snp":40,"tm_off_snp":70,"rush_att":7,"rush_yd":10,"rush_td":0,"rec_tgt":7,"rec":6,"rec_yd":14,"rec_td":0,"target_share":16.3,"team_pass_rate":60.3,"team_tgt":43,"team_pass_att":35},"pos_rank":32,"opp_rank_vs_pos":19,"game_status":"active","score":{"tm":10,"opp":33,"r":"L"}},{"week":8,"opp":"LAC","stats":{"pts_ppr":18.2,"pts_half_ppr":15.2,"off_snp":40,"tm_off_snp":73,"rush_att":10,"rush_yd":67,"rush_td":0,"rec_tgt":11,"rec":6,"rec_yd":55,"rec_td":0,"target_share":25,"team_pass_rate":57.1,"team_tgt":44,"team_pass_att":24},"pos_rank":13,"opp_rank_vs_pos":7,"game_status":"active","score":{"tm":8,"opp":26,"r":"L"}},{"week":9,"opp":"CAR","stats":{"pts_ppr":27.5,"pts_half_ppr":24.5,"off_snp":61,"tm_off_snp":79,"rush_att":29,"rush_yd":155,"rush_td":0,"rec_tgt":9,"rec":6,"rec_yd":60,"rec_td":0,"target_share":30,"team_pass_rate":0,"team_tgt":30,"team_pass_att":0},"pos_rank":3,"opp_rank_vs_pos":32,"game_status":"active","score":{"tm":22,"opp":23,"r":"L"}},{"week":10,"opp":"ATL","stats":{"pts_ppr":15.9,"pts_half_ppr":13.4,"off_snp":43,"tm_off_snp":53,"rush_att":17,"rush_yd":55,"rush_td":0,"rec_tgt":6,"rec":5,"rec_yd":54,"rec_td":0,"target_share":27.3,"team_pass_rate":0,"team_tgt":22,"team_pass_att":0},"pos_rank":11,"opp_rank_vs_pos":23,"game_status":"active","score":{"tm":20,"opp":17,"r":"W"}},{"week":11,"opp":"CLE","stats":{"pts_ppr":12.9,"pts_half_ppr":10.9,"off_snp":44,"tm_off_snp":60,"rush_att":16,"rush_yd":67,"rush_td":0,"rec_tgt":4,"rec":4,"rec_yd":22,"rec_td":0,"target_share":12.5,"team_pass_rate":0,"team_tgt":32,"team_pass_att":0},"pos_rank":18,"opp_rank_vs_pos":6,"game_status":"active","score":{"tm":35,"opp":14,"r":"W"}},{"week":12,"opp":"BYE","stats":{"pts_ppr":0},"game_status":"bye"},{"week":13,"opp":"LAR","stats":{"pts_ppr":15.9,"pts_half_ppr":13.9,"off_snp":60,"tm_off_snp":70,"rush_att":23,"rush_yd":112,"rush_td":0,"rec_tgt":6,"rec":4,"rec_yd":7,"rec_td":0,"target_share":17.1,"team_pass_rate":0,"team_tgt":35,"team_pass_att":0},"pos_rank":14,"opp_rank_vs_pos":18,"game_status":"active","score":{"tm":14,"opp":21,"r":"L"}},{"week":14,"opp":"NYG","stats":{"pts_ppr":12.9,"pts_half_ppr":10.4,"off_snp":49,"tm_off_snp":68,"rush_att":17,"rush_yd":44,"rush_td":0,"rec_tgt":5,"rec":5,"rec_yd":35,"rec_td":0,"target_share":25,"team_pass_rate":0,"team_tgt":20,"team_pass_att":0},"pos_rank":21,"opp_rank_vs_pos":27,"game_status":"active","score":{"tm":14,"opp":11,"r":"W"}},{"week":15,"opp":"WAS","stats":{"pts_ppr":17,"pts_half_ppr":15,"off_snp":25,"tm_off_snp":55,"rush_att":5,"rush_yd":12,"rush_td":0,"rec_tgt":5,"rec":4,"rec_yd":58,"rec_td":1,"target_share":20.8,"team_pass_rate":52.5,"team_tgt":24,"team_pass_att":21},"pos_rank":12,"opp_rank_vs_pos":29,"game_status":"active","score":{"tm":19,"opp":20,"r":"L"}},{"week":16,"opp":"—","stats":{"pts_ppr":0},"game_status":"out"},{"week":17,"opp":"—","stats":{"pts_ppr":0},"game_status":"out"},{"week":18,"opp":"—","stats":{"pts_ppr":0},"game_status":"out"}]