[{"week":1,"opp":"—","stats":{"pts_ppr":0},"game_status":"out"},{"week":2,"opp":"—","stats":{"pts_ppr":0},"game_status":"out"},{"week":3,"opp":"—","stats":{"pts_ppr":0},"game_status":"out"},{"week":4,"opp":"TB","stats":{"pts_ppr":21.4,"pts_half_ppr":14.9,"off_snp":49,"tm_off_snp":65,"rush_att":11,"rush_yd":51,"rush_td":0,"rec_tgt":14,"rec":13,"rec_yd":33,"rec_td":0,"target_share":51.9,"team_pass_rate":0,"team_tgt":27,"team_pass_att":0},"pos_rank":12,"opp_rank_vs_pos":4,"game_status":"active","score":{"tm":9,"opp":26,"r":"L"}},{"week":5,"opp":"NE","stats":{"pts_ppr":18.7,"pts_half_ppr":17.2,"off_snp":45,"tm_off_snp":72,"rush_att":22,"rush_yd":80,"rush_td":1,"rec_tgt":3,"rec":3,"rec_yd":17,"rec_td":0,"target_share":18.8,"team_pass_rate":0,"team_tgt":16,"team_pass_att":0},"pos_rank":7,"opp_rank_vs_pos":11,"game_status":"active","score":{"tm":34,"opp":0,"r":"W"}},{"week":6,"opp":"HOU","stats":{"pts_ppr":17.4,"pts_half_ppr":13.9,"off_snp":66,"tm_off_snp":82,"rush_att":19,"rush_yd":68,"rush_td":0,"rec_tgt":8,"rec":7,"rec_yd":36,"rec_td":0,"target_share":20.5,"team_pass_rate":0,"team_tgt":39,"team_pass_att":0},"pos_rank":12,"opp_rank_vs_pos":16,"game_status":"active","score":{"tm":13,"opp":20,"r":"L"}},{"week":7,"opp":"JAX","stats":{"pts_ppr":29.3,"pts_half_ppr":23.3,"off_snp":66,"tm_off_snp":90,"rush_att":17,"rush_yd":62,"rush_td":0,"rec_tgt":14,"rec":12,"rec_yd":91,"rec_td":0,"target_share":33.3,"team_pass_rate":0,"team_tgt":42,"team_pass_att":0},"pos_rank":2,"opp_rank_vs_pos":12,"game_status":"active","score":{"tm":24,"opp":31,"r":"L"}},{"week":8,"opp":"IND","stats":{"pts_ppr":27,"pts_half_ppr":25,"off_snp":38,"tm_off_snp":66,"rush_att":17,"rush_yd":59,"rush_td":1,"rec_tgt":5,"rec":4,"rec_yd":51,"rec_td":1,"target_share":20.8,"team_pass_rate":0,"team_tgt":24,"team_pass_att":0},"pos_rank":4,"opp_rank_vs_pos":27,"game_status":"active","score":{"tm":38,"opp":27,"r":"W"}},{"week":9,"opp":"CHI","stats":{"pts_ppr":11,"pts_half_ppr":9,"off_snp":31,"tm_off_snp":63,"rush_att":9,"rush_yd":26,"rush_td":0,"rec_tgt":5,"rec":4,"rec_yd":44,"rec_td":0,"target_share":17.2,"team_pass_rate":0,"team_tgt":29,"team_pass_att":0},"pos_rank":22,"opp_rank_vs_pos":23,"game_status":"active","score":{"tm":24,"opp":17,"r":"W"}},{"week":10,"opp":"MIN","stats":{"pts_ppr":18.5,"pts_half_ppr":15,"off_snp":51,"tm_off_snp":67,"rush_att":9,"rush_yd":42,"rush_td":0,"rec_tgt":7,"rec":7,"rec_yd":33,"rec_td":0,"target_share":25,"team_pass_rate":0,"team_tgt":28,"team_pass_att":0},"pos_rank":14,"opp_rank_vs_pos":13,"game_status":"active","score":{"tm":19,"opp":27,"r":"L"}},{"week":11,"opp":"—","stats":{"pts_ppr":0},"game_status":"out"},{"week":12,"opp":"ATL","stats":{"pts_ppr":15.9,"pts_half_ppr":13.9,"off_snp":46,"tm_off_snp":72,"rush_att":15,"rush_yd":69,"rush_td":0,"rec_tgt":5,"rec":4,"rec_yd":50,"rec_td":0,"target_share":16.7,"team_pass_rate":0,"team_tgt":30,"team_pass_att":0},"pos_rank":14,"opp_rank_vs_pos":7,"game_status":"active","score":{"tm":15,"opp":24,"r":"L"}},{"week":13,"opp":"DET","stats":{"pts_ppr":28.9,"pts_half_ppr":25.9,"off_snp":39,"tm_off_snp":67,"rush_att":14,"rush_yd":51,"rush_td":2,"rec_tgt":8,"rec":6,"rec_yd":58,"rec_td":0,"target_share":28.6,"team_pass_rate":0,"team_tgt":28,"team_pass_att":0},"pos_rank":2,"opp_rank_vs_pos":1,"game_status":"active","score":{"tm":28,"opp":33,"r":"L"}},{"week":14,"opp":"CAR","stats":{"pts_ppr":13.5,"pts_half_ppr":12,"off_snp":28,"tm_off_snp":52,"rush_att":12,"rush_yd":56,"rush_td":1,"rec_tgt":4,"rec":3,"rec_yd":-11,"rec_td":0,"target_share":21.1,"team_pass_rate":0,"team_tgt":19,"team_pass_att":0},"pos_rank":20,"opp_rank_vs_pos":29,"game_status":"active","score":{"tm":28,"opp":6,"r":"W"}},{"week":15,"opp":"NYG","stats":{"pts_ppr":16,"pts_half_ppr":13.5,"off_snp":32,"tm_off_snp":62,"rush_att":16,"rush_yd":66,"rush_td":0,"rec_tgt":5,"rec":5,"rec_yd":44,"rec_td":0,"target_share":29.4,"team_pass_rate":0,"team_tgt":17,"team_pass_att":0},"pos_rank":15,"opp_rank_vs_pos":22,"game_status":"active","score":{"tm":24,"opp":6,"r":"W"}},{"week":16,"opp":"LAR","stats":{"pts_ppr":8.5,"pts_half_ppr":6,"off_snp":44,"tm_off_snp":60,"rush_att":9,"rush_yd":19,"rush_td":0,"rec_tgt":6,"rec":5,"rec_yd":16,"rec_td":0,"target_share":15,"team_pass_rate":0,"team_tgt":40,"team_pass_att":0},"pos_rank":44,"opp_rank_vs_pos":3,"game_status":"active","score":{"tm":22,"opp":30,"r":"L"}},{"week":17,"opp":"TB","stats":{"pts_ppr":6.9,"pts_half_ppr":5.9,"off_snp":23,"tm_off_snp":70,"rush_att":10,"rush_yd":45,"rush_td":0,"rec_tgt":2,"rec":2,"rec_yd":4,"rec_td":0,"target_share":6.7,"team_pass_rate":0,"team_tgt":30,"team_pass_att":0},"pos_rank":41,"opp_rank_vs_pos":4,"game_status":"active","score":{"tm":23,"opp":13,"r":"W"}},{"week":18,"opp":"—","stats":{"pts_ppr":0},"game_status":"out"}]