[{"week":1,"opp":"ARI","stats":{"pts_ppr":13.7,"pts_half_ppr":12.7,"off_snp":59,"tm_off_snp":75,"rush_att":11,"rush_yd":45,"rush_td":1,"rec_tgt":2,"rec":2,"rec_yd":12,"rec_td":0,"target_share":7.1,"team_pass_rate":67.6,"team_tgt":28,"team_pass_att":46},"pos_rank":18,"opp_rank_vs_pos":29,"game_status":"active","score":{"tm":13,"opp":20,"r":"L"}},{"week":2,"opp":"SF","stats":{"pts_ppr":16,"pts_half_ppr":13,"off_snp":61,"tm_off_snp":71,"rush_att":21,"rush_yd":99,"rush_td":0,"rec_tgt":6,"rec":6,"rec_yd":21,"rec_td":0,"target_share":21.4,"team_pass_rate":53.1,"team_tgt":28,"team_pass_att":34},"pos_rank":21,"opp_rank_vs_pos":22,"game_status":"active","score":{"tm":21,"opp":26,"r":"L"}},{"week":3,"opp":"SEA","stats":{"pts_ppr":6.6,"pts_half_ppr":6.1,"off_snp":54,"tm_off_snp":73,"rush_att":18,"rush_yd":42,"rush_td":0,"rec_tgt":2,"rec":1,"rec_yd":14,"rec_td":0,"target_share":6.7,"team_pass_rate":60.3,"team_tgt":30,"team_pass_att":41},"pos_rank":37,"opp_rank_vs_pos":4,"game_status":"active","score":{"tm":13,"opp":44,"r":"L"}},{"week":4,"opp":"BUF","stats":{"pts_ppr":11.2,"pts_half_ppr":9.2,"off_snp":49,"tm_off_snp":67,"rush_att":15,"rush_yd":70,"rush_td":0,"rec_tgt":5,"rec":4,"rec_yd":2,"rec_td":0,"target_share":33.3,"team_pass_rate":45.8,"team_tgt":15,"team_pass_att":27},"pos_rank":31,"opp_rank_vs_pos":26,"game_status":"active","score":{"tm":19,"opp":31,"r":"L"}},{"week":5,"opp":"NYG","stats":{"pts_ppr":9.5,"pts_half_ppr":7.5,"off_snp":37,"tm_off_snp":66,"rush_att":8,"rush_yd":27,"rush_td":0,"rec_tgt":6,"rec":4,"rec_yd":28,"rec_td":0,"target_share":24,"team_pass_rate":50.8,"team_tgt":25,"team_pass_att":31},"pos_rank":29,"opp_rank_vs_pos":31,"game_status":"active","score":{"tm":26,"opp":14,"r":"W"}},{"week":6,"opp":"NE","stats":{"pts_ppr":12.6,"pts_half_ppr":10.1,"off_snp":35,"tm_off_snp":56,"rush_att":10,"rush_yd":31,"rush_td":0,"rec_tgt":5,"rec":5,"rec_yd":45,"rec_td":0,"target_share":26.3,"team_pass_rate":53.1,"team_tgt":19,"team_pass_att":26},"pos_rank":16,"opp_rank_vs_pos":7,"game_status":"active","score":{"tm":19,"opp":25,"r":"L"}},{"week":7,"opp":"CHI","stats":{"pts_ppr":5.9,"pts_half_ppr":4.4,"off_snp":47,"tm_off_snp":56,"rush_att":11,"rush_yd":28,"rush_td":0,"rec_tgt":3,"rec":3,"rec_yd":1,"rec_td":0,"target_share":14.3,"team_pass_rate":65.3,"team_tgt":21,"team_pass_att":32},"pos_rank":40,"opp_rank_vs_pos":24,"game_status":"active","score":{"tm":14,"opp":26,"r":"L"}},{"week":8,"opp":"TB","stats":{"pts_ppr":6.5,"pts_half_ppr":5.5,"off_snp":37,"tm_off_snp":72,"rush_att":6,"rush_yd":21,"rush_td":0,"rec_tgt":2,"rec":2,"rec_yd":24,"rec_td":0,"target_share":5.9,"team_pass_rate":77.3,"team_tgt":34,"team_pass_att":51},"pos_rank":34,"opp_rank_vs_pos":20,"game_status":"active","score":{"tm":3,"opp":23,"r":"L"}},{"week":9,"opp":"LAR","stats":{"pts_ppr":0.7,"pts_half_ppr":0.2,"off_snp":24,"tm_off_snp":41,"rush_att":6,"rush_yd":14,"rush_td":0,"rec_tgt":3,"rec":1,"rec_yd":3,"rec_td":0,"target_share":25,"team_pass_rate":63.2,"team_tgt":12,"team_pass_att":24},"pos_rank":65,"opp_rank_vs_pos":10,"game_status":"active","score":{"tm":10,"opp":34,"r":"L"}},{"week":10,"opp":"CAR","stats":{"pts_ppr":14.5,"pts_half_ppr":13,"off_snp":43,"tm_off_snp":68,"rush_att":22,"rush_yd":83,"rush_td":0,"rec_tgt":3,"rec":3,"rec_yd":32,"rec_td":0,"target_share":11.5,"team_pass_rate":42.2,"team_tgt":26,"team_pass_att":27},"pos_rank":17,"opp_rank_vs_pos":19,"game_status":"active","score":{"tm":17,"opp":7,"r":"W"}},{"week":11,"opp":"BYE","stats":{"pts_ppr":0},"game_status":"bye"},{"week":12,"opp":"ATL","stats":{"pts_ppr":3.5,"pts_half_ppr":2.5,"off_snp":11,"tm_off_snp":80,"rush_att":3,"rush_yd":11,"rush_td":0,"rec_tgt":2,"rec":2,"rec_yd":4,"rec_td":0,"target_share":4.7,"team_pass_rate":60.6,"team_tgt":43,"team_pass_att":43},"pos_rank":47,"opp_rank_vs_pos":12,"game_status":"active","score":{"tm":10,"opp":24,"r":"L"}},{"week":13,"opp":"—","stats":{"pts_ppr":0},"game_status":"out"},{"week":14,"opp":"—","stats":{"pts_ppr":0},"game_status":"out"},{"week":15,"opp":"—","stats":{"pts_ppr":0},"game_status":"out"},{"week":16,"opp":"—","stats":{"pts_ppr":0},"game_status":"out"},{"week":17,"opp":"—","stats":{"pts_ppr":0},"game_status":"out"},{"week":18,"opp":"—","stats":{"pts_ppr":0},"game_status":"out"}]