{"id":"4035","name":"Alvin Kamara","slug":"alvin-kamara","position":"RB","team":"NO","status":"Active","injury_status":null,"age":30,"height":"70","weight":"215","number":41,"depth_chart_order":1,"years_exp":9,"headshotUrl":null,"season":2025,"seasonLabel":"2025 Season (Through Week 12)","seasonRank":40,"trends":{"weeklyFantasyPoints":[12.7,13,6.1,9.2,7.5,10.1,4.4,5.5,0.2,13,2.5]},"gameLog":[{"week":1,"opp":"ARI","stats":{"pts_ppr":13.7,"pts_half_ppr":12.7,"off_snp":59,"tm_off_snp":75,"rush_att":11,"rush_yd":45,"rush_td":1,"rec_tgt":2,"rec":2,"rec_yd":12,"rec_td":0,"target_share":7.1,"team_pass_rate":67.6,"team_tgt":28,"team_pass_att":46},"pos_rank":18,"opp_rank_vs_pos":29,"game_status":"active","score":{"tm":13,"opp":20,"r":"L"}},{"week":2,"opp":"SF","stats":{"pts_ppr":16,"pts_half_ppr":13,"off_snp":61,"tm_off_snp":71,"rush_att":21,"rush_yd":99,"rush_td":0,"rec_tgt":6,"rec":6,"rec_yd":21,"rec_td":0,"target_share":21.4,"team_pass_rate":53.1,"team_tgt":28,"team_pass_att":34},"pos_rank":21,"opp_rank_vs_pos":22,"game_status":"active","score":{"tm":21,"opp":26,"r":"L"}},{"week":3,"opp":"SEA","stats":{"pts_ppr":6.6,"pts_half_ppr":6.1,"off_snp":54,"tm_off_snp":73,"rush_att":18,"rush_yd":42,"rush_td":0,"rec_tgt":2,"rec":1,"rec_yd":14,"rec_td":0,"target_share":6.7,"team_pass_rate":60.3,"team_tgt":30,"team_pass_att":41},"pos_rank":37,"opp_rank_vs_pos":4,"game_status":"active","score":{"tm":13,"opp":44,"r":"L"}},{"week":4,"opp":"BUF","stats":{"pts_ppr":11.2,"pts_half_ppr":9.2,"off_snp":49,"tm_off_snp":67,"rush_att":15,"rush_yd":70,"rush_td":0,"rec_tgt":5,"rec":4,"rec_yd":2,"rec_td":0,"target_share":33.3,"team_pass_rate":45.8,"team_tgt":15,"team_pass_att":27},"pos_rank":31,"opp_rank_vs_pos":26,"game_status":"active","score":{"tm":19,"opp":31,"r":"L"}},{"week":5,"opp":"NYG","stats":{"pts_ppr":9.5,"pts_half_ppr":7.5,"off_snp":37,"tm_off_snp":66,"rush_att":8,"rush_yd":27,"rush_td":0,"rec_tgt":6,"rec":4,"rec_yd":28,"rec_td":0,"target_share":24,"team_pass_rate":50.8,"team_tgt":25,"team_pass_att":31},"pos_rank":29,"opp_rank_vs_pos":31,"game_status":"active","score":{"tm":26,"opp":14,"r":"W"}},{"week":6,"opp":"NE","stats":{"pts_ppr":12.6,"pts_half_ppr":10.1,"off_snp":35,"tm_off_snp":56,"rush_att":10,"rush_yd":31,"rush_td":0,"rec_tgt":5,"rec":5,"rec_yd":45,"rec_td":0,"target_share":26.3,"team_pass_rate":53.1,"team_tgt":19,"team_pass_att":26},"pos_rank":16,"opp_rank_vs_pos":7,"game_status":"active","score":{"tm":19,"opp":25,"r":"L"}},{"week":7,"opp":"CHI","stats":{"pts_ppr":5.9,"pts_half_ppr":4.4,"off_snp":47,"tm_off_snp":56,"rush_att":11,"rush_yd":28,"rush_td":0,"rec_tgt":3,"rec":3,"rec_yd":1,"rec_td":0,"target_share":14.3,"team_pass_rate":65.3,"team_tgt":21,"team_pass_att":32},"pos_rank":40,"opp_rank_vs_pos":24,"game_status":"active","score":{"tm":14,"opp":26,"r":"L"}},{"week":8,"opp":"TB","stats":{"pts_ppr":6.5,"pts_half_ppr":5.5,"off_snp":37,"tm_off_snp":72,"rush_att":6,"rush_yd":21,"rush_td":0,"rec_tgt":2,"rec":2,"rec_yd":24,"rec_td":0,"target_share":5.9,"team_pass_rate":77.3,"team_tgt":34,"team_pass_att":51},"pos_rank":34,"opp_rank_vs_pos":20,"game_status":"active","score":{"tm":3,"opp":23,"r":"L"}},{"week":9,"opp":"LAR","stats":{"pts_ppr":0.7,"pts_half_ppr":0.2,"off_snp":24,"tm_off_snp":41,"rush_att":6,"rush_yd":14,"rush_td":0,"rec_tgt":3,"rec":1,"rec_yd":3,"rec_td":0,"target_share":25,"team_pass_rate":63.2,"team_tgt":12,"team_pass_att":24},"pos_rank":65,"opp_rank_vs_pos":10,"game_status":"active","score":{"tm":10,"opp":34,"r":"L"}},{"week":10,"opp":"CAR","stats":{"pts_ppr":14.5,"pts_half_ppr":13,"off_snp":43,"tm_off_snp":68,"rush_att":22,"rush_yd":83,"rush_td":0,"rec_tgt":3,"rec":3,"rec_yd":32,"rec_td":0,"target_share":11.5,"team_pass_rate":42.2,"team_tgt":26,"team_pass_att":27},"pos_rank":17,"opp_rank_vs_pos":19,"game_status":"active","score":{"tm":17,"opp":7,"r":"W"}},{"week":11,"opp":"BYE","stats":{"pts_ppr":0},"game_status":"bye"},{"week":12,"opp":"ATL","stats":{"pts_ppr":3.5,"pts_half_ppr":2.5,"off_snp":11,"tm_off_snp":80,"rush_att":3,"rush_yd":11,"rush_td":0,"rec_tgt":2,"rec":2,"rec_yd":4,"rec_td":0,"target_share":4.7,"team_pass_rate":60.6,"team_tgt":43,"team_pass_att":43},"pos_rank":47,"opp_rank_vs_pos":12,"game_status":"active","score":{"tm":10,"opp":24,"r":"L"}},{"week":13,"opp":"—","stats":{"pts_ppr":0},"game_status":"out"},{"week":14,"opp":"—","stats":{"pts_ppr":0},"game_status":"out"},{"week":15,"opp":"—","stats":{"pts_ppr":0},"game_status":"out"},{"week":16,"opp":"—","stats":{"pts_ppr":0},"game_status":"out"},{"week":17,"opp":"—","stats":{"pts_ppr":0},"game_status":"out"},{"week":18,"opp":"—","stats":{"pts_ppr":0},"game_status":"out"}],"news":[],"availableSeasons":[2025,2024,2023],"multiSeasonStats":[{"season":2025,"ppg":7.654545454545455,"gamesPlayed":11,"pos1Pct":0,"pos2Pct":36.36363636363637,"pos3Pct":27.27272727272727,"bustPct":36.36363636363637},{"season":2024,"ppg":16.521428571428572,"gamesPlayed":14,"pos1Pct":35.714285714285715,"pos2Pct":50,"pos3Pct":7.142857142857142,"bustPct":7.142857142857142},{"season":2023,"ppg":15.038461538461538,"gamesPlayed":13,"pos1Pct":46.15384615384615,"pos2Pct":38.46153846153847,"pos3Pct":0,"bustPct":15.384615384615385}],"careerProfile":{"ppg":13.447368421052625,"gamesPlayed":38,"maxGames":51,"durabilityPct":74.50980392156863,"pos1Pct":28.947368421052634,"pos2Pct":42.10526315789473,"pos3Pct":10.526315789473683,"bustPct":18.421052631578945,"volatility":7.88075784674138,"volatilityLabel":"Moderate","seasons":3,"seasonPpgs":[{"season":2025,"ppg":7.654545454545455},{"season":2024,"ppg":16.521428571428572},{"season":2023,"ppg":15.038461538461538}],"smallSample":false},"dynasty":{"rank":228,"positionalRank":65,"value":2826,"overallTier":15,"positionalTier":16,"trend30":-23,"trend7":-23,"posTrend30":-7,"posTrend7":-7,"age":30.6,"position":"RB","team":"NOS","adp":72,"startupAdp":57,"tradeCount":49,"ageCurveTier":"Declining","ktcSlug":"alvin-kamara-282","draftRound":3,"draftPick":3,"draftYear":2017,"sf":{"rank":230,"positionalRank":60,"value":2343,"overallTier":15,"positionalTier":15,"trend30":-12,"trend7":-17,"posTrend30":-2,"posTrend7":-4,"adp":78,"startupAdp":90,"tradeCount":122}},"productionRiskBenchmarks":{"position":"RB","season":2025,"qualifiedThreshold":20,"posAvg":{"yardsPerCatch":7.66027689030884,"catchPct":77.89299046038988,"tdPerTarget":3.7328909166321025,"fpPerUsage":null},"posStdDev":{"tdPerTarget":2.831404276675168},"percentile":{"yardsPerCatch":12,"catchPct":86,"tdPerTarget":16,"fpPerUsage":null},"playerQualified":true},"bio":{"snapshot_bullets":["Drafted 2017: Round 3, Pick 67 (NO)","Entered the league in 2017 and developed into a weekly fantasy option.","Broke out in 2023, establishing starter-level fantasy production.","Career peak: 2024 (18.9 PPG).","Enters 2026 as the New Orleans Saints RB with a clear role in the offense."],"style":{"how_he_wins":"Produces through a blend of rushing volume and receiving usage, keeping weekly output stable across game scripts.","how_he_wins_tags":["Pass-game role"],"fantasy_translation":"Floor comes from consistent target volume; ceiling spikes when rushing TDs and receiving work converge.","fantasy_translation_tags":["Volume-driven","PPR boost"]},"timeline":[{"label":"2017","badge":"Drafted","text":"Selected Round 3, Pick 67 by New Orleans Saints out of Tennessee."},{"label":"2023","badge":"Breakout","text":"Production climbed into RB-starter territory (17.9 PPG across 13 games)."},{"label":"2024","badge":"Peak","text":"Career-high fantasy production with 18.9 PPG across 14 games."},{"label":"2025","badge":"Downtrend","text":"Recent production has dipped, posting 9.2 PPG in 2025."}],"career_context_tiles":[{"title":"Floor driver","text":"Receiving work"},{"title":"Ceiling driver","text":"Goal-line equity + big plays"},{"title":"Stability","text":"Stable role in offense"},{"title":"Risk note","text":"Role decline risk"}],"narrative_paragraphs":["Alvin Kamara entered the NFL as a 3rd-round pick (67 overall) in 2017 out of Tennessee.","The turning point came in 2023, when his production climbed into RB-starter territory (17.9 PPG). His peak arrived in 2024, delivering his best combination of volume and fantasy output (18.9 PPG across 14 games).","For fantasy managers, his floor is driven by receiving work, while his ceiling spikes when goal-line equity + big plays hit in the same week.","The main variable going forward is role decline risk, which can create week-to-week variance even when the overall role remains intact."],"last_updated":"2026-02-28","sources":[{"label":"Sleeper","url":"https://sleeper.com"},{"label":"NFL","url":"https://www.nfl.com/players/"},{"label":"Pro-Football-Reference","url":"https://www.pro-football-reference.com"}]}}