{"neighbors":[{"id":"5892","name":"David Montgomery","slug":"david-montgomery","team":"DET","position":"RB","posRank":33,"ppg":9.8},{"id":"12474","name":"Woody Marks","slug":"woody-marks","team":"HOU","position":"RB","posRank":34,"ppg":9.4},{"id":"8122","name":"Zonovan Knight","slug":"zonovan-knight","team":"ARI","position":"RB","posRank":35,"ppg":9.3},{"id":"11647","name":"Kimani Vidal","slug":"kimani-vidal","team":"LAC","position":"RB","posRank":37,"ppg":9.1},{"id":"11589","name":"Trey Benson","slug":"trey-benson","team":"ARI","position":"RB","posRank":38,"ppg":8.9},{"id":"12534","name":"Kyle Monangai","slug":"kyle-monangai","team":"CHI","position":"RB","posRank":39,"ppg":8.6}],"currentRank":36,"season":2025,"format":"ppr","position":"RB"}