{"neighbors":[{"id":"8122","name":"Zonovan Knight","slug":"zonovan-knight","team":"ARI","position":"RB","posRank":40,"ppg":7.3},{"id":"10219","name":"Chris Rodriguez","slug":"chris-rodriguez","team":"WAS","position":"RB","posRank":41,"ppg":6.8},{"id":"11586","name":"Blake Corum","slug":"blake-corum","team":"LAR","position":"RB","posRank":42,"ppg":6.7},{"id":"7594","name":"Chuba Hubbard","slug":"chuba-hubbard","team":"CAR","position":"RB","posRank":44,"ppg":6.5},{"id":"8132","name":"Tyler Allgeier","slug":"tyler-allgeier","team":"ATL","position":"RB","posRank":45,"ppg":6.4},{"id":"8136","name":"Rachaad White","slug":"rachaad-white","team":"TB","position":"RB","posRank":46,"ppg":6.1}],"currentRank":43,"season":2025,"format":"standard","position":"RB"}