{"neighbors":[{"id":"12534","name":"Kyle Monangai","slug":"kyle-monangai","team":"CHI","position":"RB","posRank":37,"ppg":8.1},{"id":"4098","name":"Kareem Hunt","slug":"kareem-hunt","team":"KC","position":"RB","posRank":38,"ppg":8},{"id":"12533","name":"Jacory Croskey-Merritt","slug":"jacory-croskey-merritt","team":"WAS","position":"RB","posRank":39,"ppg":8},{"id":"8408","name":"Jordan Mason","slug":"jordan-mason","team":"MIN","position":"RB","posRank":41,"ppg":7.6},{"id":"7594","name":"Chuba Hubbard","slug":"chuba-hubbard","team":"CAR","position":"RB","posRank":42,"ppg":7.4},{"id":"8136","name":"Rachaad White","slug":"rachaad-white","team":"TB","position":"RB","posRank":43,"ppg":7.2}],"currentRank":40,"season":2025,"format":"half","position":"RB"}