[{"week":1,"opp":"ATL","stats":{"pts_ppr":22.58,"pts_half_ppr":22.58,"off_snp":58,"tm_off_snp":58,"pass_att":32,"pass_cmp":17,"pass_yd":167,"pass_td":3,"pass_int":0,"rush_att":5,"rush_yd":39,"rush_td":0,"target_share":0,"team_pass_rate":58.2,"team_tgt":29,"team_pass_att":32},"pos_rank":11,"opp_rank_vs_pos":22,"game_status":"active","score":{"tm":23,"opp":20,"r":"W"}},{"week":2,"opp":"HOU","stats":{"pts_ppr":19.9,"pts_half_ppr":19.9,"off_snp":80,"tm_off_snp":80,"pass_att":38,"pass_cmp":25,"pass_yd":215,"pass_td":2,"pass_int":0,"rush_att":3,"rush_yd":33,"rush_td":0,"target_share":0,"team_pass_rate":55.9,"team_tgt":35,"team_pass_att":38},"pos_rank":16,"opp_rank_vs_pos":17,"game_status":"active","score":{"tm":20,"opp":19,"r":"W"}},{"week":3,"opp":"NYJ","stats":{"pts_ppr":17.72,"pts_half_ppr":17.72,"off_snp":72,"tm_off_snp":72,"pass_att":29,"pass_cmp":19,"pass_yd":233,"pass_td":1,"pass_int":0,"rush_att":4,"rush_yd":44,"rush_td":0,"target_share":0,"team_pass_rate":46,"team_tgt":27,"team_pass_att":29},"pos_rank":9,"opp_rank_vs_pos":27,"game_status":"active","score":{"tm":29,"opp":27,"r":"W"}},{"week":4,"opp":"PHI","stats":{"pts_ppr":19.86,"pts_half_ppr":19.86,"off_snp":72,"tm_off_snp":72,"pass_att":40,"pass_cmp":22,"pass_yd":289,"pass_td":2,"pass_int":1,"rush_att":2,"rush_yd":13,"rush_td":0,"target_share":0,"team_pass_rate":60.6,"team_tgt":39,"team_pass_att":40},"pos_rank":10,"opp_rank_vs_pos":15,"game_status":"active","score":{"tm":25,"opp":31,"r":"L"}},{"week":5,"opp":"SEA","stats":{"pts_ppr":26.66,"pts_half_ppr":26.66,"off_snp":61,"tm_off_snp":61,"pass_att":33,"pass_cmp":29,"pass_yd":379,"pass_td":2,"pass_int":0,"rush_att":5,"rush_yd":15,"rush_td":0,"target_share":0,"team_pass_rate":57.9,"team_tgt":32,"team_pass_att":33},"pos_rank":7,"opp_rank_vs_pos":6,"game_status":"active","score":{"tm":38,"opp":35,"r":"W"}},{"week":6,"opp":"SF","stats":{"pts_ppr":19.64,"pts_half_ppr":19.64,"off_snp":53,"tm_off_snp":53,"pass_att":23,"pass_cmp":17,"pass_yd":256,"pass_td":2,"pass_int":0,"rush_att":3,"rush_yd":14,"rush_td":0,"target_share":0,"team_pass_rate":46.9,"team_tgt":23,"team_pass_att":23},"pos_rank":11,"opp_rank_vs_pos":26,"game_status":"active","score":{"tm":30,"opp":19,"r":"W"}},{"week":7,"opp":"DET","stats":{"pts_ppr":12.12,"pts_half_ppr":12.12,"off_snp":68,"tm_off_snp":69,"pass_att":50,"pass_cmp":28,"pass_yd":228,"pass_td":1,"pass_int":1,"rush_att":0,"rush_yd":0,"rush_td":0,"target_share":0,"team_pass_rate":80.6,"team_tgt":49,"team_pass_att":50},"pos_rank":22,"opp_rank_vs_pos":23,"game_status":"active","score":{"tm":9,"opp":24,"r":"L"}},{"week":8,"opp":"NO","stats":{"pts_ppr":4.08,"pts_half_ppr":4.08,"off_snp":56,"tm_off_snp":58,"pass_att":24,"pass_cmp":15,"pass_yd":152,"pass_td":0,"pass_int":0,"rush_att":0,"rush_yd":0,"rush_td":0,"target_share":0,"team_pass_rate":45.3,"team_tgt":24,"team_pass_att":24},"pos_rank":26,"opp_rank_vs_pos":11,"game_status":"active","score":{"tm":23,"opp":3,"r":"W"}},{"week":9,"opp":"—","stats":{"pts_ppr":0},"game_status":"out"},{"week":10,"opp":"NE","stats":{"pts_ppr":22.92,"pts_half_ppr":22.92,"off_snp":69,"tm_off_snp":69,"pass_att":43,"pass_cmp":28,"pass_yd":273,"pass_td":3,"pass_int":0,"rush_att":0,"rush_yd":0,"rush_td":0,"target_share":0,"team_pass_rate":67.2,"team_tgt":43,"team_pass_att":43},"pos_rank":7,"opp_rank_vs_pos":9,"game_status":"active","score":{"tm":23,"opp":28,"r":"L"}},{"week":11,"opp":"BUF","stats":{"pts_ppr":17.82,"pts_half_ppr":17.82,"off_snp":69,"tm_off_snp":70,"pass_att":28,"pass_cmp":16,"pass_yd":173,"pass_td":1,"pass_int":1,"rush_att":5,"rush_yd":39,"rush_td":1,"target_share":0,"team_pass_rate":41.8,"team_tgt":27,"team_pass_att":28},"pos_rank":6,"opp_rank_vs_pos":5,"game_status":"active","score":{"tm":32,"opp":44,"r":"L"}},{"week":12,"opp":"LAR","stats":{"pts_ppr":5.54,"pts_half_ppr":5.54,"off_snp":39,"tm_off_snp":70,"pass_att":19,"pass_cmp":9,"pass_yd":41,"pass_td":1,"pass_int":2,"rush_att":4,"rush_yd":19,"rush_td":0,"target_share":0,"team_pass_rate":54,"team_tgt":31,"team_pass_att":34},"pos_rank":27,"opp_rank_vs_pos":20,"game_status":"active","score":{"tm":7,"opp":34,"r":"L"}},{"week":13,"opp":"ARI","stats":{"pts_ppr":14.46,"pts_half_ppr":14.46,"off_snp":61,"tm_off_snp":61,"pass_att":28,"pass_cmp":18,"pass_yd":194,"pass_td":1,"pass_int":0,"rush_att":6,"rush_yd":27,"rush_td":0,"target_share":0,"team_pass_rate":50.9,"team_tgt":25,"team_pass_att":28},"pos_rank":19,"opp_rank_vs_pos":16,"game_status":"active","score":{"tm":20,"opp":17,"r":"W"}},{"week":14,"opp":"NO","stats":{"pts_ppr":12.08,"pts_half_ppr":12.08,"off_snp":74,"tm_off_snp":74,"pass_att":30,"pass_cmp":14,"pass_yd":122,"pass_td":1,"pass_int":1,"rush_att":6,"rush_yd":42,"rush_td":0,"target_share":0,"team_pass_rate":43.5,"team_tgt":28,"team_pass_att":30},"pos_rank":19,"opp_rank_vs_pos":11,"game_status":"active","score":{"tm":20,"opp":24,"r":"L"}},{"week":15,"opp":"ATL","stats":{"pts_ppr":20.18,"pts_half_ppr":20.18,"off_snp":69,"tm_off_snp":69,"pass_att":34,"pass_cmp":19,"pass_yd":277,"pass_td":2,"pass_int":1,"rush_att":1,"rush_yd":1,"rush_td":0,"target_share":0,"team_pass_rate":60.7,"team_tgt":32,"team_pass_att":34},"pos_rank":15,"opp_rank_vs_pos":22,"game_status":"active","score":{"tm":28,"opp":29,"r":"L"}},{"week":16,"opp":"CAR","stats":{"pts_ppr":13.7,"pts_half_ppr":13.7,"off_snp":64,"tm_off_snp":64,"pass_att":26,"pass_cmp":18,"pass_yd":145,"pass_td":1,"pass_int":1,"rush_att":4,"rush_yd":49,"rush_td":0,"target_share":0,"team_pass_rate":44.1,"team_tgt":25,"team_pass_att":26},"pos_rank":20,"opp_rank_vs_pos":3,"game_status":"active","score":{"tm":20,"opp":23,"r":"L"}},{"week":17,"opp":"MIA","stats":{"pts_ppr":19.44,"pts_half_ppr":19.44,"off_snp":67,"tm_off_snp":67,"pass_att":44,"pass_cmp":33,"pass_yd":346,"pass_td":2,"pass_int":2,"rush_att":3,"rush_yd":16,"rush_td":0,"target_share":0,"team_pass_rate":73.3,"team_tgt":44,"team_pass_att":44},"pos_rank":10,"opp_rank_vs_pos":21,"game_status":"active","score":{"tm":17,"opp":20,"r":"L"}},{"week":18,"opp":"CAR","stats":{"pts_ppr":14.22,"pts_half_ppr":14.22,"off_snp":67,"tm_off_snp":67,"pass_att":22,"pass_cmp":16,"pass_yd":203,"pass_td":1,"pass_int":1,"rush_att":4,"rush_yd":31,"rush_td":0,"target_share":0,"team_pass_rate":34.4,"team_tgt":22,"team_pass_att":22},"pos_rank":17,"opp_rank_vs_pos":3,"game_status":"active","score":{"tm":16,"opp":14,"r":"W"}}]