[{"week":1,"opp":"DEN","stats":{"pts_ppr":0,"pts_half_ppr":null,"off_snp":32,"tm_off_snp":67,"rec_tgt":0,"rec":0,"rec_yd":0,"rec_td":0,"rush_att":0,"rush_yd":0,"rush_td":0,"target_share":0,"team_pass_rate":40.7,"team_tgt":37,"team_pass_att":24},"pos_rank":97,"opp_rank_vs_pos":13,"game_status":"active","score":{"tm":26,"opp":20,"r":"W"}},{"week":2,"opp":"NE","stats":{"pts_ppr":0,"pts_half_ppr":null,"off_snp":25,"tm_off_snp":70,"rec_tgt":0,"rec":0,"rec_yd":0,"rec_td":0,"rush_att":0,"rush_yd":0,"rush_td":0,"target_share":0,"team_pass_rate":47.3,"team_tgt":36,"team_pass_att":26},"pos_rank":90,"opp_rank_vs_pos":15,"game_status":"active","score":{"tm":23,"opp":20,"r":"W"}},{"week":3,"opp":"MIA","stats":{"pts_ppr":4.3,"pts_half_ppr":2.8,"off_snp":18,"tm_off_snp":64,"rec_tgt":3,"rec":3,"rec_yd":13,"rec_td":0,"rush_att":0,"rush_yd":0,"rush_td":0,"target_share":15,"team_pass_rate":48.3,"team_tgt":20,"team_pass_att":28},"pos_rank":32,"opp_rank_vs_pos":24,"game_status":"active","score":{"tm":24,"opp":3,"r":"W"}},{"week":4,"opp":"DET","stats":{"pts_ppr":10.7,"pts_half_ppr":9.7,"off_snp":35,"tm_off_snp":90,"rec_tgt":2,"rec":2,"rec_yd":27,"rec_td":1,"rush_att":0,"rush_yd":0,"rush_td":0,"target_share":5.3,"team_pass_rate":43.8,"team_tgt":38,"team_pass_att":28},"pos_rank":7,"opp_rank_vs_pos":2,"game_status":"active","score":{"tm":29,"opp":42,"r":"L"}},{"week":5,"opp":"NYG","stats":{"pts_ppr":2.3,"pts_half_ppr":1.8,"off_snp":15,"tm_off_snp":58,"rec_tgt":1,"rec":1,"rec_yd":13,"rec_td":0,"rush_att":0,"rush_yd":0,"rush_td":0,"target_share":2.9,"team_pass_rate":59.6,"team_tgt":34,"team_pass_att":31},"pos_rank":41,"opp_rank_vs_pos":4,"game_status":"active","score":{"tm":20,"opp":29,"r":"L"}},{"week":6,"opp":"SF","stats":{"pts_ppr":2.3,"pts_half_ppr":1.8,"off_snp":24,"tm_off_snp":78,"rec_tgt":1,"rec":1,"rec_yd":13,"rec_td":0,"rush_att":0,"rush_yd":0,"rush_td":0,"target_share":3.3,"team_pass_rate":0,"team_tgt":30,"team_pass_att":0},"pos_rank":35,"opp_rank_vs_pos":7,"game_status":"active","score":{"tm":24,"opp":36,"r":"L"}},{"week":7,"opp":"ATL","stats":{"pts_ppr":1.5,"pts_half_ppr":1,"off_snp":24,"tm_off_snp":60,"rec_tgt":1,"rec":1,"rec_yd":5,"rec_td":0,"rush_att":0,"rush_yd":0,"rush_td":0,"target_share":9.1,"team_pass_rate":56.5,"team_tgt":11,"team_pass_att":35},"pos_rank":48,"opp_rank_vs_pos":21,"game_status":"active","score":{"tm":34,"opp":14,"r":"W"}},{"week":8,"opp":"BUF","stats":{"pts_ppr":5.4,"pts_half_ppr":4.4,"off_snp":19,"tm_off_snp":51,"rec_tgt":2,"rec":2,"rec_yd":34,"rec_td":0,"rush_att":0,"rush_yd":0,"rush_td":0,"target_share":7.4,"team_pass_rate":62.5,"team_tgt":27,"team_pass_att":25},"pos_rank":31,"opp_rank_vs_pos":19,"game_status":"active","score":{"tm":10,"opp":31,"r":"L"}},{"week":9,"opp":"LAR","stats":{"pts_ppr":6.7,"pts_half_ppr":4.7,"off_snp":73,"tm_off_snp":80,"rec_tgt":7,"rec":4,"rec_yd":27,"rec_td":0,"rush_att":0,"rush_yd":0,"rush_td":0,"target_share":15.2,"team_pass_rate":47.9,"team_tgt":46,"team_pass_att":34},"pos_rank":26,"opp_rank_vs_pos":31,"game_status":"active","score":{"tm":20,"opp":26,"r":"L"}},{"week":10,"opp":"—","stats":{"pts_ppr":0},"game_status":"out"},{"week":11,"opp":"SF","stats":{"pts_ppr":3.5,"pts_half_ppr":2.5,"off_snp":51,"tm_off_snp":60,"rec_tgt":4,"rec":2,"rec_yd":15,"rec_td":0,"rush_att":0,"rush_yd":0,"rush_td":0,"target_share":12.5,"team_pass_rate":46.4,"team_tgt":32,"team_pass_att":32},"pos_rank":33,"opp_rank_vs_pos":7,"game_status":"active","score":{"tm":20,"opp":17,"r":"W"}},{"week":12,"opp":"ARI","stats":{"pts_ppr":4.9,"pts_half_ppr":3.4,"off_snp":54,"tm_off_snp":64,"rec_tgt":4,"rec":3,"rec_yd":19,"rec_td":0,"rush_att":0,"rush_yd":0,"rush_td":0,"target_share":12.9,"team_pass_rate":56.5,"team_tgt":31,"team_pass_att":35},"pos_rank":29,"opp_rank_vs_pos":5,"game_status":"active","score":{"tm":16,"opp":6,"r":"W"}},{"week":13,"opp":"NYJ","stats":{"pts_ppr":9.4,"pts_half_ppr":8.4,"off_snp":26,"tm_off_snp":64,"rec_tgt":2,"rec":2,"rec_yd":14,"rec_td":1,"rush_att":0,"rush_yd":0,"rush_td":0,"target_share":11.1,"team_pass_rate":65.6,"team_tgt":18,"team_pass_att":63},"pos_rank":18,"opp_rank_vs_pos":8,"game_status":"active","score":{"tm":26,"opp":21,"r":"W"}},{"week":14,"opp":"ARI","stats":{"pts_ppr":2.3,"pts_half_ppr":1.8,"off_snp":24,"tm_off_snp":64,"rec_tgt":1,"rec":1,"rec_yd":13,"rec_td":0,"rush_att":0,"rush_yd":0,"rush_td":0,"target_share":4,"team_pass_rate":63.6,"team_tgt":25,"team_pass_att":77},"pos_rank":38,"opp_rank_vs_pos":5,"game_status":"active","score":{"tm":30,"opp":18,"r":"W"}},{"week":15,"opp":"GB","stats":{"pts_ppr":1.5,"pts_half_ppr":1,"off_snp":17,"tm_off_snp":59,"rec_tgt":3,"rec":1,"rec_yd":5,"rec_td":0,"rush_att":0,"rush_yd":0,"rush_td":0,"target_share":13,"team_pass_rate":62.5,"team_tgt":23,"team_pass_att":40},"pos_rank":54,"opp_rank_vs_pos":18,"game_status":"active","score":{"tm":13,"opp":30,"r":"L"}},{"week":16,"opp":"MIN","stats":{"pts_ppr":9.3,"pts_half_ppr":8.3,"off_snp":19,"tm_off_snp":64,"rec_tgt":2,"rec":2,"rec_yd":13,"rec_td":1,"rush_att":0,"rush_yd":0,"rush_td":0,"target_share":6.7,"team_pass_rate":78.7,"team_tgt":30,"team_pass_att":74},"pos_rank":12,"opp_rank_vs_pos":10,"game_status":"active","score":{"tm":24,"opp":27,"r":"L"}},{"week":17,"opp":"CHI","stats":{"pts_ppr":0,"pts_half_ppr":null,"off_snp":14,"tm_off_snp":52,"rec_tgt":0,"rec":0,"rec_yd":0,"rec_td":0,"rush_att":0,"rush_yd":0,"rush_td":0,"target_share":0,"team_pass_rate":64.1,"team_tgt":15,"team_pass_att":66},"pos_rank":95,"opp_rank_vs_pos":17,"game_status":"active","score":{"tm":6,"opp":3,"r":"W"}},{"week":18,"opp":"LAR","stats":{"pts_ppr":14.4,"pts_half_ppr":11.9,"off_snp":31,"tm_off_snp":55,"rec_tgt":5,"rec":5,"rec_yd":34,"rec_td":1,"rush_att":0,"rush_yd":0,"rush_td":0,"target_share":26.3,"team_pass_rate":68,"team_tgt":19,"team_pass_att":70},"pos_rank":11,"opp_rank_vs_pos":31,"game_status":"active","score":{"tm":30,"opp":25,"r":"W"}}]