{"id":"11603","name":"AJ Barner","slug":"aj-barner","position":"TE","team":"SEA","status":"Active","injury_status":null,"age":23,"height":"78","weight":"251","number":88,"depth_chart_order":2,"years_exp":2,"headshotUrl":null,"season":2025,"seasonLabel":"2025 Season Final","seasonRank":22,"trends":{"weeklyFantasyPoints":[0.2,8.8,2.3,9.2,17.3,7.1,0.9,8.5,0.3,7.1,1.8,3.7,2.7,2.7,11,10.3,1.4]},"gameLog":[{"week":1,"opp":"SF","stats":{"pts_ppr":1.2,"pts_half_ppr":0.7,"off_snp":44,"tm_off_snp":52,"rec_tgt":2,"rec":1,"rec_yd":0,"rec_td":0,"rush_att":1,"rush_yd":2,"rush_td":0,"target_share":6.5,"team_pass_rate":46.9,"team_tgt":31,"team_pass_att":23},"pos_rank":58,"opp_rank_vs_pos":25,"game_status":"active","score":{"tm":13,"opp":17,"r":"L"}},{"week":2,"opp":"PIT","stats":{"pts_ppr":10.8,"pts_half_ppr":9.8,"off_snp":58,"tm_off_snp":65,"rec_tgt":3,"rec":2,"rec_yd":26,"rec_td":1,"rush_att":1,"rush_yd":2,"rush_td":0,"target_share":8.6,"team_pass_rate":53.2,"team_tgt":35,"team_pass_att":33},"pos_rank":5,"opp_rank_vs_pos":31,"game_status":"active","score":{"tm":31,"opp":17,"r":"W"}},{"week":3,"opp":"NO","stats":{"pts_ppr":3.3,"pts_half_ppr":2.8,"off_snp":31,"tm_off_snp":57,"rec_tgt":1,"rec":1,"rec_yd":23,"rec_td":0,"rush_att":0,"rush_yd":0,"rush_td":0,"target_share":3.7,"team_pass_rate":35.6,"team_tgt":27,"team_pass_att":21},"pos_rank":33,"opp_rank_vs_pos":12,"game_status":"active","score":{"tm":44,"opp":13,"r":"W"}},{"week":4,"opp":"ARI","stats":{"pts_ppr":12.2,"pts_half_ppr":10.7,"off_snp":57,"tm_off_snp":66,"rec_tgt":3,"rec":3,"rec_yd":32,"rec_td":1,"rush_att":0,"rush_yd":0,"rush_td":0,"target_share":10.3,"team_pass_rate":41.3,"team_tgt":29,"team_pass_att":26},"pos_rank":9,"opp_rank_vs_pos":28,"game_status":"active","score":{"tm":23,"opp":20,"r":"W"}},{"week":5,"opp":"TB","stats":{"pts_ppr":24.3,"pts_half_ppr":20.8,"off_snp":49,"tm_off_snp":61,"rec_tgt":7,"rec":7,"rec_yd":53,"rec_td":2,"rush_att":0,"rush_yd":0,"rush_td":0,"target_share":17.9,"team_pass_rate":63,"team_tgt":39,"team_pass_att":34},"pos_rank":1,"opp_rank_vs_pos":26,"game_status":"active","score":{"tm":35,"opp":38,"r":"L"}},{"week":6,"opp":"JAX","stats":{"pts_ppr":10.1,"pts_half_ppr":8.6,"off_snp":43,"tm_off_snp":55,"rec_tgt":3,"rec":3,"rec_yd":71,"rec_td":0,"rush_att":0,"rush_yd":0,"rush_td":0,"target_share":10,"team_pass_rate":50.9,"team_tgt":30,"team_pass_att":27},"pos_rank":16,"opp_rank_vs_pos":24,"game_status":"active","score":{"tm":20,"opp":12,"r":"W"}},{"week":7,"opp":"HOU","stats":{"pts_ppr":1.9,"pts_half_ppr":1.4,"off_snp":62,"tm_off_snp":72,"rec_tgt":3,"rec":1,"rec_yd":7,"rec_td":0,"rush_att":1,"rush_yd":2,"rush_td":0,"target_share":7.9,"team_pass_rate":48.4,"team_tgt":38,"team_pass_att":31},"pos_rank":43,"opp_rank_vs_pos":16,"game_status":"active","score":{"tm":27,"opp":19,"r":"W"}},{"week":8,"opp":"BYE","stats":{"pts_ppr":0},"game_status":"bye"},{"week":9,"opp":"WAS","stats":{"pts_ppr":11.5,"pts_half_ppr":10,"off_snp":43,"tm_off_snp":51,"rec_tgt":4,"rec":3,"rec_yd":24,"rec_td":0,"rush_att":1,"rush_yd":1,"rush_td":1,"target_share":12.1,"team_pass_rate":50,"team_tgt":33,"team_pass_att":24},"pos_rank":12,"opp_rank_vs_pos":30,"game_status":"active","score":{"tm":38,"opp":14,"r":"W"}},{"week":10,"opp":"ARI","stats":{"pts_ppr":0.3,"pts_half_ppr":0.3,"off_snp":23,"tm_off_snp":62,"rec_tgt":0,"rec":0,"rec_yd":0,"rec_td":0,"rush_att":2,"rush_yd":3,"rush_td":0,"target_share":0,"team_pass_rate":20.7,"team_tgt":12,"team_pass_att":12},"pos_rank":52,"opp_rank_vs_pos":28,"game_status":"active","score":{"tm":44,"opp":22,"r":"W"}},{"week":11,"opp":"LAR","stats":{"pts_ppr":17.1,"pts_half_ppr":12.1,"off_snp":73,"tm_off_snp":84,"rec_tgt":11,"rec":10,"rec_yd":70,"rec_td":0,"rush_att":2,"rush_yd":1,"rush_td":0,"target_share":26.2,"team_pass_rate":55.7,"team_tgt":42,"team_pass_att":44},"pos_rank":8,"opp_rank_vs_pos":14,"game_status":"active","score":{"tm":19,"opp":21,"r":"L"}},{"week":12,"opp":"TEN","stats":{"pts_ppr":3.8,"pts_half_ppr":2.8,"off_snp":38,"tm_off_snp":48,"rec_tgt":4,"rec":2,"rec_yd":18,"rec_td":0,"rush_att":0,"rush_yd":0,"rush_td":0,"target_share":16,"team_pass_rate":56.5,"team_tgt":25,"team_pass_att":26},"pos_rank":34,"opp_rank_vs_pos":19,"game_status":"active","score":{"tm":30,"opp":24,"r":"W"}},{"week":13,"opp":"MIN","stats":{"pts_ppr":7.7,"pts_half_ppr":5.7,"off_snp":57,"tm_off_snp":67,"rec_tgt":5,"rec":4,"rec_yd":35,"rec_td":0,"rush_att":1,"rush_yd":2,"rush_td":0,"target_share":21.7,"team_pass_rate":47.3,"team_tgt":23,"team_pass_att":26},"pos_rank":22,"opp_rank_vs_pos":8,"game_status":"active","score":{"tm":26,"opp":0,"r":"W"}},{"week":14,"opp":"ATL","stats":{"pts_ppr":5.7,"pts_half_ppr":4.2,"off_snp":41,"tm_off_snp":61,"rec_tgt":4,"rec":3,"rec_yd":27,"rec_td":0,"rush_att":0,"rush_yd":0,"rush_td":0,"target_share":13.3,"team_pass_rate":53.6,"team_tgt":30,"team_pass_att":30},"pos_rank":22,"opp_rank_vs_pos":3,"game_status":"active","score":{"tm":37,"opp":9,"r":"W"}},{"week":15,"opp":"IND","stats":{"pts_ppr":5.7,"pts_half_ppr":4.2,"off_snp":50,"tm_off_snp":60,"rec_tgt":6,"rec":3,"rec_yd":27,"rec_td":0,"rush_att":0,"rush_yd":0,"rush_td":0,"target_share":18.2,"team_pass_rate":62.1,"team_tgt":33,"team_pass_att":36},"pos_rank":30,"opp_rank_vs_pos":27,"game_status":"active","score":{"tm":18,"opp":16,"r":"W"}},{"week":16,"opp":"LAR","stats":{"pts_ppr":15,"pts_half_ppr":13,"off_snp":64,"tm_off_snp":68,"rec_tgt":6,"rec":4,"rec_yd":49,"rec_td":1,"rush_att":1,"rush_yd":1,"rush_td":0,"target_share":19.4,"team_pass_rate":57.6,"team_tgt":31,"team_pass_att":34},"pos_rank":4,"opp_rank_vs_pos":14,"game_status":"active","score":{"tm":38,"opp":37,"r":"W"}},{"week":17,"opp":"CAR","stats":{"pts_ppr":13.3,"pts_half_ppr":11.8,"off_snp":52,"tm_off_snp":66,"rec_tgt":3,"rec":3,"rec_yd":43,"rec_td":1,"rush_att":0,"rush_yd":0,"rush_td":0,"target_share":11.5,"team_pass_rate":42.9,"team_tgt":26,"team_pass_att":27},"pos_rank":8,"opp_rank_vs_pos":23,"game_status":"active","score":{"tm":27,"opp":10,"r":"W"}},{"week":18,"opp":"SF","stats":{"pts_ppr":3.4,"pts_half_ppr":2.4,"off_snp":42,"tm_off_snp":69,"rec_tgt":3,"rec":2,"rec_yd":14,"rec_td":0,"rush_att":0,"rush_yd":0,"rush_td":0,"target_share":11.5,"team_pass_rate":40,"team_tgt":26,"team_pass_att":26},"pos_rank":41,"opp_rank_vs_pos":25,"game_status":"active","score":{"tm":13,"opp":3,"r":"W"}}],"news":[],"availableSeasons":[2025,2024,2023],"multiSeasonStats":[{"season":2025,"ppg":5.605882352941176,"gamesPlayed":17,"pos1Pct":41.17647058823529,"pos2Pct":17.647058823529413,"pos3Pct":17.647058823529413,"bustPct":23.52941176470588},{"season":2024,"ppg":2.8529411764705883,"gamesPlayed":17,"pos1Pct":17.647058823529413,"pos2Pct":5.88235294117647,"pos3Pct":35.294117647058826,"bustPct":41.17647058823529}],"careerProfile":{"ppg":4.229411764705882,"gamesPlayed":34,"maxGames":34,"durabilityPct":100,"pos1Pct":29.411764705882355,"pos2Pct":11.76470588235294,"pos3Pct":26.47058823529412,"bustPct":32.35294117647059,"volatility":4.2537348588686585,"volatilityLabel":"Low","seasons":2,"seasonPpgs":[{"season":2025,"ppg":5.605882352941176},{"season":2024,"ppg":2.8529411764705883}],"smallSample":false},"dynasty":{"rank":166,"positionalRank":18,"value":3504,"overallTier":13,"positionalTier":6,"trend30":-3,"trend7":-9,"posTrend30":-1,"posTrend7":0,"age":23.8,"position":"TE","team":"SEA","adp":107,"startupAdp":164,"tradeCount":38,"ageCurveTier":"Rising","ktcSlug":"aj-barner-1629","draftRound":4,"draftPick":21,"draftYear":2024,"sf":{"rank":162,"positionalRank":18,"value":2879,"overallTier":15,"positionalTier":5,"trend30":-12,"trend7":-10,"posTrend30":-3,"posTrend7":-2,"adp":117,"startupAdp":257,"tradeCount":136}},"productionRiskBenchmarks":{"position":"TE","season":2025,"qualifiedThreshold":20,"posAvg":{"yardsPerCatch":10.353010625737898,"catchPct":72.70386266094421,"tdPerTarget":5.836909871244635,"fpPerUsage":null},"posStdDev":{"tdPerTarget":3.750250597745987},"percentile":{"yardsPerCatch":48,"catchPct":71,"tdPerTarget":84,"fpPerUsage":null},"playerQualified":true}}