{"id":"11625","name":"Adonai Mitchell","slug":"adonai-mitchell","position":"WR","team":"NYJ","status":"Active","injury_status":null,"age":23,"height":"74","weight":"205","number":15,"depth_chart_order":3,"years_exp":2,"headshotUrl":null,"season":2025,"seasonLabel":"2025 Season Final","seasonRank":84,"trends":{"weeklyFantasyPoints":[2.1,2,0,9.6,0,0.8,0,0.7,1,4.2,16.2,2.4,11.4,4.3,2.2,0]},"gameLog":[{"week":1,"opp":"MIA","stats":{"pts_ppr":4.1,"pts_half_ppr":3.1,"off_snp":15,"tm_off_snp":73,"rec_tgt":2,"rec":2,"rec_yd":21,"rec_td":0,"rush_att":0,"rush_yd":0,"rush_td":0,"target_share":8.7,"team_pass_rate":36.1,"team_tgt":23,"team_pass_att":22},"pos_rank":80,"opp_rank_vs_pos":13,"game_status":"active","score":{"tm":32,"opp":34,"r":"L"}},{"week":2,"opp":"DEN","stats":{"pts_ppr":4,"pts_half_ppr":3,"off_snp":7,"tm_off_snp":71,"rec_tgt":4,"rec":2,"rec_yd":20,"rec_td":0,"rush_att":0,"rush_yd":0,"rush_td":0,"target_share":15.4,"team_pass_rate":51.2,"team_tgt":26,"team_pass_att":22},"pos_rank":92,"opp_rank_vs_pos":1,"game_status":"active","score":{"tm":10,"opp":30,"r":"L"}},{"week":3,"opp":"TEN","stats":{"pts_ppr":0,"pts_half_ppr":null,"off_snp":24,"tm_off_snp":57,"rec_tgt":2,"rec":0,"rec_yd":0,"rec_td":0,"rush_att":0,"rush_yd":0,"rush_td":0,"target_share":5.7,"team_pass_rate":61,"team_tgt":35,"team_pass_att":36},"pos_rank":145,"opp_rank_vs_pos":24,"game_status":"active","score":{"tm":27,"opp":29,"r":"L"}},{"week":4,"opp":"LAR","stats":{"pts_ppr":10.6,"pts_half_ppr":9.1,"off_snp":54,"tm_off_snp":61,"rec_tgt":4,"rec":3,"rec_yd":96,"rec_td":0,"rush_att":0,"rush_yd":0,"rush_td":0,"target_share":12.5,"team_pass_rate":49.1,"team_tgt":32,"team_pass_att":27},"pos_rank":25,"opp_rank_vs_pos":28,"game_status":"active","score":{"tm":21,"opp":27,"r":"L"}},{"week":5,"opp":"LV","stats":{"pts_ppr":0,"pts_half_ppr":null,"off_snp":6,"tm_off_snp":66,"rec_tgt":1,"rec":0,"rec_yd":0,"rec_td":0,"rush_att":0,"rush_yd":0,"rush_td":0,"target_share":2.3,"team_pass_rate":67.6,"team_tgt":43,"team_pass_att":46},"pos_rank":124,"opp_rank_vs_pos":17,"game_status":"active","score":{"tm":22,"opp":37,"r":"L"}},{"week":6,"opp":"—","stats":{"pts_ppr":0},"game_status":"out"},{"week":7,"opp":"LAC","stats":{"pts_ppr":1.8,"pts_half_ppr":1.3,"off_snp":5,"tm_off_snp":60,"rec_tgt":1,"rec":1,"rec_yd":8,"rec_td":0,"rush_att":0,"rush_yd":0,"rush_td":0,"target_share":3.4,"team_pass_rate":63,"team_tgt":29,"team_pass_att":34},"pos_rank":95,"opp_rank_vs_pos":10,"game_status":"active","score":{"tm":6,"opp":13,"r":"L"}},{"week":8,"opp":"TEN","stats":{"pts_ppr":0,"pts_half_ppr":null,"off_snp":9,"tm_off_snp":53,"rec_tgt":1,"rec":0,"rec_yd":0,"rec_td":0,"rush_att":0,"rush_yd":0,"rush_td":0,"target_share":3.4,"team_pass_rate":46.4,"team_tgt":29,"team_pass_att":32},"pos_rank":118,"opp_rank_vs_pos":24,"game_status":"active","score":{"tm":39,"opp":38,"r":"W"}},{"week":9,"opp":"PIT","stats":{"pts_ppr":1.7,"pts_half_ppr":1.2,"off_snp":4,"tm_off_snp":78,"rec_tgt":1,"rec":1,"rec_yd":7,"rec_td":0,"rush_att":0,"rush_yd":0,"rush_td":0,"target_share":100,"team_pass_rate":null,"team_tgt":1,"team_pass_att":0},"pos_rank":90,"opp_rank_vs_pos":29,"game_status":"active","score":null},{"week":10,"opp":"—","stats":{"pts_ppr":0},"game_status":"out"},{"week":11,"opp":"NE","stats":{"pts_ppr":2,"pts_half_ppr":1.5,"off_snp":28,"tm_off_snp":57,"rec_tgt":6,"rec":1,"rec_yd":10,"rec_td":0,"rush_att":0,"rush_yd":0,"rush_td":0,"target_share":24,"team_pass_rate":48.1,"team_tgt":25,"team_pass_att":26},"pos_rank":90,"opp_rank_vs_pos":15,"game_status":"active","score":{"tm":14,"opp":27,"r":"L"}},{"week":12,"opp":"BAL","stats":{"pts_ppr":6.2,"pts_half_ppr":5.2,"off_snp":50,"tm_off_snp":59,"rec_tgt":7,"rec":2,"rec_yd":42,"rec_td":0,"rush_att":0,"rush_yd":0,"rush_td":0,"target_share":29.2,"team_pass_rate":51.9,"team_tgt":24,"team_pass_att":28},"pos_rank":45,"opp_rank_vs_pos":27,"game_status":"active","score":{"tm":10,"opp":23,"r":"L"}},{"week":13,"opp":"ATL","stats":{"pts_ppr":24.2,"pts_half_ppr":20.2,"off_snp":57,"tm_off_snp":66,"rec_tgt":12,"rec":8,"rec_yd":102,"rec_td":1,"rush_att":0,"rush_yd":0,"rush_td":0,"target_share":40,"team_pass_rate":54.1,"team_tgt":30,"team_pass_att":33},"pos_rank":8,"opp_rank_vs_pos":22,"game_status":"active","score":{"tm":27,"opp":24,"r":"W"}},{"week":14,"opp":"MIA","stats":{"pts_ppr":3.4,"pts_half_ppr":2.9,"off_snp":53,"tm_off_snp":58,"rec_tgt":6,"rec":1,"rec_yd":24,"rec_td":0,"rush_att":0,"rush_yd":0,"rush_td":0,"target_share":19.4,"team_pass_rate":66.7,"team_tgt":31,"team_pass_att":34},"pos_rank":60,"opp_rank_vs_pos":13,"game_status":"active","score":{"tm":10,"opp":34,"r":"L"}},{"week":15,"opp":"JAX","stats":{"pts_ppr":17.4,"pts_half_ppr":14.4,"off_snp":54,"tm_off_snp":68,"rec_tgt":9,"rec":6,"rec_yd":58,"rec_td":1,"rush_att":1,"rush_yd":-4,"rush_td":0,"target_share":30,"team_pass_rate":50.8,"team_tgt":30,"team_pass_att":33},"pos_rank":20,"opp_rank_vs_pos":16,"game_status":"active","score":{"tm":20,"opp":48,"r":"L"}},{"week":16,"opp":"NO","stats":{"pts_ppr":7.3,"pts_half_ppr":5.8,"off_snp":57,"tm_off_snp":66,"rec_tgt":6,"rec":3,"rec_yd":43,"rec_td":0,"rush_att":0,"rush_yd":0,"rush_td":0,"target_share":17.6,"team_pass_rate":63.6,"team_tgt":34,"team_pass_att":35},"pos_rank":48,"opp_rank_vs_pos":12,"game_status":"active","score":{"tm":6,"opp":29,"r":"L"}},{"week":17,"opp":"NE","stats":{"pts_ppr":5.2,"pts_half_ppr":3.7,"off_snp":50,"tm_off_snp":61,"rec_tgt":9,"rec":3,"rec_yd":22,"rec_td":0,"rush_att":0,"rush_yd":0,"rush_td":0,"target_share":29,"team_pass_rate":54.1,"team_tgt":31,"team_pass_att":33},"pos_rank":72,"opp_rank_vs_pos":15,"game_status":"active","score":{"tm":10,"opp":42,"r":"L"}},{"week":18,"opp":"BUF","stats":{"pts_ppr":0,"pts_half_ppr":null,"off_snp":0,"tm_off_snp":0,"rec_tgt":3,"rec":0,"rec_yd":0,"rec_td":0,"rush_att":0,"rush_yd":0,"rush_td":0,"target_share":13.6,"team_pass_rate":48.9,"team_tgt":22,"team_pass_att":22},"pos_rank":119,"opp_rank_vs_pos":9,"game_status":"active","score":{"tm":8,"opp":35,"r":"L"}}],"news":[],"availableSeasons":[2025,2024,2023],"multiSeasonStats":[{"season":2025,"ppg":3.5562499999999995,"gamesPlayed":16,"pos1Pct":6.25,"pos2Pct":6.25,"pos3Pct":6.25,"bustPct":81.25},{"season":2024,"ppg":1.8705882352941177,"gamesPlayed":17,"pos1Pct":0,"pos2Pct":0,"pos3Pct":5.88235294117647,"bustPct":94.11764705882352}],"careerProfile":{"ppg":2.687878787878788,"gamesPlayed":33,"maxGames":34,"durabilityPct":97.05882352941177,"pos1Pct":3.0303030303030303,"pos2Pct":3.0303030303030303,"pos3Pct":6.0606060606060606,"bustPct":87.87878787878788,"volatility":3.661519286423122,"volatilityLabel":"Low","seasons":2,"seasonPpgs":[{"season":2025,"ppg":3.5562499999999995},{"season":2024,"ppg":1.8705882352941177}],"smallSample":false},"dynasty":{"rank":178,"positionalRank":75,"value":3409,"overallTier":13,"positionalTier":14,"trend30":-28,"trend7":-19,"posTrend30":-16,"posTrend7":-13,"age":23.4,"position":"WR","team":"NYJ","adp":133,"startupAdp":178,"tradeCount":39,"ageCurveTier":"Rising","ktcSlug":"adonai-mitchell-1597","draftRound":2,"draftPick":20,"draftYear":2024,"sf":{"rank":182,"positionalRank":71,"value":2766,"overallTier":15,"positionalTier":16,"trend30":-25,"trend7":-18,"posTrend30":-11,"posTrend7":-9,"adp":141,"startupAdp":203,"tradeCount":110}},"productionRiskBenchmarks":{"position":"WR","season":2025,"qualifiedThreshold":30,"posAvg":{"yardsPerCatch":12.673226111636708,"catchPct":62.692763938315544,"tdPerTarget":4.875444839857651,"fpPerUsage":null},"posStdDev":{"tdPerTarget":2.782068497049174},"percentile":{"yardsPerCatch":66,"catchPct":3,"tdPerTarget":26,"fpPerUsage":null},"playerQualified":true}}