{"neighbors":[{"id":"9501","name":"DeMario Douglas","slug":"demario-douglas","team":"NE","position":"WR","posRank":81,"ppg":3.8},{"id":"10218","name":"Xavier Hutchinson","slug":"xavier-hutchinson","team":"HOU","position":"WR","posRank":82,"ppg":3.7},{"id":"11626","name":"Xavier Legette","slug":"xavier-legette","team":"CAR","position":"WR","posRank":83,"ppg":3.6},{"id":"12535","name":"Isaac TeSlaa","slug":"isaac-teslaa","team":"DET","position":"WR","posRank":85,"ppg":3.5},{"id":"5955","name":"Hunter Renfrow","slug":"hunter-renfrow","team":"FA","position":"WR","posRank":86,"ppg":3.5},{"id":"9494","name":"Marvin Mims","slug":"marvin-mims","team":"DEN","position":"WR","posRank":87,"ppg":3.5}],"currentRank":84,"season":2025,"format":"standard","position":"WR"}