{"neighbors":[{"id":"6271","name":"Olamide Zaccheaus","slug":"olamide-zaccheaus","team":"CHI","position":"WR","posRank":86,"ppg":5.7},{"id":"9501","name":"DeMario Douglas","slug":"demario-douglas","team":"NE","position":"WR","posRank":87,"ppg":5.6},{"id":"8917","name":"KaVontae Turpin","slug":"kavontae-turpin","team":"DAL","position":"WR","posRank":88,"ppg":5.6},{"id":"7090","name":"Darnell Mooney","slug":"darnell-mooney","team":"ATL","position":"WR","posRank":90,"ppg":5.5},{"id":"9486","name":"Dontayvion Wicks","slug":"dontayvion-wicks","team":"GB","position":"WR","posRank":91,"ppg":5.4},{"id":"11608","name":"Isaiah Williams","slug":"isaiah-williams","team":"NYJ","position":"WR","posRank":92,"ppg":5.3}],"currentRank":89,"season":2025,"format":"ppr","position":"WR"}