[{"week":1,"opp":"DEN","stats":{"pts_ppr":3,"pts_half_ppr":2.5,"off_snp":31,"tm_off_snp":59,"rec_tgt":1,"rec":1,"rec_yd":20,"rec_td":0,"rush_att":0,"rush_yd":0,"rush_td":0,"target_share":2.3,"team_pass_rate":55.6,"team_tgt":43,"team_pass_att":30},"pos_rank":38,"opp_rank_vs_pos":32,"game_status":"active","score":{"tm":20,"opp":25,"r":"L"}},{"week":2,"opp":"BUF","stats":{"pts_ppr":4,"pts_half_ppr":3,"off_snp":17,"tm_off_snp":40,"rec_tgt":2,"rec":2,"rec_yd":20,"rec_td":0,"rush_att":0,"rush_yd":0,"rush_td":0,"target_share":6.3,"team_pass_rate":56.4,"team_tgt":32,"team_pass_att":31},"pos_rank":39,"opp_rank_vs_pos":7,"game_status":"active","score":{"tm":17,"opp":24,"r":"L"}},{"week":3,"opp":"PIT","stats":{"pts_ppr":0,"pts_half_ppr":null,"off_snp":55,"tm_off_snp":72,"rec_tgt":0,"rec":0,"rec_yd":0,"rec_td":0,"rush_att":0,"rush_yd":0,"rush_td":0,"target_share":0,"team_pass_rate":31.3,"team_tgt":41,"team_pass_att":21},"pos_rank":64,"opp_rank_vs_pos":21,"game_status":"active","score":{"tm":15,"opp":10,"r":"W"}},{"week":4,"opp":"LAC","stats":{"pts_ppr":2.1,"pts_half_ppr":1.6,"off_snp":37,"tm_off_snp":73,"rec_tgt":2,"rec":1,"rec_yd":11,"rec_td":0,"rush_att":0,"rush_yd":0,"rush_td":0,"target_share":7.4,"team_pass_rate":55.4,"team_tgt":27,"team_pass_att":41},"pos_rank":41,"opp_rank_vs_pos":18,"game_status":"active","score":{"tm":3,"opp":38,"r":"L"}},{"week":5,"opp":"GB","stats":{"pts_ppr":3.1,"pts_half_ppr":2.1,"off_snp":36,"tm_off_snp":64,"rec_tgt":2,"rec":2,"rec_yd":11,"rec_td":0,"rush_att":0,"rush_yd":0,"rush_td":0,"target_share":7.1,"team_pass_rate":64,"team_tgt":28,"team_pass_att":32},"pos_rank":44,"opp_rank_vs_pos":19,"game_status":"active","score":{"tm":0,"opp":34,"r":"L"}},{"week":6,"opp":"NE","stats":{"pts_ppr":3.9,"pts_half_ppr":2.9,"off_snp":24,"tm_off_snp":70,"rec_tgt":2,"rec":2,"rec_yd":19,"rec_td":0,"rush_att":0,"rush_yd":0,"rush_td":0,"target_share":5.9,"team_pass_rate":55.4,"team_tgt":34,"team_pass_att":41},"pos_rank":26,"opp_rank_vs_pos":3,"game_status":"active","score":{"tm":17,"opp":21,"r":"L"}},{"week":7,"opp":"CHI","stats":{"pts_ppr":3.8,"pts_half_ppr":2.8,"off_snp":22,"tm_off_snp":65,"rec_tgt":2,"rec":2,"rec_yd":18,"rec_td":0,"rush_att":0,"rush_yd":0,"rush_td":0,"target_share":6.1,"team_pass_rate":58.9,"team_tgt":33,"team_pass_att":33},"pos_rank":28,"opp_rank_vs_pos":20,"game_status":"active","score":{"tm":29,"opp":25,"r":"W"}},{"week":8,"opp":"DET","stats":{"pts_ppr":3.9,"pts_half_ppr":2.9,"off_snp":10,"tm_off_snp":46,"rec_tgt":2,"rec":2,"rec_yd":19,"rec_td":0,"rush_att":0,"rush_yd":0,"rush_td":0,"target_share":5.3,"team_pass_rate":51.2,"team_tgt":38,"team_pass_att":44},"pos_rank":28,"opp_rank_vs_pos":27,"game_status":"active","score":{"tm":17,"opp":31,"r":"L"}},{"week":9,"opp":"NYG","stats":{"pts_ppr":2,"pts_half_ppr":1.5,"off_snp":29,"tm_off_snp":60,"rec_tgt":1,"rec":1,"rec_yd":10,"rec_td":0,"rush_att":0,"rush_yd":0,"rush_td":0,"target_share":2.7,"team_pass_rate":64.9,"team_tgt":37,"team_pass_att":50},"pos_rank":40,"opp_rank_vs_pos":6,"game_status":"active","score":{"tm":17,"opp":20,"r":"L"}},{"week":10,"opp":"NYJ","stats":{"pts_ppr":1.7,"pts_half_ppr":1.2,"off_snp":27,"tm_off_snp":64,"rec_tgt":1,"rec":1,"rec_yd":7,"rec_td":0,"rush_att":0,"rush_yd":0,"rush_td":0,"target_share":2.9,"team_pass_rate":55,"team_tgt":34,"team_pass_att":61},"pos_rank":39,"opp_rank_vs_pos":25,"game_status":"active","score":{"tm":6,"opp":10,"r":"L"}},{"week":11,"opp":"MIA","stats":{"pts_ppr":0,"pts_half_ppr":null,"off_snp":29,"tm_off_snp":61,"rec_tgt":1,"rec":0,"rec_yd":0,"rec_td":0,"rush_att":0,"rush_yd":0,"rush_td":0,"target_share":10,"team_pass_rate":74.4,"team_tgt":10,"team_pass_att":58},"pos_rank":51,"opp_rank_vs_pos":28,"game_status":"active","score":null},{"week":12,"opp":"KC","stats":{"pts_ppr":2.4,"pts_half_ppr":1.9,"off_snp":24,"tm_off_snp":58,"rec_tgt":2,"rec":1,"rec_yd":14,"rec_td":0,"rush_att":0,"rush_yd":0,"rush_td":0,"target_share":5.1,"team_pass_rate":54.3,"team_tgt":39,"team_pass_att":57},"pos_rank":38,"opp_rank_vs_pos":11,"game_status":"active","score":{"tm":7,"opp":10,"r":"L"}},{"week":13,"opp":"—","stats":{"pts_ppr":0},"game_status":"out"},{"week":14,"opp":"MIN","stats":{"pts_ppr":1.5,"pts_half_ppr":1,"off_snp":20,"tm_off_snp":54,"rec_tgt":1,"rec":1,"rec_yd":5,"rec_td":0,"rush_att":0,"rush_yd":0,"rush_td":0,"target_share":4.8,"team_pass_rate":71,"team_tgt":21,"team_pass_att":44},"pos_rank":45,"opp_rank_vs_pos":10,"game_status":"active","score":{"tm":21,"opp":18,"r":"W"}},{"week":15,"opp":"LAC","stats":{"pts_ppr":0,"pts_half_ppr":null,"off_snp":26,"tm_off_snp":64,"rec_tgt":1,"rec":0,"rec_yd":0,"rec_td":0,"rush_att":0,"rush_yd":0,"rush_td":0,"target_share":4,"team_pass_rate":77.3,"team_tgt":25,"team_pass_att":34},"pos_rank":68,"opp_rank_vs_pos":18,"game_status":"active","score":{"tm":17,"opp":27,"r":"L"}},{"week":16,"opp":"KC","stats":{"pts_ppr":3.3,"pts_half_ppr":2.3,"off_snp":49,"tm_off_snp":55,"rec_tgt":3,"rec":2,"rec_yd":13,"rec_td":0,"rush_att":0,"rush_yd":0,"rush_td":0,"target_share":14.3,"team_pass_rate":59.3,"team_tgt":21,"team_pass_att":16},"pos_rank":45,"opp_rank_vs_pos":11,"game_status":"active","score":{"tm":26,"opp":23,"r":"W"}},{"week":17,"opp":"IND","stats":{"pts_ppr":5.8,"pts_half_ppr":4.3,"off_snp":64,"tm_off_snp":75,"rec_tgt":3,"rec":3,"rec_yd":28,"rec_td":0,"rush_att":0,"rush_yd":0,"rush_td":0,"target_share":13.6,"team_pass_rate":0,"team_tgt":22,"team_pass_att":0},"pos_rank":29,"opp_rank_vs_pos":17,"game_status":"active","score":{"tm":21,"opp":27,"r":"L"}},{"week":18,"opp":"DEN","stats":{"pts_ppr":7.9,"pts_half_ppr":5.9,"off_snp":57,"tm_off_snp":66,"rec_tgt":5,"rec":4,"rec_yd":39,"rec_td":0,"rush_att":0,"rush_yd":0,"rush_td":0,"target_share":17.9,"team_pass_rate":10,"team_tgt":28,"team_pass_att":2},"pos_rank":15,"opp_rank_vs_pos":32,"game_status":"active","score":{"tm":3,"opp":17,"r":"L"}}]