[{"week":1,"opp":"CIN","stats":{"pts_ppr":5.1,"pts_half_ppr":4.1,"off_snp":36,"tm_off_snp":65,"rec_tgt":4,"rec":2,"rec_yd":31,"rec_td":0,"rush_att":0,"rush_yd":0,"rush_td":0,"target_share":19,"team_pass_rate":0,"team_tgt":21,"team_pass_att":0},"pos_rank":20,"opp_rank_vs_pos":32,"game_status":"active","score":{"tm":16,"opp":10,"r":"W"}},{"week":2,"opp":"SEA","stats":{"pts_ppr":1.5,"pts_half_ppr":1,"off_snp":37,"tm_off_snp":68,"rec_tgt":1,"rec":1,"rec_yd":5,"rec_td":0,"rush_att":0,"rush_yd":0,"rush_td":0,"target_share":3.6,"team_pass_rate":0,"team_tgt":28,"team_pass_att":0},"pos_rank":49,"opp_rank_vs_pos":15,"game_status":"active","score":{"tm":20,"opp":23,"r":"L"}},{"week":3,"opp":"NYJ","stats":{"pts_ppr":2.9,"pts_half_ppr":2.4,"off_snp":30,"tm_off_snp":52,"rec_tgt":4,"rec":1,"rec_yd":19,"rec_td":0,"rush_att":0,"rush_yd":0,"rush_td":0,"target_share":10.8,"team_pass_rate":33.3,"team_tgt":37,"team_pass_att":8},"pos_rank":37,"opp_rank_vs_pos":9,"game_status":"active","score":{"tm":3,"opp":24,"r":"L"}},{"week":4,"opp":"SF","stats":{"pts_ppr":9.3,"pts_half_ppr":8.3,"off_snp":38,"tm_off_snp":64,"rec_tgt":2,"rec":2,"rec_yd":13,"rec_td":1,"rush_att":0,"rush_yd":0,"rush_td":0,"target_share":5.9,"team_pass_rate":0,"team_tgt":34,"team_pass_att":0},"pos_rank":12,"opp_rank_vs_pos":8,"game_status":"active","score":{"tm":13,"opp":30,"r":"L"}},{"week":5,"opp":"MIA","stats":{"pts_ppr":1.9,"pts_half_ppr":1.4,"off_snp":25,"tm_off_snp":60,"rec_tgt":3,"rec":1,"rec_yd":9,"rec_td":0,"rush_att":0,"rush_yd":0,"rush_td":0,"target_share":7.5,"team_pass_rate":0,"team_tgt":40,"team_pass_att":0},"pos_rank":43,"opp_rank_vs_pos":24,"game_status":"active","score":{"tm":10,"opp":15,"r":"L"}},{"week":6,"opp":"HOU","stats":{"pts_ppr":-0.5,"pts_half_ppr":-1,"off_snp":37,"tm_off_snp":66,"rec_tgt":2,"rec":1,"rec_yd":5,"rec_td":0,"rush_att":0,"rush_yd":0,"rush_td":0,"target_share":5.9,"team_pass_rate":48.5,"team_tgt":34,"team_pass_att":33},"pos_rank":89,"opp_rank_vs_pos":11,"game_status":"active","score":{"tm":21,"opp":41,"r":"L"}},{"week":7,"opp":"JAX","stats":{"pts_ppr":7.2,"pts_half_ppr":5.2,"off_snp":23,"tm_off_snp":60,"rec_tgt":5,"rec":4,"rec_yd":32,"rec_td":0,"rush_att":0,"rush_yd":0,"rush_td":0,"target_share":14.3,"team_pass_rate":62.7,"team_tgt":35,"team_pass_att":37},"pos_rank":23,"opp_rank_vs_pos":23,"game_status":"active","score":{"tm":16,"opp":32,"r":"L"}},{"week":8,"opp":"NYJ","stats":{"pts_ppr":4.5,"pts_half_ppr":3,"off_snp":32,"tm_off_snp":67,"rec_tgt":4,"rec":3,"rec_yd":15,"rec_td":0,"rush_att":0,"rush_yd":0,"rush_td":0,"target_share":11.8,"team_pass_rate":15.4,"team_tgt":34,"team_pass_att":6},"pos_rank":37,"opp_rank_vs_pos":9,"game_status":"active","score":{"tm":25,"opp":22,"r":"W"}},{"week":9,"opp":"TEN","stats":{"pts_ppr":1.8,"pts_half_ppr":1.3,"off_snp":27,"tm_off_snp":69,"rec_tgt":1,"rec":1,"rec_yd":8,"rec_td":0,"rush_att":0,"rush_yd":0,"rush_td":0,"target_share":2.7,"team_pass_rate":66.1,"team_tgt":37,"team_pass_att":41},"pos_rank":42,"opp_rank_vs_pos":1,"game_status":"active","score":{"tm":17,"opp":20,"r":"L"}},{"week":10,"opp":"CHI","stats":{"pts_ppr":9.4,"pts_half_ppr":7.9,"off_snp":41,"tm_off_snp":64,"rec_tgt":4,"rec":3,"rec_yd":64,"rec_td":0,"rush_att":0,"rush_yd":0,"rush_td":0,"target_share":16,"team_pass_rate":46.3,"team_tgt":25,"team_pass_att":25},"pos_rank":13,"opp_rank_vs_pos":16,"game_status":"active","score":{"tm":19,"opp":3,"r":"W"}},{"week":11,"opp":"LAR","stats":{"pts_ppr":7.5,"pts_half_ppr":5.5,"off_snp":39,"tm_off_snp":76,"rec_tgt":4,"rec":4,"rec_yd":35,"rec_td":0,"rush_att":0,"rush_yd":0,"rush_td":0,"target_share":12.1,"team_pass_rate":55.7,"team_tgt":33,"team_pass_att":39},"pos_rank":21,"opp_rank_vs_pos":31,"game_status":"active","score":{"tm":22,"opp":28,"r":"L"}},{"week":12,"opp":"MIA","stats":{"pts_ppr":15.9,"pts_half_ppr":13.9,"off_snp":26,"tm_off_snp":69,"rec_tgt":4,"rec":4,"rec_yd":59,"rec_td":1,"rush_att":0,"rush_yd":0,"rush_td":0,"target_share":14.8,"team_pass_rate":70.8,"team_tgt":27,"team_pass_att":68},"pos_rank":6,"opp_rank_vs_pos":24,"game_status":"active","score":{"tm":15,"opp":34,"r":"L"}},{"week":13,"opp":"IND","stats":{"pts_ppr":14.2,"pts_half_ppr":12.2,"off_snp":36,"tm_off_snp":72,"rec_tgt":4,"rec":4,"rec_yd":42,"rec_td":1,"rush_att":0,"rush_yd":0,"rush_td":0,"target_share":14.8,"team_pass_rate":50,"team_tgt":27,"team_pass_att":30},"pos_rank":11,"opp_rank_vs_pos":29,"game_status":"active","score":{"tm":24,"opp":25,"r":"L"}},{"week":14,"opp":"BYE","stats":{"pts_ppr":0},"game_status":"bye"},{"week":15,"opp":"ARI","stats":{"pts_ppr":6.8,"pts_half_ppr":5.3,"off_snp":31,"tm_off_snp":51,"rec_tgt":3,"rec":3,"rec_yd":38,"rec_td":0,"rush_att":0,"rush_yd":0,"rush_td":0,"target_share":13.6,"team_pass_rate":59,"team_tgt":22,"team_pass_att":36},"pos_rank":18,"opp_rank_vs_pos":5,"game_status":"active","score":{"tm":17,"opp":30,"r":"L"}},{"week":16,"opp":"BUF","stats":{"pts_ppr":9.5,"pts_half_ppr":7.5,"off_snp":50,"tm_off_snp":73,"rec_tgt":5,"rec":4,"rec_yd":55,"rec_td":0,"rush_att":0,"rush_yd":0,"rush_td":0,"target_share":14.7,"team_pass_rate":52.2,"team_tgt":34,"team_pass_att":36},"pos_rank":13,"opp_rank_vs_pos":20,"game_status":"active","score":{"tm":21,"opp":24,"r":"L"}},{"week":17,"opp":"LAC","stats":{"pts_ppr":4.9,"pts_half_ppr":3.4,"off_snp":24,"tm_off_snp":53,"rec_tgt":3,"rec":3,"rec_yd":19,"rec_td":0,"rush_att":0,"rush_yd":0,"rush_td":0,"target_share":13,"team_pass_rate":48.1,"team_tgt":23,"team_pass_att":26},"pos_rank":25,"opp_rank_vs_pos":7,"game_status":"active","score":{"tm":7,"opp":40,"r":"L"}},{"week":18,"opp":"BUF","stats":{"pts_ppr":6.7,"pts_half_ppr":4.7,"off_snp":43,"tm_off_snp":64,"rec_tgt":6,"rec":4,"rec_yd":27,"rec_td":0,"rush_att":0,"rush_yd":0,"rush_td":0,"target_share":18.8,"team_pass_rate":53.7,"team_tgt":32,"team_pass_att":44},"pos_rank":25,"opp_rank_vs_pos":20,"game_status":"active","score":{"tm":23,"opp":16,"r":"W"}}]