{"neighbors":[{"id":"5409","name":"Tanner Hudson","slug":"tanner-hudson","team":"CIN","position":"TE","posRank":45,"ppg":3.2},{"id":"5973","name":"Josh Oliver","slug":"josh-oliver","team":"MIN","position":"TE","posRank":46,"ppg":3.2},{"id":"8225","name":"Daniel Bellinger","slug":"daniel-bellinger","team":"NYG","position":"TE","posRank":47,"ppg":3.1},{"id":"11600","name":"Ja'Tavion Sanders","slug":"jatavion-sanders","team":"CAR","position":"TE","posRank":49,"ppg":3},{"id":"10214","name":"Davis Allen","slug":"davis-allen","team":"LAR","position":"TE","posRank":50,"ppg":3},{"id":"7694","name":"Tommy Tremble","slug":"tommy-tremble","team":"CAR","position":"TE","posRank":51,"ppg":3}],"currentRank":48,"season":2025,"format":"half","position":"TE"}