{"neighbors":[{"id":"5409","name":"Tanner Hudson","slug":"tanner-hudson","team":"CIN","position":"TE","posRank":46,"ppg":4},{"id":"7694","name":"Tommy Tremble","slug":"tommy-tremble","team":"CAR","position":"TE","posRank":47,"ppg":3.8},{"id":"8225","name":"Daniel Bellinger","slug":"daniel-bellinger","team":"NYG","position":"TE","posRank":48,"ppg":3.7},{"id":"10214","name":"Davis Allen","slug":"davis-allen","team":"LAR","position":"TE","posRank":50,"ppg":3.7},{"id":"5973","name":"Josh Oliver","slug":"josh-oliver","team":"MIN","position":"TE","posRank":51,"ppg":3.7},{"id":"7535","name":"Hunter Long","slug":"hunter-long","team":"JAX","position":"TE","posRank":52,"ppg":3.6}],"currentRank":49,"season":2025,"format":"ppr","position":"TE"}