{"neighbors":[{"id":"8131","name":"Isaiah Likely","slug":"isaiah-likely","team":"BAL","position":"TE","posRank":45,"ppg":2.6},{"id":"8225","name":"Daniel Bellinger","slug":"daniel-bellinger","team":"NYG","position":"TE","posRank":46,"ppg":2.5},{"id":"5409","name":"Tanner Hudson","slug":"tanner-hudson","team":"CIN","position":"TE","posRank":47,"ppg":2.4},{"id":"10214","name":"Davis Allen","slug":"davis-allen","team":"LAR","position":"TE","posRank":49,"ppg":2.3},{"id":"7535","name":"Hunter Long","slug":"hunter-long","team":"JAX","position":"TE","posRank":50,"ppg":2.3},{"id":"7694","name":"Tommy Tremble","slug":"tommy-tremble","team":"CAR","position":"TE","posRank":51,"ppg":2.2}],"currentRank":48,"season":2025,"format":"standard","position":"TE"}