{"neighbors":[{"id":"6790","name":"D'Andre Swift","slug":"dandre-swift","team":"CHI","position":"RB","posRank":14,"ppg":12.4},{"id":"4866","name":"Saquon Barkley","slug":"saquon-barkley","team":"PHI","position":"RB","posRank":15,"ppg":12.2},{"id":"12507","name":"Omarion Hampton","slug":"omarion-hampton","team":"LAC","position":"RB","posRank":16,"ppg":11.5},{"id":"8228","name":"Jaylen Warren","slug":"jaylen-warren","team":"PIT","position":"RB","posRank":18,"ppg":11.1},{"id":"11584","name":"Bucky Irving","slug":"bucky-irving","team":"TB","position":"RB","posRank":19,"ppg":11},{"id":"8155","name":"Breece Hall","slug":"breece-hall","team":"NYJ","position":"RB","posRank":20,"ppg":10.7}],"currentRank":17,"season":2025,"format":"standard","position":"RB"}