{"neighbors":[{"id":"9506","name":"Sean Tucker","slug":"sean-tucker","team":"TB","position":"RB","posRank":54,"ppg":5.8},{"id":"12476","name":"Devin Neal","slug":"devin-neal","team":"NO","position":"RB","posRank":55,"ppg":5.7},{"id":"6151","name":"Miles Sanders","slug":"miles-sanders","team":"DAL","position":"RB","posRank":56,"ppg":5.7},{"id":"5995","name":"Justice Hill","slug":"justice-hill","team":"BAL","position":"RB","posRank":58,"ppg":5.5},{"id":"4988","name":"Nick Chubb","slug":"nick-chubb","team":"HOU","position":"RB","posRank":59,"ppg":5.5},{"id":"6039","name":"Ty Johnson","slug":"ty-johnson","team":"BUF","position":"RB","posRank":60,"ppg":5.2}],"currentRank":57,"season":2025,"format":"half","position":"RB"}