{"id":"5987","name":"Alexander Mattison","slug":"alexander-mattison","position":"RB","team":"MIA","status":"Active","injury_status":null,"age":27,"height":"71","weight":"220","number":8,"depth_chart_order":5,"years_exp":7,"headshotUrl":null,"season":2024,"seasonLabel":"2024 Season Final","seasonRank":37,"trends":{"weeklyFantasyPoints":[12.2,6.1,10.4,6,6.1,12.5,12.3,4.4,3.6,6.9,2.4,11.6,3.8,3.1]},"gameLog":[{"week":1,"opp":"LAC","stats":{"pts_ppr":16.2,"pts_half_ppr":14.2,"off_snp":36,"tm_off_snp":60,"rush_att":5,"rush_yd":19,"rush_td":0,"rec_tgt":6,"rec":4,"rec_yd":43,"rec_td":1,"target_share":27.3,"team_pass_rate":68.5,"team_tgt":22,"team_pass_att":37},"pos_rank":18,"opp_rank_vs_pos":5,"game_status":"active","score":{"tm":20,"opp":17,"r":"W"}},{"week":2,"opp":"BAL","stats":{"pts_ppr":6.1,"pts_half_ppr":6.1,"off_snp":14,"tm_off_snp":63,"rush_att":4,"rush_yd":1,"rush_td":1,"rec_tgt":0,"rec":0,"rec_yd":0,"rec_td":0,"target_share":0,"team_pass_rate":42.4,"team_tgt":21,"team_pass_att":25},"pos_rank":34,"opp_rank_vs_pos":3,"game_status":"active","score":{"tm":10,"opp":31,"r":"L"}},{"week":3,"opp":"CAR","stats":{"pts_ppr":13.4,"pts_half_ppr":11.9,"off_snp":28,"tm_off_snp":64,"rush_att":3,"rush_yd":7,"rush_td":1,"rec_tgt":3,"rec":3,"rec_yd":37,"rec_td":0,"target_share":17.6,"team_pass_rate":0,"team_tgt":17,"team_pass_att":0},"pos_rank":19,"opp_rank_vs_pos":32,"game_status":"active","score":{"tm":3,"opp":24,"r":"L"}},{"week":4,"opp":"CLE","stats":{"pts_ppr":6,"pts_half_ppr":6,"off_snp":21,"tm_off_snp":59,"rush_att":5,"rush_yd":60,"rush_td":0,"rec_tgt":1,"rec":0,"rec_yd":0,"rec_td":0,"target_share":7.7,"team_pass_rate":0,"team_tgt":13,"team_pass_att":0},"pos_rank":40,"opp_rank_vs_pos":9,"game_status":"active","score":{"tm":12,"opp":31,"r":"L"}},{"week":5,"opp":"DEN","stats":{"pts_ppr":10.1,"pts_half_ppr":9.1,"off_snp":40,"tm_off_snp":70,"rush_att":15,"rush_yd":38,"rush_td":0,"rec_tgt":3,"rec":2,"rec_yd":23,"rec_td":0,"target_share":25,"team_pass_rate":0,"team_tgt":12,"team_pass_att":0},"pos_rank":32,"opp_rank_vs_pos":13,"game_status":"active","score":{"tm":15,"opp":10,"r":"W"}},{"week":6,"opp":"PIT","stats":{"pts_ppr":17.5,"pts_half_ppr":15,"off_snp":43,"tm_off_snp":63,"rush_att":14,"rush_yd":33,"rush_td":1,"rec_tgt":5,"rec":5,"rec_yd":32,"rec_td":0,"target_share":62.5,"team_pass_rate":0,"team_tgt":8,"team_pass_att":0},"pos_rank":17,"opp_rank_vs_pos":10,"game_status":"active","score":null},{"week":7,"opp":"LAR","stats":{"pts_ppr":15.3,"pts_half_ppr":13.8,"off_snp":55,"tm_off_snp":79,"rush_att":23,"rush_yd":92,"rush_td":0,"rec_tgt":3,"rec":3,"rec_yd":31,"rec_td":0,"target_share":15,"team_pass_rate":0,"team_tgt":20,"team_pass_att":0},"pos_rank":19,"opp_rank_vs_pos":19,"game_status":"active","score":{"tm":10,"opp":16,"r":"L"}},{"week":8,"opp":"KC","stats":{"pts_ppr":9.4,"pts_half_ppr":6.9,"off_snp":38,"tm_off_snp":58,"rush_att":14,"rush_yd":15,"rush_td":0,"rec_tgt":5,"rec":5,"rec_yd":29,"rec_td":0,"target_share":21.7,"team_pass_rate":56.7,"team_tgt":23,"team_pass_att":38},"pos_rank":42,"opp_rank_vs_pos":1,"game_status":"active","score":{"tm":27,"opp":28,"r":"L"}},{"week":9,"opp":"CIN","stats":{"pts_ppr":3.6,"pts_half_ppr":3.6,"off_snp":24,"tm_off_snp":61,"rush_att":9,"rush_yd":36,"rush_td":0,"rec_tgt":0,"rec":0,"rec_yd":0,"rec_td":0,"target_share":0,"team_pass_rate":48.3,"team_tgt":13,"team_pass_att":28},"pos_rank":42,"opp_rank_vs_pos":22,"game_status":"active","score":{"tm":27,"opp":30,"r":"L"}},{"week":10,"opp":"—","stats":{"pts_ppr":0},"game_status":"out"},{"week":11,"opp":"MIA","stats":{"pts_ppr":9.9,"pts_half_ppr":8.4,"off_snp":20,"tm_off_snp":65,"rush_att":5,"rush_yd":19,"rush_td":0,"rec_tgt":3,"rec":3,"rec_yd":50,"rec_td":0,"target_share":17.6,"team_pass_rate":56.3,"team_tgt":17,"team_pass_att":36},"pos_rank":25,"opp_rank_vs_pos":17,"game_status":"active","score":{"tm":34,"opp":19,"r":"W"}},{"week":12,"opp":"—","stats":{"pts_ppr":0},"game_status":"out"},{"week":13,"opp":"—","stats":{"pts_ppr":0},"game_status":"out"},{"week":14,"opp":"—","stats":{"pts_ppr":0},"game_status":"out"},{"week":15,"opp":"ATL","stats":{"pts_ppr":2.4,"pts_half_ppr":1.4,"off_snp":22,"tm_off_snp":67,"rush_att":7,"rush_yd":21,"rush_td":0,"rec_tgt":4,"rec":2,"rec_yd":3,"rec_td":0,"target_share":19,"team_pass_rate":66.7,"team_tgt":21,"team_pass_att":40},"pos_rank":52,"opp_rank_vs_pos":15,"game_status":"active","score":{"tm":12,"opp":20,"r":"L"}},{"week":16,"opp":"JAX","stats":{"pts_ppr":15.6,"pts_half_ppr":13.6,"off_snp":42,"tm_off_snp":74,"rush_att":12,"rush_yd":27,"rush_td":1,"rec_tgt":7,"rec":4,"rec_yd":29,"rec_td":0,"target_share":35,"team_pass_rate":52.3,"team_tgt":20,"team_pass_att":34},"pos_rank":20,"opp_rank_vs_pos":24,"game_status":"active","score":{"tm":29,"opp":17,"r":"W"}},{"week":17,"opp":"NO","stats":{"pts_ppr":4.8,"pts_half_ppr":4.3,"off_snp":24,"tm_off_snp":77,"rush_att":10,"rush_yd":32,"rush_td":0,"rec_tgt":3,"rec":1,"rec_yd":6,"rec_td":0,"target_share":17.6,"team_pass_rate":0,"team_tgt":17,"team_pass_att":0},"pos_rank":41,"opp_rank_vs_pos":28,"game_status":"active","score":{"tm":20,"opp":3,"r":"W"}},{"week":18,"opp":"LAC","stats":{"pts_ppr":7.1,"pts_half_ppr":5.1,"off_snp":37,"tm_off_snp":51,"rush_att":6,"rush_yd":20,"rush_td":0,"rec_tgt":5,"rec":4,"rec_yd":11,"rec_td":0,"target_share":20,"team_pass_rate":0,"team_tgt":25,"team_pass_att":0},"pos_rank":47,"opp_rank_vs_pos":5,"game_status":"active","score":{"tm":20,"opp":32,"r":"L"}}],"news":[],"availableSeasons":[2025,2024,2023],"multiSeasonStats":[{"season":2024,"ppg":7.242857142857142,"gamesPlayed":14,"pos1Pct":0,"pos2Pct":35.714285714285715,"pos3Pct":21.428571428571427,"bustPct":42.857142857142854},{"season":2023,"ppg":6.7,"gamesPlayed":16,"pos1Pct":6.25,"pos2Pct":31.25,"pos3Pct":18.75,"bustPct":43.75}],"careerProfile":{"ppg":6.953333333333334,"gamesPlayed":30,"maxGames":34,"durabilityPct":88.23529411764706,"pos1Pct":3.3333333333333335,"pos2Pct":33.33333333333333,"pos3Pct":20,"bustPct":43.333333333333336,"volatility":3.9253142490790456,"volatilityLabel":"Low","seasons":2,"seasonPpgs":[{"season":2024,"ppg":7.242857142857142},{"season":2023,"ppg":6.7}],"smallSample":false},"dynasty":null,"productionRiskBenchmarks":{"position":"RB","season":2024,"qualifiedThreshold":20,"posAvg":{"yardsPerCatch":7.6937033084311635,"catchPct":80.36020583190394,"tdPerTarget":2.8301886792452833,"fpPerUsage":null},"posStdDev":{"tdPerTarget":2.9535180794994638},"percentile":{"yardsPerCatch":68,"catchPct":25,"tdPerTarget":53,"fpPerUsage":null},"playerQualified":true}}