[{"week":1,"opp":"DEN","stats":{"pts_ppr":0,"pts_half_ppr":null,"off_snp":7,"tm_off_snp":59,"rush_att":0,"rush_yd":0,"rush_td":0,"rec_tgt":1,"rec":0,"rec_yd":0,"rec_td":0,"target_share":3.4,"team_pass_rate":71.4,"team_tgt":29,"team_pass_att":65},"pos_rank":82,"opp_rank_vs_pos":26,"game_status":"active","score":{"tm":21,"opp":31,"r":"L"}},{"week":2,"opp":"BUF","stats":{"pts_ppr":1.5,"pts_half_ppr":1,"off_snp":6,"tm_off_snp":40,"rush_att":0,"rush_yd":0,"rush_td":0,"rec_tgt":3,"rec":1,"rec_yd":5,"rec_td":0,"target_share":10.7,"team_pass_rate":75.8,"team_tgt":28,"team_pass_att":47},"pos_rank":63,"opp_rank_vs_pos":12,"game_status":"active","score":{"tm":31,"opp":20,"r":"W"}},{"week":3,"opp":"PIT","stats":{"pts_ppr":3.6,"pts_half_ppr":2.6,"off_snp":12,"tm_off_snp":72,"rush_att":0,"rush_yd":0,"rush_td":0,"rec_tgt":3,"rec":2,"rec_yd":16,"rec_td":0,"target_share":8.6,"team_pass_rate":94.1,"team_tgt":35,"team_pass_att":32},"pos_rank":54,"opp_rank_vs_pos":21,"game_status":"active","score":{"tm":22,"opp":19,"r":"W"}},{"week":4,"opp":"LAC","stats":{"pts_ppr":3.4,"pts_half_ppr":2.4,"off_snp":15,"tm_off_snp":73,"rush_att":0,"rush_yd":0,"rush_td":0,"rec_tgt":2,"rec":2,"rec_yd":14,"rec_td":0,"target_share":11.8,"team_pass_rate":74.7,"team_tgt":17,"team_pass_att":59},"pos_rank":52,"opp_rank_vs_pos":18,"game_status":"active","score":{"tm":23,"opp":29,"r":"L"}},{"week":5,"opp":"GB","stats":{"pts_ppr":2.5,"pts_half_ppr":2,"off_snp":11,"tm_off_snp":64,"rush_att":1,"rush_yd":4,"rush_td":0,"rec_tgt":1,"rec":1,"rec_yd":11,"rec_td":0,"target_share":5,"team_pass_rate":71.1,"team_tgt":20,"team_pass_att":32},"pos_rank":47,"opp_rank_vs_pos":24,"game_status":"active","score":{"tm":23,"opp":16,"r":"W"}},{"week":6,"opp":"NE","stats":{"pts_ppr":0,"pts_half_ppr":null,"off_snp":9,"tm_off_snp":70,"rush_att":0,"rush_yd":0,"rush_td":0,"rec_tgt":1,"rec":0,"rec_yd":0,"rec_td":0,"target_share":2.3,"team_pass_rate":0,"team_tgt":43,"team_pass_att":0},"pos_rank":79,"opp_rank_vs_pos":11,"game_status":"active","score":{"tm":20,"opp":37,"r":"L"}},{"week":7,"opp":"CHI","stats":{"pts_ppr":0,"pts_half_ppr":null,"off_snp":10,"tm_off_snp":65,"rush_att":0,"rush_yd":0,"rush_td":0,"rec_tgt":0,"rec":0,"rec_yd":0,"rec_td":0,"target_share":0,"team_pass_rate":0,"team_tgt":22,"team_pass_att":0},"pos_rank":60,"opp_rank_vs_pos":23,"game_status":"active","score":{"tm":38,"opp":39,"r":"L"}},{"week":8,"opp":"DET","stats":{"pts_ppr":2.9,"pts_half_ppr":2.4,"off_snp":10,"tm_off_snp":46,"rush_att":1,"rush_yd":7,"rush_td":0,"rec_tgt":1,"rec":1,"rec_yd":12,"rec_td":0,"target_share":2.4,"team_pass_rate":0,"team_tgt":42,"team_pass_att":0},"pos_rank":60,"opp_rank_vs_pos":2,"game_status":"active","score":{"tm":27,"opp":38,"r":"L"}},{"week":9,"opp":"NYG","stats":{"pts_ppr":4.5,"pts_half_ppr":3.5,"off_snp":8,"tm_off_snp":60,"rush_att":2,"rush_yd":8,"rush_td":0,"rec_tgt":2,"rec":2,"rec_yd":17,"rec_td":0,"target_share":8.3,"team_pass_rate":26.5,"team_tgt":24,"team_pass_att":9},"pos_rank":41,"opp_rank_vs_pos":20,"game_status":"active","score":{"tm":27,"opp":13,"r":"W"}},{"week":10,"opp":"NYJ","stats":{"pts_ppr":1.4,"pts_half_ppr":0.9,"off_snp":10,"tm_off_snp":64,"rush_att":0,"rush_yd":0,"rush_td":0,"rec_tgt":1,"rec":1,"rec_yd":4,"rec_td":0,"target_share":4.8,"team_pass_rate":0,"team_tgt":21,"team_pass_att":0},"pos_rank":57,"opp_rank_vs_pos":25,"game_status":"active","score":{"tm":10,"opp":6,"r":"W"}},{"week":11,"opp":"MIA","stats":{"pts_ppr":1.4,"pts_half_ppr":0.9,"off_snp":14,"tm_off_snp":61,"rush_att":0,"rush_yd":0,"rush_td":0,"rec_tgt":1,"rec":1,"rec_yd":4,"rec_td":0,"target_share":25,"team_pass_rate":0,"team_tgt":4,"team_pass_att":0},"pos_rank":65,"opp_rank_vs_pos":8,"game_status":"active","score":null},{"week":12,"opp":"KC","stats":{"pts_ppr":2.3,"pts_half_ppr":1.8,"off_snp":12,"tm_off_snp":58,"rush_att":1,"rush_yd":11,"rush_td":0,"rec_tgt":1,"rec":1,"rec_yd":2,"rec_td":0,"target_share":2.7,"team_pass_rate":0,"team_tgt":37,"team_pass_att":0},"pos_rank":59,"opp_rank_vs_pos":6,"game_status":"active","score":{"tm":27,"opp":20,"r":"W"}},{"week":13,"opp":"—","stats":{"pts_ppr":0},"game_status":"out"},{"week":14,"opp":"MIN","stats":{"pts_ppr":3.9,"pts_half_ppr":2.9,"off_snp":15,"tm_off_snp":54,"rush_att":1,"rush_yd":12,"rush_td":0,"rec_tgt":2,"rec":2,"rec_yd":7,"rec_td":0,"target_share":7.1,"team_pass_rate":0,"team_tgt":28,"team_pass_att":0},"pos_rank":51,"opp_rank_vs_pos":13,"game_status":"active","score":{"tm":14,"opp":34,"r":"L"}},{"week":15,"opp":"LAC","stats":{"pts_ppr":6.5,"pts_half_ppr":5.5,"off_snp":17,"tm_off_snp":64,"rush_att":6,"rush_yd":32,"rush_td":0,"rec_tgt":2,"rec":2,"rec_yd":13,"rec_td":0,"target_share":8,"team_pass_rate":0,"team_tgt":25,"team_pass_att":0},"pos_rank":42,"opp_rank_vs_pos":18,"game_status":"active","score":{"tm":30,"opp":13,"r":"W"}},{"week":16,"opp":"KC","stats":{"pts_ppr":2.2,"pts_half_ppr":1.7,"off_snp":12,"tm_off_snp":55,"rush_att":2,"rush_yd":11,"rush_td":0,"rec_tgt":1,"rec":1,"rec_yd":1,"rec_td":0,"target_share":3.4,"team_pass_rate":0,"team_tgt":29,"team_pass_att":0},"pos_rank":57,"opp_rank_vs_pos":6,"game_status":"active","score":{"tm":10,"opp":29,"r":"L"}},{"week":17,"opp":"IND","stats":{"pts_ppr":3.2,"pts_half_ppr":2.7,"off_snp":30,"tm_off_snp":75,"rush_att":1,"rush_yd":4,"rush_td":0,"rec_tgt":1,"rec":1,"rec_yd":18,"rec_td":0,"target_share":6.3,"team_pass_rate":0,"team_tgt":16,"team_pass_att":0},"pos_rank":57,"opp_rank_vs_pos":27,"game_status":"active","score":{"tm":23,"opp":20,"r":"W"}},{"week":18,"opp":"DEN","stats":{"pts_ppr":1.7,"pts_half_ppr":1.2,"off_snp":18,"tm_off_snp":66,"rush_att":0,"rush_yd":0,"rush_td":0,"rec_tgt":1,"rec":1,"rec_yd":7,"rec_td":0,"target_share":3.8,"team_pass_rate":0,"team_tgt":26,"team_pass_att":0},"pos_rank":61,"opp_rank_vs_pos":26,"game_status":"active","score":{"tm":19,"opp":23,"r":"L"}}]