[{"week":1,"opp":"LAC","stats":{"pts_ppr":0,"pts_half_ppr":null,"off_snp":0,"tm_off_snp":60,"rush_att":0,"rush_yd":0,"rush_td":0,"rec_tgt":0,"rec":0,"rec_yd":0,"rec_td":0,"target_share":0,"team_pass_rate":68.5,"team_tgt":13,"team_pass_att":61},"pos_rank":null,"opp_rank_vs_pos":5,"game_status":"active","score":{"tm":27,"opp":29,"r":"L"}},{"week":2,"opp":"BAL","stats":{"pts_ppr":2.2,"pts_half_ppr":1.2,"off_snp":8,"tm_off_snp":63,"rush_att":2,"rush_yd":1,"rush_td":0,"rec_tgt":2,"rec":2,"rec_yd":1,"rec_td":0,"target_share":7.7,"team_pass_rate":72.9,"team_tgt":26,"team_pass_att":62},"pos_rank":64,"opp_rank_vs_pos":3,"game_status":"active","score":{"tm":10,"opp":16,"r":"L"}},{"week":3,"opp":"CAR","stats":{"pts_ppr":3.3,"pts_half_ppr":2.3,"off_snp":22,"tm_off_snp":64,"rush_att":0,"rush_yd":0,"rush_td":0,"rec_tgt":2,"rec":2,"rec_yd":13,"rec_td":0,"target_share":11.1,"team_pass_rate":58.1,"team_tgt":18,"team_pass_att":54},"pos_rank":54,"opp_rank_vs_pos":32,"game_status":"active","score":{"tm":21,"opp":16,"r":"W"}},{"week":4,"opp":"CLE","stats":{"pts_ppr":0,"pts_half_ppr":null,"off_snp":0,"tm_off_snp":59,"rush_att":0,"rush_yd":0,"rush_td":0,"rec_tgt":0,"rec":0,"rec_yd":0,"rec_td":0,"target_share":0,"team_pass_rate":61.1,"team_tgt":25,"team_pass_att":44},"pos_rank":null,"opp_rank_vs_pos":7,"game_status":"active","score":{"tm":27,"opp":24,"r":"W"}},{"week":5,"opp":"DEN","stats":{"pts_ppr":14.1,"pts_half_ppr":12.6,"off_snp":31,"tm_off_snp":70,"rush_att":5,"rush_yd":42,"rush_td":1,"rec_tgt":3,"rec":3,"rec_yd":9,"rec_td":0,"target_share":8.6,"team_pass_rate":60.7,"team_tgt":35,"team_pass_att":34},"pos_rank":18,"opp_rank_vs_pos":16,"game_status":"active","score":{"tm":34,"opp":37,"r":"L"}},{"week":6,"opp":"PIT","stats":{"pts_ppr":4.8,"pts_half_ppr":3.3,"off_snp":19,"tm_off_snp":63,"rush_att":4,"rush_yd":24,"rush_td":0,"rec_tgt":5,"rec":3,"rec_yd":14,"rec_td":0,"target_share":13.9,"team_pass_rate":63.1,"team_tgt":36,"team_pass_att":41},"pos_rank":41,"opp_rank_vs_pos":10,"game_status":"active","score":{"tm":20,"opp":17,"r":"W"}},{"week":7,"opp":"LAR","stats":{"pts_ppr":0,"pts_half_ppr":null,"off_snp":13,"tm_off_snp":79,"rush_att":0,"rush_yd":0,"rush_td":0,"rec_tgt":0,"rec":0,"rec_yd":0,"rec_td":0,"target_share":0,"team_pass_rate":57,"team_tgt":16,"team_pass_att":45},"pos_rank":77,"opp_rank_vs_pos":20,"game_status":"active","score":{"tm":16,"opp":10,"r":"W"}},{"week":8,"opp":"KC","stats":{"pts_ppr":2.1,"pts_half_ppr":1.6,"off_snp":17,"tm_off_snp":58,"rush_att":1,"rush_yd":2,"rush_td":0,"rec_tgt":2,"rec":1,"rec_yd":9,"rec_td":0,"target_share":7.7,"team_pass_rate":70,"team_tgt":26,"team_pass_att":70},"pos_rank":61,"opp_rank_vs_pos":1,"game_status":"active","score":{"tm":20,"opp":23,"r":"L"}},{"week":9,"opp":"CIN","stats":{"pts_ppr":5.6,"pts_half_ppr":4.1,"off_snp":30,"tm_off_snp":61,"rush_att":4,"rush_yd":12,"rush_td":0,"rec_tgt":3,"rec":3,"rec_yd":14,"rec_td":0,"target_share":11.5,"team_pass_rate":50,"team_tgt":26,"team_pass_att":26},"pos_rank":44,"opp_rank_vs_pos":22,"game_status":"active","score":{"tm":13,"opp":21,"r":"L"}},{"week":10,"opp":"—","stats":{"pts_ppr":0},"game_status":"out"},{"week":11,"opp":"MIA","stats":{"pts_ppr":10.7,"pts_half_ppr":9.2,"off_snp":22,"tm_off_snp":65,"rush_att":1,"rush_yd":1,"rush_td":0,"rec_tgt":3,"rec":3,"rec_yd":16,"rec_td":1,"target_share":11.5,"team_pass_rate":46.2,"team_tgt":26,"team_pass_att":30},"pos_rank":23,"opp_rank_vs_pos":15,"game_status":"active","score":{"tm":28,"opp":27,"r":"W"}},{"week":12,"opp":"DEN","stats":{"pts_ppr":17.5,"pts_half_ppr":15,"off_snp":69,"tm_off_snp":77,"rush_att":8,"rush_yd":28,"rush_td":0,"rec_tgt":6,"rec":5,"rec_yd":37,"rec_td":1,"target_share":23.1,"team_pass_rate":49.1,"team_tgt":26,"team_pass_att":28},"pos_rank":9,"opp_rank_vs_pos":16,"game_status":"active","score":{"tm":6,"opp":24,"r":"L"}},{"week":13,"opp":"KC","stats":{"pts_ppr":7.3,"pts_half_ppr":6.3,"off_snp":42,"tm_off_snp":68,"rush_att":10,"rush_yd":39,"rush_td":0,"rec_tgt":2,"rec":2,"rec_yd":14,"rec_td":0,"target_share":9.5,"team_pass_rate":35.3,"team_tgt":21,"team_pass_att":24},"pos_rank":41,"opp_rank_vs_pos":1,"game_status":"active","score":{"tm":25,"opp":24,"r":"W"}},{"week":14,"opp":"TB","stats":{"pts_ppr":0.8,"pts_half_ppr":0.3,"off_snp":26,"tm_off_snp":67,"rush_att":1,"rush_yd":1,"rush_td":0,"rec_tgt":2,"rec":1,"rec_yd":-3,"rec_td":0,"target_share":100,"team_pass_rate":0,"team_tgt":2,"team_pass_att":0},"pos_rank":59,"opp_rank_vs_pos":9,"game_status":"active","score":null},{"week":15,"opp":"ATL","stats":{"pts_ppr":19.6,"pts_half_ppr":16.1,"off_snp":31,"tm_off_snp":67,"rush_att":3,"rush_yd":8,"rush_td":0,"rec_tgt":7,"rec":7,"rec_yd":58,"rec_td":1,"target_share":21.9,"team_pass_rate":53.5,"team_tgt":32,"team_pass_att":38},"pos_rank":9,"opp_rank_vs_pos":18,"game_status":"active","score":{"tm":13,"opp":31,"r":"L"}},{"week":16,"opp":"JAX","stats":{"pts_ppr":19.5,"pts_half_ppr":17,"off_snp":32,"tm_off_snp":74,"rush_att":7,"rush_yd":38,"rush_td":1,"rec_tgt":6,"rec":5,"rec_yd":47,"rec_td":0,"target_share":37.5,"team_pass_rate":18.3,"team_tgt":16,"team_pass_att":11},"pos_rank":15,"opp_rank_vs_pos":24,"game_status":"active","score":{"tm":38,"opp":30,"r":"W"}},{"week":17,"opp":"NO","stats":{"pts_ppr":17.7,"pts_half_ppr":16.2,"off_snp":48,"tm_off_snp":77,"rush_att":20,"rush_yd":115,"rush_td":0,"rec_tgt":4,"rec":3,"rec_yd":32,"rec_td":0,"target_share":12.5,"team_pass_rate":0,"team_tgt":32,"team_pass_att":0},"pos_rank":7,"opp_rank_vs_pos":28,"game_status":"active","score":{"tm":33,"opp":45,"r":"L"}},{"week":18,"opp":"—","stats":{"pts_ppr":0},"game_status":"out"}]