{"neighbors":[{"id":"9493","name":"Puka Nacua","slug":"puka-nacua","team":"LAR","position":"WR","posRank":1,"ppg":19.4},{"id":"9488","name":"Jaxon Smith-Njigba","slug":"jaxon-smith-njigba","team":"SEA","position":"WR","posRank":2,"ppg":17.7},{"id":"7564","name":"Ja'Marr Chase","slug":"jamarr-chase","team":"CIN","position":"WR","posRank":3,"ppg":15.7},{"id":"10229","name":"Rashee Rice","slug":"rashee-rice","team":"KC","position":"WR","posRank":5,"ppg":15.5},{"id":"8137","name":"George Pickens","slug":"george-pickens","team":"DAL","position":"WR","posRank":6,"ppg":14.4},{"id":"8112","name":"Drake London","slug":"drake-london","team":"ATL","position":"WR","posRank":7,"ppg":14}],"currentRank":4,"season":2025,"format":"half","position":"WR"}