[{"week":1,"opp":"NE","stats":{"pts_ppr":12,"pts_half_ppr":11,"off_snp":54,"tm_off_snp":63,"rush_att":19,"rush_yd":38,"rush_td":1,"rec_tgt":2,"rec":2,"rec_yd":2,"rec_td":0,"target_share":8.3,"team_pass_rate":58.6,"team_tgt":24,"team_pass_att":34},"pos_rank":22,"opp_rank_vs_pos":5,"game_status":"active","score":{"tm":20,"opp":13,"r":"W"}},{"week":2,"opp":"LAC","stats":{"pts_ppr":7.4,"pts_half_ppr":5.9,"off_snp":39,"tm_off_snp":70,"rush_att":11,"rush_yd":43,"rush_td":0,"rec_tgt":4,"rec":3,"rec_yd":1,"rec_td":0,"target_share":11.8,"team_pass_rate":69.4,"team_tgt":34,"team_pass_att":43},"pos_rank":38,"opp_rank_vs_pos":4,"game_status":"active","score":{"tm":9,"opp":20,"r":"L"}},{"week":3,"opp":"WAS","stats":{"pts_ppr":6.3,"pts_half_ppr":6.3,"off_snp":40,"tm_off_snp":66,"rush_att":17,"rush_yd":63,"rush_td":0,"rec_tgt":0,"rec":0,"rec_yd":0,"rec_td":0,"target_share":0,"team_pass_rate":50.9,"team_tgt":27,"team_pass_att":29},"pos_rank":31,"opp_rank_vs_pos":27,"game_status":"active","score":{"tm":24,"opp":41,"r":"L"}},{"week":4,"opp":"CHI","stats":{"pts_ppr":33.5,"pts_half_ppr":32.5,"off_snp":44,"tm_off_snp":52,"rush_att":21,"rush_yd":138,"rush_td":1,"rec_tgt":2,"rec":2,"rec_yd":17,"rec_td":2,"target_share":11.8,"team_pass_rate":40.4,"team_tgt":17,"team_pass_att":21},"pos_rank":1,"opp_rank_vs_pos":24,"game_status":"active","score":{"tm":24,"opp":25,"r":"L"}},{"week":5,"opp":"IND","stats":{"pts_ppr":15.9,"pts_half_ppr":13.4,"off_snp":37,"tm_off_snp":68,"rush_att":14,"rush_yd":67,"rush_td":0,"rec_tgt":7,"rec":5,"rec_yd":42,"rec_td":0,"target_share":20.6,"team_pass_rate":59,"team_tgt":34,"team_pass_att":36},"pos_rank":20,"opp_rank_vs_pos":9,"game_status":"active","score":{"tm":6,"opp":40,"r":"L"}},{"week":6,"opp":"TEN","stats":{"pts_ppr":16.6,"pts_half_ppr":15.6,"off_snp":48,"tm_off_snp":61,"rush_att":23,"rush_yd":75,"rush_td":1,"rec_tgt":4,"rec":2,"rec_yd":11,"rec_td":0,"target_share":19,"team_pass_rate":41.8,"team_tgt":21,"team_pass_att":23},"pos_rank":12,"opp_rank_vs_pos":22,"game_status":"active","score":{"tm":20,"opp":10,"r":"W"}},{"week":7,"opp":"KC","stats":{"pts_ppr":4.4,"pts_half_ppr":3.9,"off_snp":22,"tm_off_snp":35,"rush_att":6,"rush_yd":21,"rush_td":0,"rec_tgt":1,"rec":1,"rec_yd":13,"rec_td":0,"target_share":5.3,"team_pass_rate":62.1,"team_tgt":19,"team_pass_att":18},"pos_rank":42,"opp_rank_vs_pos":7,"game_status":"active","score":{"tm":0,"opp":31,"r":"L"}},{"week":8,"opp":"BYE","stats":{"pts_ppr":0},"game_status":"bye"},{"week":9,"opp":"JAX","stats":{"pts_ppr":19.9,"pts_half_ppr":17.4,"off_snp":58,"tm_off_snp":64,"rush_att":13,"rush_yd":42,"rush_td":0,"rec_tgt":5,"rec":5,"rec_yd":47,"rec_td":1,"target_share":15.6,"team_pass_rate":67.2,"team_tgt":32,"team_pass_att":39},"pos_rank":7,"opp_rank_vs_pos":2,"game_status":"active","score":{"tm":29,"opp":30,"r":"L"}},{"week":10,"opp":"DEN","stats":{"pts_ppr":15.3,"pts_half_ppr":13.8,"off_snp":52,"tm_off_snp":60,"rush_att":19,"rush_yd":60,"rush_td":1,"rec_tgt":5,"rec":3,"rec_yd":3,"rec_td":0,"target_share":20,"team_pass_rate":51.9,"team_tgt":25,"team_pass_att":27},"pos_rank":15,"opp_rank_vs_pos":3,"game_status":"active","score":{"tm":7,"opp":10,"r":"L"}},{"week":11,"opp":"DAL","stats":{"pts_ppr":9.4,"pts_half_ppr":6.4,"off_snp":44,"tm_off_snp":60,"rush_att":6,"rush_yd":7,"rush_td":0,"rec_tgt":8,"rec":6,"rec_yd":27,"rec_td":0,"target_share":20.5,"team_pass_rate":77.8,"team_tgt":39,"team_pass_att":42},"pos_rank":45,"opp_rank_vs_pos":28,"game_status":"active","score":{"tm":16,"opp":33,"r":"L"}},{"week":12,"opp":"CLE","stats":{"pts_ppr":24.8,"pts_half_ppr":20.8,"off_snp":64,"tm_off_snp":79,"rush_att":17,"rush_yd":50,"rush_td":0,"rec_tgt":8,"rec":8,"rec_yd":58,"rec_td":1,"target_share":19,"team_pass_rate":67.7,"team_tgt":42,"team_pass_att":44},"pos_rank":8,"opp_rank_vs_pos":17,"game_status":"active","score":{"tm":10,"opp":24,"r":"L"}},{"week":13,"opp":"LAC","stats":{"pts_ppr":12.1,"pts_half_ppr":9.1,"off_snp":46,"tm_off_snp":48,"rush_att":15,"rush_yd":31,"rush_td":0,"rec_tgt":8,"rec":6,"rec_yd":30,"rec_td":0,"target_share":36.4,"team_pass_rate":56.1,"team_tgt":22,"team_pass_att":23},"pos_rank":43,"opp_rank_vs_pos":4,"game_status":"active","score":{"tm":14,"opp":31,"r":"L"}},{"week":14,"opp":"DEN","stats":{"pts_ppr":5.8,"pts_half_ppr":4.8,"off_snp":35,"tm_off_snp":50,"rush_att":10,"rush_yd":30,"rush_td":0,"rec_tgt":4,"rec":2,"rec_yd":8,"rec_td":0,"target_share":14.3,"team_pass_rate":72.7,"team_tgt":28,"team_pass_att":32},"pos_rank":45,"opp_rank_vs_pos":3,"game_status":"active","score":{"tm":17,"opp":24,"r":"L"}},{"week":15,"opp":"PHI","stats":{"pts_ppr":8.2,"pts_half_ppr":6.2,"off_snp":30,"tm_off_snp":42,"rush_att":9,"rush_yd":35,"rush_td":0,"rec_tgt":6,"rec":4,"rec_yd":7,"rec_td":0,"target_share":24,"team_pass_rate":65.8,"team_tgt":25,"team_pass_att":25},"pos_rank":43,"opp_rank_vs_pos":25,"game_status":"active","score":{"tm":0,"opp":31,"r":"L"}},{"week":16,"opp":"HOU","stats":{"pts_ppr":31.8,"pts_half_ppr":31.3,"off_snp":50,"tm_off_snp":54,"rush_att":24,"rush_yd":128,"rush_td":1,"rec_tgt":2,"rec":1,"rec_yd":60,"rec_td":1,"target_share":9.1,"team_pass_rate":46,"team_tgt":22,"team_pass_att":23},"pos_rank":1,"opp_rank_vs_pos":8,"game_status":"active","score":{"tm":21,"opp":23,"r":"L"}},{"week":17,"opp":"NYG","stats":{"pts_ppr":9.3,"pts_half_ppr":8.3,"off_snp":48,"tm_off_snp":59,"rush_att":16,"rush_yd":60,"rush_td":0,"rec_tgt":2,"rec":2,"rec_yd":13,"rec_td":0,"target_share":7.1,"team_pass_rate":60,"team_tgt":28,"team_pass_att":30},"pos_rank":26,"opp_rank_vs_pos":31,"game_status":"active","score":{"tm":10,"opp":34,"r":"L"}},{"week":18,"opp":"KC","stats":{"pts_ppr":12.4,"pts_half_ppr":10.9,"off_snp":0,"tm_off_snp":0,"rush_att":26,"rush_yd":87,"rush_td":0,"rec_tgt":5,"rec":3,"rec_yd":7,"rec_td":0,"target_share":19.2,"team_pass_rate":45.6,"team_tgt":26,"team_pass_att":26},"pos_rank":19,"opp_rank_vs_pos":7,"game_status":"active","score":{"tm":14,"opp":12,"r":"W"}}]