{"id":"12527","name":"Ashton Jeanty","slug":"ashton-jeanty","position":"RB","team":"LV","status":"Active","injury_status":null,"age":22,"height":"68","weight":"208","number":2,"depth_chart_order":1,"years_exp":1,"headshotUrl":null,"season":2025,"seasonLabel":"2025 Season Final","seasonRank":16,"trends":{"weeklyFantasyPoints":[12,7.4,6.3,33.5,15.9,16.6,4.4,19.9,15.3,9.4,24.8,12.1,5.8,8.2,31.8,9.3,12.4]},"gameLog":[{"week":1,"opp":"NE","stats":{"pts_ppr":12,"pts_half_ppr":11,"off_snp":54,"tm_off_snp":63,"rush_att":19,"rush_yd":38,"rush_td":1,"rec_tgt":2,"rec":2,"rec_yd":2,"rec_td":0,"target_share":8.3,"team_pass_rate":58.6,"team_tgt":24,"team_pass_att":34},"pos_rank":24,"opp_rank_vs_pos":8,"game_status":"active","score":{"tm":20,"opp":13,"r":"W"}},{"week":2,"opp":"LAC","stats":{"pts_ppr":7.4,"pts_half_ppr":5.9,"off_snp":39,"tm_off_snp":70,"rush_att":11,"rush_yd":43,"rush_td":0,"rec_tgt":4,"rec":3,"rec_yd":1,"rec_td":0,"target_share":11.8,"team_pass_rate":69.4,"team_tgt":34,"team_pass_att":43},"pos_rank":37,"opp_rank_vs_pos":2,"game_status":"active","score":{"tm":9,"opp":20,"r":"L"}},{"week":3,"opp":"WAS","stats":{"pts_ppr":6.3,"pts_half_ppr":6.3,"off_snp":40,"tm_off_snp":66,"rush_att":17,"rush_yd":63,"rush_td":0,"rec_tgt":0,"rec":0,"rec_yd":0,"rec_td":0,"target_share":0,"team_pass_rate":50.9,"team_tgt":27,"team_pass_att":29},"pos_rank":41,"opp_rank_vs_pos":22,"game_status":"active","score":{"tm":24,"opp":41,"r":"L"}},{"week":4,"opp":"CHI","stats":{"pts_ppr":33.5,"pts_half_ppr":32.5,"off_snp":44,"tm_off_snp":52,"rush_att":21,"rush_yd":138,"rush_td":1,"rec_tgt":2,"rec":2,"rec_yd":17,"rec_td":2,"target_share":11.8,"team_pass_rate":40.4,"team_tgt":17,"team_pass_att":21},"pos_rank":1,"opp_rank_vs_pos":25,"game_status":"active","score":{"tm":24,"opp":25,"r":"L"}},{"week":5,"opp":"IND","stats":{"pts_ppr":15.9,"pts_half_ppr":13.4,"off_snp":37,"tm_off_snp":68,"rush_att":14,"rush_yd":67,"rush_td":0,"rec_tgt":7,"rec":5,"rec_yd":42,"rec_td":0,"target_share":20.6,"team_pass_rate":59,"team_tgt":34,"team_pass_att":36},"pos_rank":15,"opp_rank_vs_pos":6,"game_status":"active","score":{"tm":6,"opp":40,"r":"L"}},{"week":6,"opp":"TEN","stats":{"pts_ppr":16.6,"pts_half_ppr":15.6,"off_snp":48,"tm_off_snp":61,"rush_att":23,"rush_yd":75,"rush_td":1,"rec_tgt":4,"rec":2,"rec_yd":11,"rec_td":0,"target_share":19,"team_pass_rate":41.8,"team_tgt":21,"team_pass_att":23},"pos_rank":12,"opp_rank_vs_pos":14,"game_status":"active","score":{"tm":20,"opp":10,"r":"W"}},{"week":7,"opp":"KC","stats":{"pts_ppr":4.4,"pts_half_ppr":3.9,"off_snp":22,"tm_off_snp":35,"rush_att":6,"rush_yd":21,"rush_td":0,"rec_tgt":1,"rec":1,"rec_yd":13,"rec_td":0,"target_share":5.3,"team_pass_rate":62.1,"team_tgt":19,"team_pass_att":18},"pos_rank":43,"opp_rank_vs_pos":5,"game_status":"active","score":{"tm":0,"opp":31,"r":"L"}},{"week":8,"opp":"BYE","stats":{"pts_ppr":0},"game_status":"bye"},{"week":9,"opp":"JAX","stats":{"pts_ppr":19.9,"pts_half_ppr":17.4,"off_snp":58,"tm_off_snp":64,"rush_att":13,"rush_yd":42,"rush_td":0,"rec_tgt":5,"rec":5,"rec_yd":47,"rec_td":1,"target_share":15.6,"team_pass_rate":67.2,"team_tgt":32,"team_pass_att":39},"pos_rank":5,"opp_rank_vs_pos":4,"game_status":"active","score":{"tm":29,"opp":30,"r":"L"}},{"week":10,"opp":"DEN","stats":{"pts_ppr":15.3,"pts_half_ppr":13.8,"off_snp":52,"tm_off_snp":60,"rush_att":19,"rush_yd":60,"rush_td":1,"rec_tgt":5,"rec":3,"rec_yd":3,"rec_td":0,"target_share":20,"team_pass_rate":51.9,"team_tgt":25,"team_pass_att":27},"pos_rank":15,"opp_rank_vs_pos":1,"game_status":"active","score":{"tm":7,"opp":10,"r":"L"}},{"week":11,"opp":"DAL","stats":{"pts_ppr":9.4,"pts_half_ppr":6.4,"off_snp":44,"tm_off_snp":60,"rush_att":6,"rush_yd":7,"rush_td":0,"rec_tgt":8,"rec":6,"rec_yd":27,"rec_td":0,"target_share":20.5,"team_pass_rate":77.8,"team_tgt":39,"team_pass_att":42},"pos_rank":30,"opp_rank_vs_pos":28,"game_status":"active","score":{"tm":16,"opp":33,"r":"L"}},{"week":12,"opp":"CLE","stats":{"pts_ppr":24.8,"pts_half_ppr":20.8,"off_snp":64,"tm_off_snp":79,"rush_att":17,"rush_yd":50,"rush_td":0,"rec_tgt":8,"rec":8,"rec_yd":58,"rec_td":1,"target_share":19,"team_pass_rate":67.7,"team_tgt":42,"team_pass_att":44},"pos_rank":4,"opp_rank_vs_pos":17,"game_status":"active","score":{"tm":10,"opp":24,"r":"L"}},{"week":13,"opp":"LAC","stats":{"pts_ppr":12.1,"pts_half_ppr":9.1,"off_snp":46,"tm_off_snp":48,"rush_att":15,"rush_yd":31,"rush_td":0,"rec_tgt":8,"rec":6,"rec_yd":30,"rec_td":0,"target_share":36.4,"team_pass_rate":56.1,"team_tgt":22,"team_pass_att":23},"pos_rank":24,"opp_rank_vs_pos":2,"game_status":"active","score":{"tm":14,"opp":31,"r":"L"}},{"week":14,"opp":"DEN","stats":{"pts_ppr":5.8,"pts_half_ppr":4.8,"off_snp":35,"tm_off_snp":50,"rush_att":10,"rush_yd":30,"rush_td":0,"rec_tgt":4,"rec":2,"rec_yd":8,"rec_td":0,"target_share":14.3,"team_pass_rate":72.7,"team_tgt":28,"team_pass_att":32},"pos_rank":42,"opp_rank_vs_pos":1,"game_status":"active","score":{"tm":17,"opp":24,"r":"L"}},{"week":15,"opp":"PHI","stats":{"pts_ppr":8.2,"pts_half_ppr":6.2,"off_snp":30,"tm_off_snp":42,"rush_att":9,"rush_yd":35,"rush_td":0,"rec_tgt":6,"rec":4,"rec_yd":7,"rec_td":0,"target_share":24,"team_pass_rate":65.8,"team_tgt":25,"team_pass_att":25},"pos_rank":35,"opp_rank_vs_pos":24,"game_status":"active","score":{"tm":0,"opp":31,"r":"L"}},{"week":16,"opp":"HOU","stats":{"pts_ppr":31.8,"pts_half_ppr":31.3,"off_snp":50,"tm_off_snp":54,"rush_att":24,"rush_yd":128,"rush_td":1,"rec_tgt":2,"rec":1,"rec_yd":60,"rec_td":1,"target_share":9.1,"team_pass_rate":46,"team_tgt":22,"team_pass_att":23},"pos_rank":3,"opp_rank_vs_pos":9,"game_status":"active","score":{"tm":21,"opp":23,"r":"L"}},{"week":17,"opp":"NYG","stats":{"pts_ppr":9.3,"pts_half_ppr":8.3,"off_snp":48,"tm_off_snp":59,"rush_att":16,"rush_yd":60,"rush_td":0,"rec_tgt":2,"rec":2,"rec_yd":13,"rec_td":0,"target_share":7.1,"team_pass_rate":60,"team_tgt":28,"team_pass_att":30},"pos_rank":24,"opp_rank_vs_pos":32,"game_status":"active","score":{"tm":10,"opp":34,"r":"L"}},{"week":18,"opp":"KC","stats":{"pts_ppr":12.4,"pts_half_ppr":10.9,"off_snp":0,"tm_off_snp":0,"rush_att":26,"rush_yd":87,"rush_td":0,"rec_tgt":5,"rec":3,"rec_yd":7,"rec_td":0,"target_share":19.2,"team_pass_rate":45.6,"team_tgt":26,"team_pass_att":26},"pos_rank":17,"opp_rank_vs_pos":5,"game_status":"active","score":{"tm":14,"opp":12,"r":"W"}}],"news":[],"availableSeasons":[2025,2024,2023],"multiSeasonStats":[{"season":2025,"ppg":14.417647058823533,"gamesPlayed":17,"pos1Pct":29.411764705882355,"pos2Pct":35.294117647058826,"pos3Pct":11.76470588235294,"bustPct":23.52941176470588}],"careerProfile":null,"dynasty":{"rank":11,"positionalRank":4,"value":7746,"overallTier":2,"positionalTier":2,"trend30":4,"trend7":3,"posTrend30":0,"posTrend7":0,"age":22.2,"position":"RB","team":"LVR","adp":2,"startupAdp":12,"tradeCount":54,"ageCurveTier":"Rising","ktcSlug":"ashton-jeanty-1742","draftRound":1,"draftPick":6,"draftYear":2025,"sf":{"rank":18,"positionalRank":3,"value":7206,"overallTier":2,"positionalTier":2,"trend30":2,"trend7":1,"posTrend30":1,"posTrend7":1,"adp":1,"startupAdp":20,"tradeCount":204}},"productionRiskBenchmarks":{"position":"RB","season":2025,"qualifiedThreshold":20,"posAvg":{"yardsPerCatch":7.66027689030884,"catchPct":77.89299046038988,"tdPerTarget":3.7328909166321025,"fpPerUsage":null},"posStdDev":{"tdPerTarget":2.831404276675168},"percentile":{"yardsPerCatch":20,"catchPct":46,"tdPerTarget":92,"fpPerUsage":null},"playerQualified":true},"bio":{"snapshot_bullets":["Drafted 2025: Round 1, Pick 6 (LV)","Entered the league in 2025 and developed into a high-end fantasy starter.","Broke out in 2025, establishing starter-level fantasy production.","Enters 2026 as the Las Vegas Raiders RB with a clear role in the offense."],"style":{"how_he_wins":"Produces through a blend of rushing volume and receiving usage, keeping weekly output stable across game scripts.","how_he_wins_tags":["Pass-game role","Workhorse","Target earner"],"fantasy_translation":"Floor comes from consistent target volume; ceiling spikes when rushing TDs and receiving work converge.","fantasy_translation_tags":["Volume-driven","PPR boost","High weekly ceiling"]},"timeline":[{"label":"2025","badge":"Drafted","text":"Selected Round 1, Pick 6 by Las Vegas Raiders out of Boise State."},{"label":"2025","badge":"Breakout","text":"Production climbed into RB-starter territory (14.4 PPG across 17 games)."}],"career_context_tiles":[{"title":"Floor driver","text":"Receiving work"},{"title":"Ceiling driver","text":"Goal-line equity + big plays"},{"title":"Stability","text":"Moderate role in offense"},{"title":"Risk note","text":"Scheme/usage swings"}],"narrative_paragraphs":["Ashton Jeanty entered the NFL as a 1st-round pick (6 overall) in 2025 out of Boise State. By 2026, he was seeing meaningful snaps, setting the foundation for his fantasy profile.","For fantasy managers, his floor is driven by receiving work, while his ceiling spikes when goal-line equity + big plays hit in the same week."],"last_updated":"2026-02-28","sources":[{"label":"Sleeper","url":"https://sleeper.com"},{"label":"NFL","url":"https://www.nfl.com/players/"},{"label":"Pro-Football-Reference","url":"https://www.pro-football-reference.com"}]}}