{"neighbors":[{"id":"12507","name":"Omarion Hampton","slug":"omarion-hampton","team":"LAC","position":"RB","posRank":13,"ppg":15.1},{"id":"7543","name":"Travis Etienne","slug":"travis-etienne","team":"JAX","position":"RB","posRank":14,"ppg":14.9},{"id":"4866","name":"Saquon Barkley","slug":"saquon-barkley","team":"PHI","position":"RB","posRank":15,"ppg":14.5},{"id":"6790","name":"D'Andre Swift","slug":"dandre-swift","team":"CHI","position":"RB","posRank":17,"ppg":14.3},{"id":"11584","name":"Bucky Irving","slug":"bucky-irving","team":"TB","position":"RB","posRank":18,"ppg":13.8},{"id":"8228","name":"Jaylen Warren","slug":"jaylen-warren","team":"PIT","position":"RB","posRank":19,"ppg":13.6}],"currentRank":16,"season":2025,"format":"ppr","position":"RB"}