{"id":"6386","name":"Alex Bachman","slug":"alex-bachman","position":"WR","team":"LV","status":"Active","injury_status":null,"age":29,"height":"72","weight":"190","number":81,"depth_chart_order":6,"years_exp":7,"headshotUrl":null,"season":2025,"seasonLabel":"2025 Season Final","seasonRank":198,"trends":{"weeklyFantasyPoints":[0,0,1.9,0,0,0,0,0,0,1.3,0,0]},"gameLog":[{"week":1,"opp":"NE","stats":{"pts_ppr":0,"pts_half_ppr":null,"off_snp":2,"tm_off_snp":63,"rec_tgt":1,"rec":0,"rec_yd":0,"rec_td":0,"rush_att":0,"rush_yd":0,"rush_td":0,"target_share":4.2,"team_pass_rate":58.6,"team_tgt":24,"team_pass_att":34},"pos_rank":128,"opp_rank_vs_pos":14,"game_status":"active","score":{"tm":20,"opp":13,"r":"W"}},{"week":2,"opp":"—","stats":{"pts_ppr":0},"game_status":"out"},{"week":3,"opp":"WAS","stats":{"pts_ppr":0,"pts_half_ppr":null,"off_snp":4,"tm_off_snp":66,"rec_tgt":0,"rec":0,"rec_yd":0,"rec_td":0,"rush_att":0,"rush_yd":0,"rush_td":0,"target_share":0,"team_pass_rate":50.9,"team_tgt":27,"team_pass_att":29},"pos_rank":125,"opp_rank_vs_pos":25,"game_status":"active","score":{"tm":24,"opp":41,"r":"L"}},{"week":4,"opp":"—","stats":{"pts_ppr":0},"game_status":"out"},{"week":5,"opp":"IND","stats":{"pts_ppr":1.9,"pts_half_ppr":1.4,"off_snp":8,"tm_off_snp":68,"rec_tgt":1,"rec":1,"rec_yd":9,"rec_td":0,"rush_att":0,"rush_yd":0,"rush_td":0,"target_share":2.9,"team_pass_rate":59,"team_tgt":34,"team_pass_att":36},"pos_rank":91,"opp_rank_vs_pos":27,"game_status":"active","score":{"tm":6,"opp":40,"r":"L"}},{"week":6,"opp":"TEN","stats":{"pts_ppr":0,"pts_half_ppr":null,"off_snp":3,"tm_off_snp":61,"rec_tgt":0,"rec":0,"rec_yd":0,"rec_td":0,"rush_att":0,"rush_yd":0,"rush_td":0,"target_share":0,"team_pass_rate":41.8,"team_tgt":21,"team_pass_att":23},"pos_rank":107,"opp_rank_vs_pos":21,"game_status":"active","score":{"tm":20,"opp":10,"r":"W"}},{"week":7,"opp":"KC","stats":{"pts_ppr":0,"pts_half_ppr":null,"off_snp":2,"tm_off_snp":35,"rec_tgt":0,"rec":0,"rec_yd":0,"rec_td":0,"rush_att":0,"rush_yd":0,"rush_td":0,"target_share":0,"team_pass_rate":62.1,"team_tgt":19,"team_pass_att":18},"pos_rank":111,"opp_rank_vs_pos":4,"game_status":"active","score":{"tm":0,"opp":31,"r":"L"}},{"week":8,"opp":"BYE","stats":{"pts_ppr":0},"game_status":"bye"},{"week":9,"opp":"JAX","stats":{"pts_ppr":0,"pts_half_ppr":null,"off_snp":0,"tm_off_snp":64,"rec_tgt":0,"rec":0,"rec_yd":0,"rec_td":0,"rush_att":0,"rush_yd":0,"rush_td":0,"target_share":0,"team_pass_rate":67.2,"team_tgt":32,"team_pass_att":39},"pos_rank":null,"opp_rank_vs_pos":17,"game_status":"active","score":{"tm":29,"opp":30,"r":"L"}},{"week":10,"opp":"DEN","stats":{"pts_ppr":0,"pts_half_ppr":null,"off_snp":2,"tm_off_snp":60,"rec_tgt":0,"rec":0,"rec_yd":0,"rec_td":0,"rush_att":0,"rush_yd":0,"rush_td":0,"target_share":0,"team_pass_rate":51.9,"team_tgt":25,"team_pass_att":27},"pos_rank":105,"opp_rank_vs_pos":9,"game_status":"active","score":{"tm":7,"opp":10,"r":"L"}},{"week":11,"opp":"—","stats":{"pts_ppr":0},"game_status":"out"},{"week":12,"opp":"CLE","stats":{"pts_ppr":0,"pts_half_ppr":null,"off_snp":2,"tm_off_snp":79,"rec_tgt":0,"rec":0,"rec_yd":0,"rec_td":0,"rush_att":0,"rush_yd":0,"rush_td":0,"target_share":0,"team_pass_rate":67.7,"team_tgt":42,"team_pass_att":44},"pos_rank":103,"opp_rank_vs_pos":10,"game_status":"active","score":{"tm":10,"opp":24,"r":"L"}},{"week":13,"opp":"LAC","stats":{"pts_ppr":0,"pts_half_ppr":null,"off_snp":0,"tm_off_snp":48,"rec_tgt":0,"rec":0,"rec_yd":0,"rec_td":0,"rush_att":0,"rush_yd":0,"rush_td":0,"target_share":0,"team_pass_rate":56.1,"team_tgt":22,"team_pass_att":23},"pos_rank":null,"opp_rank_vs_pos":12,"game_status":"active","score":{"tm":14,"opp":31,"r":"L"}},{"week":14,"opp":"—","stats":{"pts_ppr":0},"game_status":"out"},{"week":15,"opp":"—","stats":{"pts_ppr":0},"game_status":"out"},{"week":16,"opp":"HOU","stats":{"pts_ppr":1.3,"pts_half_ppr":0.8,"off_snp":9,"tm_off_snp":54,"rec_tgt":1,"rec":1,"rec_yd":3,"rec_td":0,"rush_att":0,"rush_yd":0,"rush_td":0,"target_share":4.5,"team_pass_rate":46,"team_tgt":22,"team_pass_att":23},"pos_rank":113,"opp_rank_vs_pos":1,"game_status":"active","score":{"tm":21,"opp":23,"r":"L"}},{"week":17,"opp":"NYG","stats":{"pts_ppr":0,"pts_half_ppr":null,"off_snp":12,"tm_off_snp":59,"rec_tgt":0,"rec":0,"rec_yd":0,"rec_td":0,"rush_att":0,"rush_yd":0,"rush_td":0,"target_share":0,"team_pass_rate":60,"team_tgt":28,"team_pass_att":30},"pos_rank":123,"opp_rank_vs_pos":20,"game_status":"active","score":{"tm":10,"opp":34,"r":"L"}},{"week":18,"opp":"KC","stats":{"pts_ppr":0,"pts_half_ppr":null,"off_snp":0,"tm_off_snp":0,"rec_tgt":0,"rec":0,"rec_yd":0,"rec_td":0,"rush_att":0,"rush_yd":0,"rush_td":0,"target_share":0,"team_pass_rate":45.6,"team_tgt":26,"team_pass_att":26},"pos_rank":null,"opp_rank_vs_pos":4,"game_status":"active","score":{"tm":14,"opp":12,"r":"W"}}],"news":[],"availableSeasons":[2025,2024,2023],"multiSeasonStats":[{"season":2025,"ppg":0.35555555555555557,"gamesPlayed":9,"pos1Pct":0,"pos2Pct":0,"pos3Pct":0,"bustPct":100},{"season":2024,"ppg":1.22,"gamesPlayed":5,"pos1Pct":0,"pos2Pct":0,"pos3Pct":0,"bustPct":100}],"careerProfile":{"ppg":0.6642857142857144,"gamesPlayed":14,"maxGames":34,"durabilityPct":41.17647058823529,"pos1Pct":0,"pos2Pct":0,"pos3Pct":0,"bustPct":100,"volatility":1.671759617821958,"volatilityLabel":"Low","seasons":2,"seasonPpgs":[{"season":2025,"ppg":0.35555555555555557},{"season":2024,"ppg":1.22}],"smallSample":false},"dynasty":null,"productionRiskBenchmarks":{"position":"WR","season":2025,"qualifiedThreshold":30,"posAvg":{"yardsPerCatch":12.673226111636708,"catchPct":62.692763938315544,"tdPerTarget":4.875444839857651,"fpPerUsage":null},"posStdDev":{"tdPerTarget":2.782068497049174},"percentile":null,"playerQualified":false}}