{"neighbors":[{"id":"5154","name":"Trent Sherfield","slug":"trent-sherfield","team":"NE","position":"WR","posRank":195,"ppg":0.4},{"id":"10867","name":"Jake Bobo","slug":"jake-bobo","team":"SEA","position":"WR","posRank":196,"ppg":0.4},{"id":"12971","name":"Ke'Shawn Williams","slug":"keshawn-williams","team":"CIN","position":"WR","posRank":197,"ppg":0.4},{"id":"12505","name":"Jalen Royals","slug":"jalen-royals","team":"KC","position":"WR","posRank":199,"ppg":0.3},{"id":"10234","name":"Derius Davis","slug":"derius-davis","team":"LAC","position":"WR","posRank":200,"ppg":0.2},{"id":"3155","name":"Laquon Treadwell","slug":"laquon-treadwell","team":"IND","position":"WR","posRank":201,"ppg":0}],"currentRank":198,"season":2025,"format":"ppr","position":"WR"}