{"neighbors":[{"id":"11792","name":"Will Reichard","slug":"will-reichard","team":"MIN","position":"K","posRank":13,"ppg":8.1},{"id":"11539","name":"Jake Bates","slug":"jake-bates","team":"DET","position":"K","posRank":14,"ppg":7.9},{"id":"12711","name":"Tyler Loop","slug":"tyler-loop","team":"BAL","position":"K","posRank":15,"ppg":7.9},{"id":"4227","name":"Harrison Butker","slug":"harrison-butker","team":"KC","position":"K","posRank":17,"ppg":7.6},{"id":"6650","name":"Chase McLaughlin","slug":"chase-mclaughlin","team":"TB","position":"K","posRank":18,"ppg":7.5},{"id":"1433","name":"Brandon McManus","slug":"brandon-mcmanus","team":"GB","position":"K","posRank":19,"ppg":7.4}],"currentRank":16,"season":2025,"format":"standard","position":"K"}