{"neighbors":[{"id":"6650","name":"Chase McLaughlin","slug":"chase-mclaughlin","team":"TB","position":"K","posRank":14,"ppg":8.8},{"id":"1945","name":"Chris Boswell","slug":"chris-boswell","team":"PIT","position":"K","posRank":15,"ppg":8.5},{"id":"11539","name":"Jake Bates","slug":"jake-bates","team":"DET","position":"K","posRank":16,"ppg":8.4},{"id":"4227","name":"Harrison Butker","slug":"harrison-butker","team":"KC","position":"K","posRank":18,"ppg":8.2},{"id":"7839","name":"Evan McPherson","slug":"evan-mcpherson","team":"CIN","position":"K","posRank":19,"ppg":8.1},{"id":"12711","name":"Tyler Loop","slug":"tyler-loop","team":"BAL","position":"K","posRank":20,"ppg":8.1}],"currentRank":17,"season":2025,"format":"ppr","position":"K"}