{"id":"12889","name":"Beaux Collins","slug":"beaux-collins","position":"WR","team":"NYG","status":"Active","injury_status":null,"age":23,"height":"75","weight":"206","number":81,"depth_chart_order":7,"years_exp":1,"headshotUrl":null,"season":2025,"seasonLabel":"2025 Season (Through Week 9)","seasonRank":192,"trends":{"weeklyFantasyPoints":[0,0,0,0,1.7,0,0,2.8,0]},"gameLog":[{"week":1,"opp":"WAS","stats":{"pts_ppr":0,"pts_half_ppr":null,"off_snp":2,"tm_off_snp":68,"rec_tgt":0,"rec":0,"rec_yd":0,"rec_td":0,"rush_att":0,"rush_yd":0,"rush_td":0,"target_share":0,"team_pass_rate":61.7,"team_tgt":37,"team_pass_att":37},"pos_rank":154,"opp_rank_vs_pos":25,"game_status":"active","score":{"tm":6,"opp":21,"r":"L"}},{"week":2,"opp":"DAL","stats":{"pts_ppr":0,"pts_half_ppr":null,"off_snp":0,"tm_off_snp":67,"rec_tgt":0,"rec":0,"rec_yd":0,"rec_td":0,"rush_att":0,"rush_yd":0,"rush_td":0,"target_share":0,"team_pass_rate":66.1,"team_tgt":41,"team_pass_att":41},"pos_rank":null,"opp_rank_vs_pos":32,"game_status":"active","score":{"tm":37,"opp":40,"r":"L"}},{"week":3,"opp":"KC","stats":{"pts_ppr":0,"pts_half_ppr":null,"off_snp":9,"tm_off_snp":66,"rec_tgt":0,"rec":0,"rec_yd":0,"rec_td":0,"rush_att":0,"rush_yd":0,"rush_td":0,"target_share":0,"team_pass_rate":54.2,"team_tgt":33,"team_pass_att":32},"pos_rank":156,"opp_rank_vs_pos":4,"game_status":"active","score":{"tm":9,"opp":22,"r":"L"}},{"week":4,"opp":"LAC","stats":{"pts_ppr":0,"pts_half_ppr":null,"off_snp":21,"tm_off_snp":76,"rec_tgt":0,"rec":0,"rec_yd":0,"rec_td":0,"rush_att":0,"rush_yd":0,"rush_td":0,"target_share":0,"team_pass_rate":33.3,"team_tgt":20,"team_pass_att":21},"pos_rank":153,"opp_rank_vs_pos":12,"game_status":"active","score":{"tm":21,"opp":18,"r":"W"}},{"week":5,"opp":"NO","stats":{"pts_ppr":1.7,"pts_half_ppr":1.2,"off_snp":28,"tm_off_snp":73,"rec_tgt":3,"rec":1,"rec_yd":7,"rec_td":0,"rush_att":0,"rush_yd":0,"rush_td":0,"target_share":7.3,"team_pass_rate":58,"team_tgt":41,"team_pass_att":40},"pos_rank":95,"opp_rank_vs_pos":11,"game_status":"active","score":{"tm":14,"opp":26,"r":"L"}},{"week":6,"opp":"PHI","stats":{"pts_ppr":0,"pts_half_ppr":null,"off_snp":4,"tm_off_snp":66,"rec_tgt":0,"rec":0,"rec_yd":0,"rec_td":0,"rush_att":0,"rush_yd":0,"rush_td":0,"target_share":0,"team_pass_rate":40,"team_tgt":19,"team_pass_att":26},"pos_rank":145,"opp_rank_vs_pos":7,"game_status":"active","score":{"tm":34,"opp":17,"r":"W"}},{"week":7,"opp":"DEN","stats":{"pts_ppr":0,"pts_half_ppr":null,"off_snp":6,"tm_off_snp":77,"rec_tgt":1,"rec":0,"rec_yd":0,"rec_td":0,"rush_att":0,"rush_yd":0,"rush_td":0,"target_share":2.9,"team_pass_rate":50.8,"team_tgt":35,"team_pass_att":33},"pos_rank":144,"opp_rank_vs_pos":9,"game_status":"active","score":{"tm":32,"opp":33,"r":"L"}},{"week":8,"opp":"PHI","stats":{"pts_ppr":2.8,"pts_half_ppr":2.3,"off_snp":12,"tm_off_snp":52,"rec_tgt":2,"rec":1,"rec_yd":18,"rec_td":0,"rush_att":0,"rush_yd":0,"rush_td":0,"target_share":8,"team_pass_rate":53.3,"team_tgt":25,"team_pass_att":24},"pos_rank":75,"opp_rank_vs_pos":7,"game_status":"active","score":{"tm":20,"opp":38,"r":"L"}},{"week":9,"opp":"SF","stats":{"pts_ppr":0,"pts_half_ppr":null,"off_snp":2,"tm_off_snp":57,"rec_tgt":0,"rec":0,"rec_yd":0,"rec_td":0,"rush_att":0,"rush_yd":0,"rush_td":0,"target_share":0,"team_pass_rate":61.1,"team_tgt":32,"team_pass_att":33},"pos_rank":134,"opp_rank_vs_pos":24,"game_status":"active","score":{"tm":24,"opp":34,"r":"L"}},{"week":10,"opp":"—","stats":{"pts_ppr":0},"game_status":"out"},{"week":11,"opp":"—","stats":{"pts_ppr":0},"game_status":"out"},{"week":12,"opp":"—","stats":{"pts_ppr":0},"game_status":"out"},{"week":13,"opp":"—","stats":{"pts_ppr":0},"game_status":"out"},{"week":14,"opp":"BYE","stats":{"pts_ppr":0},"game_status":"bye"},{"week":15,"opp":"—","stats":{"pts_ppr":0},"game_status":"out"},{"week":16,"opp":"—","stats":{"pts_ppr":0},"game_status":"out"},{"week":17,"opp":"—","stats":{"pts_ppr":0},"game_status":"out"},{"week":18,"opp":"—","stats":{"pts_ppr":0},"game_status":"out"}],"news":[],"availableSeasons":[2025,2024,2023],"multiSeasonStats":[{"season":2025,"ppg":0.5625,"gamesPlayed":8,"pos1Pct":0,"pos2Pct":0,"pos3Pct":0,"bustPct":100}],"careerProfile":null,"dynasty":null,"productionRiskBenchmarks":{"position":"WR","season":2025,"qualifiedThreshold":30,"posAvg":{"yardsPerCatch":12.673226111636708,"catchPct":62.692763938315544,"tdPerTarget":4.875444839857651,"fpPerUsage":null},"posStdDev":{"tdPerTarget":2.782068497049174},"percentile":null,"playerQualified":false},"bio":{"snapshot_bullets":["Entered the league in 2025 and developed into a depth option.","Career peak: 2025 (0.6 PPG).","Enters 2026 with role volatility that can swing weekly fantasy outcomes."],"style":{"how_he_wins":"Profiles as a complementary receiver whose fantasy output swings with weekly usage and efficiency.","how_he_wins_tags":["Complementary"],"fantasy_translation":"Depth piece whose value is situational and format-dependent.","fantasy_translation_tags":["Role-dependent"]},"timeline":[{"label":"2025","badge":"Early career","text":"Entered the league and began carving out a role."},{"label":"2025","badge":"Peak","text":"Career-high fantasy production with 0.6 PPG across 8 games."}],"career_context_tiles":[{"title":"Floor driver","text":"High-leverage targets"},{"title":"Ceiling driver","text":"Deep targets + TDs"},{"title":"Stability","text":"Stable role in offense"},{"title":"Risk note","text":"Availability"}],"narrative_paragraphs":["Beaux Collins entered the NFL and began establishing a role at WR for the New York Giants. By 2026, he was seeing meaningful snaps, setting the foundation for his fantasy profile.","For fantasy managers, his floor is driven by high-leverage targets, while his ceiling spikes when deep targets + tds hit in the same week.","The main variable going forward is availability, which can create week-to-week variance even when the overall role remains intact."],"last_updated":"2026-02-28","sources":[{"label":"Sleeper","url":"https://sleeper.com"},{"label":"NFL","url":"https://www.nfl.com/players/"},{"label":"Pro-Football-Reference","url":"https://www.pro-football-reference.com"}]}}