{"neighbors":[{"id":"12539","name":"Arian Smith","slug":"arian-smith","team":"NYJ","position":"WR","posRank":188,"ppg":0.4},{"id":"8013","name":"Tim Jones","slug":"tim-jones","team":"JAX","position":"WR","posRank":189,"ppg":0.4},{"id":"11320","name":"Nikko Remigio","slug":"nikko-remigio","team":"KC","position":"WR","posRank":190,"ppg":0.4},{"id":"5773","name":"KhaDarel Hodge","slug":"khadarel-hodge","team":"ATL","position":"WR","posRank":192,"ppg":0.3},{"id":"12971","name":"Ke'Shawn Williams","slug":"keshawn-williams","team":"CIN","position":"WR","posRank":193,"ppg":0.2},{"id":"7233","name":"Andre Baccellia","slug":"andre-baccellia","team":"ARI","position":"WR","posRank":194,"ppg":0.2}],"currentRank":191,"season":2025,"format":"standard","position":"WR"}