{"neighbors":[{"id":"7612","name":"Dee Eskridge","slug":"dee-eskridge","team":"MIA","position":"WR","posRank":189,"ppg":0.5},{"id":"5773","name":"KhaDarel Hodge","slug":"khadarel-hodge","team":"ATL","position":"WR","posRank":190,"ppg":0.5},{"id":"7233","name":"Andre Baccellia","slug":"andre-baccellia","team":"ARI","position":"WR","posRank":191,"ppg":0.5},{"id":"11320","name":"Nikko Remigio","slug":"nikko-remigio","team":"KC","position":"WR","posRank":193,"ppg":0.4},{"id":"5154","name":"Trent Sherfield","slug":"trent-sherfield","team":"NE","position":"WR","posRank":194,"ppg":0.3},{"id":"12971","name":"Ke'Shawn Williams","slug":"keshawn-williams","team":"CIN","position":"WR","posRank":195,"ppg":0.3}],"currentRank":192,"season":2025,"format":"half","position":"WR"}