{"id":"4035","name":"Alvin Kamara","slug":"alvin-kamara","position":"RB","team":"NO","status":"Active","injury_status":null,"age":30,"height":"70","weight":"215","number":41,"depth_chart_order":1,"years_exp":9,"headshotUrl":null,"season":2025,"seasonLabel":"2025 Season (Through Week 12)","seasonRank":43,"trends":{"weeklyFantasyPoints":[11.7,12,5.6,7.2,5.5,7.6,2.9,4.5,1.7,11.5,1.5]},"gameLog":[{"week":1,"opp":"ARI","stats":{"pts_ppr":13.7,"pts_half_ppr":12.7,"off_snp":59,"tm_off_snp":75,"rush_att":11,"rush_yd":45,"rush_td":1,"rec_tgt":2,"rec":2,"rec_yd":12,"rec_td":0,"target_share":7.1,"team_pass_rate":67.6,"team_tgt":28,"team_pass_att":46},"pos_rank":17,"opp_rank_vs_pos":30,"game_status":"active","score":{"tm":13,"opp":20,"r":"L"}},{"week":2,"opp":"SF","stats":{"pts_ppr":16,"pts_half_ppr":13,"off_snp":61,"tm_off_snp":71,"rush_att":21,"rush_yd":99,"rush_td":0,"rec_tgt":6,"rec":6,"rec_yd":21,"rec_td":0,"target_share":21.4,"team_pass_rate":53.1,"team_tgt":28,"team_pass_att":34},"pos_rank":23,"opp_rank_vs_pos":16,"game_status":"active","score":{"tm":21,"opp":26,"r":"L"}},{"week":3,"opp":"SEA","stats":{"pts_ppr":6.6,"pts_half_ppr":6.1,"off_snp":54,"tm_off_snp":73,"rush_att":18,"rush_yd":42,"rush_td":0,"rec_tgt":2,"rec":1,"rec_yd":14,"rec_td":0,"target_share":6.7,"team_pass_rate":60.3,"team_tgt":30,"team_pass_att":41},"pos_rank":32,"opp_rank_vs_pos":1,"game_status":"active","score":{"tm":13,"opp":44,"r":"L"}},{"week":4,"opp":"BUF","stats":{"pts_ppr":11.2,"pts_half_ppr":9.2,"off_snp":49,"tm_off_snp":67,"rush_att":15,"rush_yd":70,"rush_td":0,"rec_tgt":5,"rec":4,"rec_yd":2,"rec_td":0,"target_share":33.3,"team_pass_rate":45.8,"team_tgt":15,"team_pass_att":27},"pos_rank":36,"opp_rank_vs_pos":26,"game_status":"active","score":{"tm":19,"opp":31,"r":"L"}},{"week":5,"opp":"NYG","stats":{"pts_ppr":9.5,"pts_half_ppr":7.5,"off_snp":37,"tm_off_snp":66,"rush_att":8,"rush_yd":27,"rush_td":0,"rec_tgt":6,"rec":4,"rec_yd":28,"rec_td":0,"target_share":24,"team_pass_rate":50.8,"team_tgt":25,"team_pass_att":31},"pos_rank":33,"opp_rank_vs_pos":31,"game_status":"active","score":{"tm":26,"opp":14,"r":"W"}},{"week":6,"opp":"NE","stats":{"pts_ppr":12.6,"pts_half_ppr":10.1,"off_snp":35,"tm_off_snp":56,"rush_att":10,"rush_yd":31,"rush_td":0,"rec_tgt":5,"rec":5,"rec_yd":45,"rec_td":0,"target_share":26.3,"team_pass_rate":53.1,"team_tgt":19,"team_pass_att":26},"pos_rank":19,"opp_rank_vs_pos":5,"game_status":"active","score":{"tm":19,"opp":25,"r":"L"}},{"week":7,"opp":"CHI","stats":{"pts_ppr":5.9,"pts_half_ppr":4.4,"off_snp":47,"tm_off_snp":56,"rush_att":11,"rush_yd":28,"rush_td":0,"rec_tgt":3,"rec":3,"rec_yd":1,"rec_td":0,"target_share":14.3,"team_pass_rate":65.3,"team_tgt":21,"team_pass_att":32},"pos_rank":46,"opp_rank_vs_pos":24,"game_status":"active","score":{"tm":14,"opp":26,"r":"L"}},{"week":8,"opp":"TB","stats":{"pts_ppr":6.5,"pts_half_ppr":5.5,"off_snp":37,"tm_off_snp":72,"rush_att":6,"rush_yd":21,"rush_td":0,"rec_tgt":2,"rec":2,"rec_yd":24,"rec_td":0,"target_share":5.9,"team_pass_rate":77.3,"team_tgt":34,"team_pass_att":51},"pos_rank":38,"opp_rank_vs_pos":18,"game_status":"active","score":{"tm":3,"opp":23,"r":"L"}},{"week":9,"opp":"LAR","stats":{"pts_ppr":0.7,"pts_half_ppr":0.2,"off_snp":24,"tm_off_snp":41,"rush_att":6,"rush_yd":14,"rush_td":0,"rec_tgt":3,"rec":1,"rec_yd":3,"rec_td":0,"target_share":25,"team_pass_rate":63.2,"team_tgt":12,"team_pass_att":24},"pos_rank":47,"opp_rank_vs_pos":10,"game_status":"active","score":{"tm":10,"opp":34,"r":"L"}},{"week":10,"opp":"CAR","stats":{"pts_ppr":14.5,"pts_half_ppr":13,"off_snp":43,"tm_off_snp":68,"rush_att":22,"rush_yd":83,"rush_td":0,"rec_tgt":3,"rec":3,"rec_yd":32,"rec_td":0,"target_share":11.5,"team_pass_rate":42.2,"team_tgt":26,"team_pass_att":27},"pos_rank":16,"opp_rank_vs_pos":19,"game_status":"active","score":{"tm":17,"opp":7,"r":"W"}},{"week":11,"opp":"BYE","stats":{"pts_ppr":0},"game_status":"bye"},{"week":12,"opp":"ATL","stats":{"pts_ppr":3.5,"pts_half_ppr":2.5,"off_snp":11,"tm_off_snp":80,"rush_att":3,"rush_yd":11,"rush_td":0,"rec_tgt":2,"rec":2,"rec_yd":4,"rec_td":0,"target_share":4.7,"team_pass_rate":60.6,"team_tgt":43,"team_pass_att":43},"pos_rank":51,"opp_rank_vs_pos":13,"game_status":"active","score":{"tm":10,"opp":24,"r":"L"}},{"week":13,"opp":"—","stats":{"pts_ppr":0},"game_status":"out"},{"week":14,"opp":"—","stats":{"pts_ppr":0},"game_status":"out"},{"week":15,"opp":"—","stats":{"pts_ppr":0},"game_status":"out"},{"week":16,"opp":"—","stats":{"pts_ppr":0},"game_status":"out"},{"week":17,"opp":"—","stats":{"pts_ppr":0},"game_status":"out"},{"week":18,"opp":"—","stats":{"pts_ppr":0},"game_status":"out"}],"news":[],"availableSeasons":[2025,2024,2023],"multiSeasonStats":[{"season":2025,"ppg":6.5181818181818185,"gamesPlayed":11,"pos1Pct":0,"pos2Pct":36.36363636363637,"pos3Pct":27.27272727272727,"bustPct":36.36363636363637},{"season":2024,"ppg":14.092857142857143,"gamesPlayed":14,"pos1Pct":35.714285714285715,"pos2Pct":42.857142857142854,"pos3Pct":14.285714285714285,"bustPct":7.142857142857142},{"season":2023,"ppg":11.692307692307692,"gamesPlayed":13,"pos1Pct":30.76923076923077,"pos2Pct":38.46153846153847,"pos3Pct":15.384615384615385,"bustPct":15.384615384615385}],"careerProfile":{"ppg":11.07894736842105,"gamesPlayed":38,"maxGames":51,"durabilityPct":74.50980392156863,"pos1Pct":23.684210526315788,"pos2Pct":39.473684210526315,"pos3Pct":18.421052631578945,"bustPct":18.421052631578945,"volatility":7.535327891312195,"volatilityLabel":"Moderate","seasons":3,"seasonPpgs":[{"season":2025,"ppg":6.5181818181818185},{"season":2024,"ppg":14.092857142857143},{"season":2023,"ppg":11.692307692307692}],"smallSample":false},"dynasty":{"rank":228,"positionalRank":65,"value":2826,"overallTier":15,"positionalTier":16,"trend30":-23,"trend7":-23,"posTrend30":-7,"posTrend7":-7,"age":30.6,"position":"RB","team":"NOS","adp":72,"startupAdp":57,"tradeCount":49,"ageCurveTier":"Declining","ktcSlug":"alvin-kamara-282","draftRound":3,"draftPick":3,"draftYear":2017,"sf":{"rank":230,"positionalRank":60,"value":2343,"overallTier":15,"positionalTier":15,"trend30":-12,"trend7":-17,"posTrend30":-2,"posTrend7":-4,"adp":78,"startupAdp":90,"tradeCount":122}},"productionRiskBenchmarks":{"position":"RB","season":2025,"qualifiedThreshold":20,"posAvg":{"yardsPerCatch":7.66027689030884,"catchPct":77.89299046038988,"tdPerTarget":3.7328909166321025,"fpPerUsage":null},"posStdDev":{"tdPerTarget":2.831404276675168},"percentile":{"yardsPerCatch":12,"catchPct":86,"tdPerTarget":16,"fpPerUsage":null},"playerQualified":true}}