[{"week":1,"opp":"HOU","stats":{"pts_ppr":1.2,"pts_half_ppr":0.7,"off_snp":29,"tm_off_snp":45,"rec_tgt":5,"rec":1,"rec_yd":2,"rec_td":0,"rush_att":0,"rush_yd":0,"rush_td":0,"target_share":13.2,"team_pass_rate":47.7,"team_tgt":38,"team_pass_att":31},"pos_rank":112,"opp_rank_vs_pos":19,"game_status":"active","score":{"tm":19,"opp":32,"r":"L"}},{"week":2,"opp":"GB","stats":{"pts_ppr":4,"pts_half_ppr":3.5,"off_snp":33,"tm_off_snp":56,"rec_tgt":4,"rec":1,"rec_yd":30,"rec_td":0,"rush_att":0,"rush_yd":0,"rush_td":0,"target_share":11.4,"team_pass_rate":38.5,"team_tgt":35,"team_pass_att":20},"pos_rank":58,"opp_rank_vs_pos":8,"game_status":"active","score":{"tm":24,"opp":17,"r":"W"}},{"week":3,"opp":"CHI","stats":{"pts_ppr":0,"pts_half_ppr":null,"off_snp":7,"tm_off_snp":56,"rec_tgt":1,"rec":0,"rec_yd":0,"rec_td":0,"rush_att":0,"rush_yd":0,"rush_td":0,"target_share":3.8,"team_pass_rate":44.4,"team_tgt":26,"team_pass_att":32},"pos_rank":153,"opp_rank_vs_pos":3,"game_status":"active","score":{"tm":24,"opp":3,"r":"W"}},{"week":4,"opp":"PIT","stats":{"pts_ppr":1,"pts_half_ppr":1,"off_snp":13,"tm_off_snp":66,"rec_tgt":3,"rec":0,"rec_yd":0,"rec_td":0,"rush_att":1,"rush_yd":10,"rush_td":0,"target_share":13,"team_pass_rate":54,"team_tgt":23,"team_pass_att":34},"pos_rank":96,"opp_rank_vs_pos":21,"game_status":"active","score":{"tm":9,"opp":10,"r":"L"}},{"week":5,"opp":"JAX","stats":{"pts_ppr":9.16,"pts_half_ppr":7.16,"off_snp":19,"tm_off_snp":70,"rec_tgt":7,"rec":4,"rec_yd":38,"rec_td":0,"rush_att":1,"rush_yd":4,"rush_td":0,"target_share":18.4,"team_pass_rate":56.3,"team_tgt":38,"team_pass_att":27},"pos_rank":51,"opp_rank_vs_pos":24,"game_status":"active","score":{"tm":17,"opp":23,"r":"L"}},{"week":6,"opp":"TEN","stats":{"pts_ppr":2.9,"pts_half_ppr":1.9,"off_snp":15,"tm_off_snp":70,"rec_tgt":4,"rec":2,"rec_yd":9,"rec_td":0,"rush_att":0,"rush_yd":0,"rush_td":0,"target_share":14.8,"team_pass_rate":44.1,"team_tgt":27,"team_pass_att":26},"pos_rank":93,"opp_rank_vs_pos":1,"game_status":"active","score":{"tm":20,"opp":23,"r":"L"}},{"week":7,"opp":"MIA","stats":{"pts_ppr":5,"pts_half_ppr":4,"off_snp":14,"tm_off_snp":62,"rec_tgt":3,"rec":2,"rec_yd":30,"rec_td":0,"rush_att":0,"rush_yd":0,"rush_td":0,"target_share":9.4,"team_pass_rate":0,"team_tgt":32,"team_pass_att":0},"pos_rank":54,"opp_rank_vs_pos":2,"game_status":"active","score":{"tm":15,"opp":37,"r":"L"}},{"week":8,"opp":"HOU","stats":{"pts_ppr":1.9,"pts_half_ppr":1.4,"off_snp":13,"tm_off_snp":64,"rec_tgt":4,"rec":1,"rec_yd":9,"rec_td":0,"rush_att":0,"rush_yd":0,"rush_td":0,"target_share":15.4,"team_pass_rate":9.7,"team_tgt":26,"team_pass_att":3},"pos_rank":99,"opp_rank_vs_pos":19,"game_status":"active","score":{"tm":22,"opp":25,"r":"L"}},{"week":9,"opp":"MIN","stats":{"pts_ppr":3.2,"pts_half_ppr":2.7,"off_snp":5,"tm_off_snp":54,"rec_tgt":1,"rec":1,"rec_yd":22,"rec_td":0,"rush_att":0,"rush_yd":0,"rush_td":0,"target_share":4.2,"team_pass_rate":0,"team_tgt":24,"team_pass_att":0},"pos_rank":71,"opp_rank_vs_pos":32,"game_status":"active","score":{"tm":21,"opp":13,"r":"W"}},{"week":10,"opp":"BUF","stats":{"pts_ppr":13.1,"pts_half_ppr":10.1,"off_snp":60,"tm_off_snp":64,"rec_tgt":6,"rec":6,"rec_yd":71,"rec_td":0,"rush_att":0,"rush_yd":0,"rush_td":0,"target_share":20,"team_pass_rate":0,"team_tgt":30,"team_pass_att":0},"pos_rank":28,"opp_rank_vs_pos":14,"game_status":"active","score":{"tm":6,"opp":31,"r":"L"}},{"week":11,"opp":"NYJ","stats":{"pts_ppr":4.5,"pts_half_ppr":4,"off_snp":12,"tm_off_snp":70,"rec_tgt":2,"rec":1,"rec_yd":33,"rec_td":0,"rush_att":1,"rush_yd":2,"rush_td":0,"target_share":9.1,"team_pass_rate":13.8,"team_tgt":22,"team_pass_att":4},"pos_rank":55,"opp_rank_vs_pos":4,"game_status":"active","score":{"tm":27,"opp":28,"r":"L"}},{"week":12,"opp":"DET","stats":{"pts_ppr":2,"pts_half_ppr":1.5,"off_snp":12,"tm_off_snp":55,"rec_tgt":3,"rec":1,"rec_yd":10,"rec_td":0,"rush_att":0,"rush_yd":0,"rush_td":0,"target_share":42.9,"team_pass_rate":25,"team_tgt":7,"team_pass_att":1},"pos_rank":79,"opp_rank_vs_pos":25,"game_status":"active","score":null},{"week":13,"opp":"NE","stats":{"pts_ppr":0,"pts_half_ppr":null,"off_snp":36,"tm_off_snp":62,"rec_tgt":2,"rec":0,"rec_yd":0,"rec_td":0,"rush_att":0,"rush_yd":0,"rush_td":0,"target_share":8,"team_pass_rate":0,"team_tgt":25,"team_pass_att":0},"pos_rank":150,"opp_rank_vs_pos":13,"game_status":"active","score":{"tm":21,"opp":26,"r":"L"}},{"week":14,"opp":"—","stats":{"pts_ppr":0},"game_status":"out"},{"week":15,"opp":"DEN","stats":{"pts_ppr":-3,"pts_half_ppr":-3,"off_snp":37,"tm_off_snp":76,"rec_tgt":4,"rec":0,"rec_yd":0,"rec_td":0,"rush_att":1,"rush_yd":-10,"rush_td":0,"target_share":14.8,"team_pass_rate":0,"team_tgt":27,"team_pass_att":0},"pos_rank":157,"opp_rank_vs_pos":6,"game_status":"active","score":{"tm":32,"opp":25,"r":"W"}},{"week":16,"opp":"TEN","stats":{"pts_ppr":4.6,"pts_half_ppr":4.1,"off_snp":55,"tm_off_snp":62,"rec_tgt":1,"rec":1,"rec_yd":36,"rec_td":0,"rush_att":0,"rush_yd":0,"rush_td":0,"target_share":4.5,"team_pass_rate":0,"team_tgt":22,"team_pass_att":0},"pos_rank":65,"opp_rank_vs_pos":1,"game_status":"active","score":{"tm":9,"opp":19,"r":"L"}},{"week":17,"opp":"NYG","stats":{"pts_ppr":4.2,"pts_half_ppr":3.2,"off_snp":7,"tm_off_snp":77,"rec_tgt":4,"rec":2,"rec_yd":22,"rec_td":0,"rush_att":0,"rush_yd":0,"rush_td":0,"target_share":16.7,"team_pass_rate":35.9,"team_tgt":24,"team_pass_att":14},"pos_rank":82,"opp_rank_vs_pos":16,"game_status":"active","score":{"tm":14,"opp":40,"r":"L"}},{"week":18,"opp":"JAX","stats":{"pts_ppr":0,"pts_half_ppr":null,"off_snp":16,"tm_off_snp":78,"rec_tgt":1,"rec":0,"rec_yd":0,"rec_td":0,"rush_att":0,"rush_yd":0,"rush_td":0,"target_share":2.6,"team_pass_rate":41.9,"team_tgt":38,"team_pass_att":31},"pos_rank":140,"opp_rank_vs_pos":24,"game_status":"active","score":{"tm":32,"opp":20,"r":"W"}}]