{"neighbors":[{"id":"5955","name":"Hunter Renfrow","slug":"hunter-renfrow","team":"FA","position":"WR","posRank":85,"ppg":4.7},{"id":"9501","name":"DeMario Douglas","slug":"demario-douglas","team":"NE","position":"WR","posRank":86,"ppg":4.7},{"id":"4454","name":"Kendrick Bourne","slug":"kendrick-bourne","team":"SF","position":"WR","posRank":87,"ppg":4.6},{"id":"7090","name":"Darnell Mooney","slug":"darnell-mooney","team":"ATL","position":"WR","posRank":89,"ppg":4.4},{"id":"6271","name":"Olamide Zaccheaus","slug":"olamide-zaccheaus","team":"CHI","position":"WR","posRank":90,"ppg":4.4},{"id":"9486","name":"Dontayvion Wicks","slug":"dontayvion-wicks","team":"GB","position":"WR","posRank":91,"ppg":4.3}],"currentRank":88,"season":2025,"format":"half","position":"WR"}