[{"week":1,"opp":"NO","stats":{"pts_ppr":0,"pts_half_ppr":null,"off_snp":5,"tm_off_snp":59,"pass_att":1,"pass_cmp":0,"pass_yd":0,"pass_td":0,"pass_int":0,"rush_att":0,"rush_yd":0,"rush_td":0,"target_share":0,"team_pass_rate":63.3,"team_tgt":12,"team_pass_att":31},"pos_rank":34,"opp_rank_vs_pos":6,"game_status":"active","score":{"tm":10,"opp":47,"r":"L"}},{"week":2,"opp":"—","stats":{"pts_ppr":0},"game_status":"out"},{"week":3,"opp":"LV","stats":{"pts_ppr":24.56,"pts_half_ppr":24.56,"off_snp":74,"tm_off_snp":74,"pass_att":37,"pass_cmp":26,"pass_yd":319,"pass_td":3,"pass_int":0,"rush_att":2,"rush_yd":-2,"rush_td":0,"target_share":0,"team_pass_rate":54.4,"team_tgt":17,"team_pass_att":37},"pos_rank":8,"opp_rank_vs_pos":32,"game_status":"active","score":{"tm":36,"opp":22,"r":"W"}},{"week":4,"opp":"CIN","stats":{"pts_ppr":16.7,"pts_half_ppr":16.7,"off_snp":70,"tm_off_snp":70,"pass_att":40,"pass_cmp":25,"pass_yd":220,"pass_td":2,"pass_int":1,"rush_att":3,"rush_yd":9,"rush_td":0,"target_share":0,"team_pass_rate":54.1,"team_tgt":18,"team_pass_att":40},"pos_rank":13,"opp_rank_vs_pos":21,"game_status":"active","score":{"tm":24,"opp":34,"r":"L"}},{"week":5,"opp":"CHI","stats":{"pts_ppr":4.74,"pts_half_ppr":4.74,"off_snp":51,"tm_off_snp":60,"pass_att":28,"pass_cmp":18,"pass_yd":136,"pass_td":0,"pass_int":1,"rush_att":1,"rush_yd":3,"rush_td":0,"target_share":0,"team_pass_rate":50,"team_tgt":22,"team_pass_att":35},"pos_rank":28,"opp_rank_vs_pos":1,"game_status":"active","score":{"tm":10,"opp":36,"r":"L"}},{"week":6,"opp":"ATL","stats":{"pts_ppr":16.94,"pts_half_ppr":16.94,"off_snp":66,"tm_off_snp":66,"pass_att":38,"pass_cmp":26,"pass_yd":221,"pass_td":2,"pass_int":2,"rush_att":3,"rush_yd":21,"rush_td":0,"target_share":0,"team_pass_rate":59.4,"team_tgt":28,"team_pass_att":38},"pos_rank":17,"opp_rank_vs_pos":29,"game_status":"active","score":{"tm":20,"opp":38,"r":"L"}},{"week":7,"opp":"WAS","stats":{"pts_ppr":2.02,"pts_half_ppr":2.02,"off_snp":40,"tm_off_snp":43,"pass_att":16,"pass_cmp":11,"pass_yd":93,"pass_td":0,"pass_int":2,"rush_att":2,"rush_yd":3,"rush_td":0,"target_share":0,"team_pass_rate":47.4,"team_tgt":10,"team_pass_att":18},"pos_rank":36,"opp_rank_vs_pos":3,"game_status":"active","score":{"tm":7,"opp":40,"r":"L"}},{"week":8,"opp":"—","stats":{"pts_ppr":0},"game_status":"out"},{"week":9,"opp":"—","stats":{"pts_ppr":0},"game_status":"out"},{"week":10,"opp":"BYE","stats":{"pts_ppr":0},"game_status":"bye"},{"week":11,"opp":"—","stats":{"pts_ppr":0},"game_status":"out"},{"week":12,"opp":"—","stats":{"pts_ppr":0},"game_status":"out"},{"week":13,"opp":"—","stats":{"pts_ppr":0},"game_status":"out"},{"week":14,"opp":"—","stats":{"pts_ppr":0},"game_status":"out"},{"week":15,"opp":"—","stats":{"pts_ppr":0},"game_status":"out"},{"week":16,"opp":"—","stats":{"pts_ppr":0},"game_status":"out"},{"week":17,"opp":"—","stats":{"pts_ppr":0},"game_status":"out"},{"week":18,"opp":"—","stats":{"pts_ppr":0},"game_status":"out"}]