{"id":"829","name":"Andy Dalton","slug":"andy-dalton","position":"QB","team":"CAR","status":"Active","injury_status":null,"age":38,"height":"74","weight":"220","number":14,"depth_chart_order":2,"years_exp":15,"headshotUrl":null,"season":2025,"seasonLabel":"2025 Season (Through Week 8)","seasonRank":56,"trends":{"weeklyFantasyPoints":[-0.1,6.32,2.2,2.1]},"gameLog":[{"week":1,"opp":"—","stats":{"pts_ppr":0},"game_status":"out"},{"week":2,"opp":"—","stats":{"pts_ppr":0},"game_status":"out"},{"week":3,"opp":"ATL","stats":{"pts_ppr":-0.1,"pts_half_ppr":-0.1,"off_snp":1,"tm_off_snp":58,"pass_att":0,"pass_cmp":0,"pass_yd":0,"pass_td":0,"pass_int":0,"rush_att":1,"rush_yd":-1,"rush_td":0,"target_share":0,"team_pass_rate":44.4,"team_tgt":20,"team_pass_att":24},"pos_rank":41,"opp_rank_vs_pos":23,"game_status":"active","score":{"tm":30,"opp":0,"r":"W"}},{"week":4,"opp":"NE","stats":{"pts_ppr":6.32,"pts_half_ppr":6.32,"off_snp":13,"tm_off_snp":69,"pass_att":6,"pass_cmp":5,"pass_yd":58,"pass_td":1,"pass_int":0,"rush_att":0,"rush_yd":0,"rush_td":0,"target_share":0,"team_pass_rate":56.3,"team_tgt":30,"team_pass_att":36},"pos_rank":30,"opp_rank_vs_pos":9,"game_status":"active","score":{"tm":13,"opp":42,"r":"L"}},{"week":5,"opp":"—","stats":{"pts_ppr":0},"game_status":"out"},{"week":6,"opp":"—","stats":{"pts_ppr":0},"game_status":"out"},{"week":7,"opp":"NYJ","stats":{"pts_ppr":2.2,"pts_half_ppr":2.2,"off_snp":22,"tm_off_snp":71,"pass_att":7,"pass_cmp":4,"pass_yd":60,"pass_td":0,"pass_int":0,"rush_att":2,"rush_yd":-2,"rush_td":0,"target_share":0,"team_pass_rate":47.1,"team_tgt":31,"team_pass_att":32},"pos_rank":32,"opp_rank_vs_pos":26,"game_status":"active","score":{"tm":13,"opp":6,"r":"W"}},{"week":8,"opp":"BUF","stats":{"pts_ppr":2.1,"pts_half_ppr":2.1,"off_snp":61,"tm_off_snp":61,"pass_att":24,"pass_cmp":16,"pass_yd":175,"pass_td":0,"pass_int":1,"rush_att":2,"rush_yd":1,"rush_td":0,"target_share":0,"team_pass_rate":46.2,"team_tgt":23,"team_pass_att":24},"pos_rank":28,"opp_rank_vs_pos":5,"game_status":"active","score":{"tm":9,"opp":40,"r":"L"}},{"week":9,"opp":"—","stats":{"pts_ppr":0},"game_status":"out"},{"week":10,"opp":"—","stats":{"pts_ppr":0},"game_status":"out"},{"week":11,"opp":"—","stats":{"pts_ppr":0},"game_status":"out"},{"week":12,"opp":"—","stats":{"pts_ppr":0},"game_status":"out"},{"week":13,"opp":"—","stats":{"pts_ppr":0},"game_status":"out"},{"week":14,"opp":"BYE","stats":{"pts_ppr":0},"game_status":"bye"},{"week":15,"opp":"—","stats":{"pts_ppr":0},"game_status":"out"},{"week":16,"opp":"—","stats":{"pts_ppr":0},"game_status":"out"},{"week":17,"opp":"—","stats":{"pts_ppr":0},"game_status":"out"},{"week":18,"opp":"—","stats":{"pts_ppr":0},"game_status":"out"}],"news":[],"availableSeasons":[2025,2024,2023],"multiSeasonStats":[{"season":2025,"ppg":2.6300000000000003,"gamesPlayed":4,"pos1Pct":0,"pos2Pct":0,"pos3Pct":75,"bustPct":25},{"season":2024,"ppg":10.826666666666666,"gamesPlayed":6,"pos1Pct":33.33333333333333,"pos2Pct":16.666666666666664,"pos3Pct":50,"bustPct":0},{"season":2023,"ppg":7.88,"gamesPlayed":3,"pos1Pct":33.33333333333333,"pos2Pct":0,"pos3Pct":66.66666666666666,"bustPct":0}],"careerProfile":{"ppg":7.624615384615385,"gamesPlayed":13,"maxGames":51,"durabilityPct":25.49019607843137,"pos1Pct":23.076923076923077,"pos2Pct":7.6923076923076925,"pos3Pct":61.53846153846154,"bustPct":7.6923076923076925,"volatility":9.32374800834283,"volatilityLabel":"High","seasons":3,"seasonPpgs":[{"season":2025,"ppg":2.6300000000000003},{"season":2024,"ppg":10.826666666666666},{"season":2023,"ppg":7.88}],"smallSample":false},"dynasty":null,"productionRiskBenchmarks":{"position":"QB","season":2025,"qualifiedThreshold":20,"posAvg":{"yardsPerCatch":7.033895368980252,"catchPct":64.41274974015475,"tdPerTarget":4.648342764753436,"fpPerUsage":0.42695141138361864},"posStdDev":{"tdPerTarget":2.004365903887098,"fpPerUsage":0.11956056698809349},"percentile":{"yardsPerCatch":88,"catchPct":77,"tdPerTarget":18,"fpPerUsage":13},"playerQualified":true},"bio":{"snapshot_bullets":["Drafted 2011: Round 2, Pick 35 (CIN)","Entered the league in 2011 and developed into a depth option.","Career peak: 2024 (10.8 PPG).","Availability has been a factor recently, averaging 4.3 games over the last 3 seasons.","Enters 2026 with role volatility that can swing weekly fantasy outcomes."],"style":{"how_he_wins":"Wins with pocket passing and volume-driven production when the offense is operating efficiently.","how_he_wins_tags":["Pocket passer"],"fantasy_translation":"Value is tied closely to passing efficiency and TD production. Volume games create the ceiling.","fantasy_translation_tags":["TD-driven","Volume-dependent"]},"timeline":[{"label":"2011","badge":"Drafted","text":"Selected Round 2, Pick 35 by Cincinnati Bengals out of TCU."},{"label":"2024","badge":"Peak","text":"Career-high fantasy production with 10.8 PPG across 6 games."},{"label":"2023","badge":"Injury","text":"Limited to 3 games, impacting overall fantasy value."},{"label":"2025","badge":"Downtrend","text":"Recent production has dipped, posting 2.6 PPG in 2025."}],"career_context_tiles":[{"title":"Floor driver","text":"Passing volume/efficiency"},{"title":"Ceiling driver","text":"Multi-TD games + rushing TDs"},{"title":"Stability","text":"Stable role in offense"},{"title":"Risk note","text":"Availability"}],"narrative_paragraphs":["Andy Dalton entered the NFL as a 2nd-round pick (35 overall) in 2011 out of TCU."," His peak arrived in 2024, delivering his best combination of volume and fantasy output (10.8 PPG across 6 games).","For fantasy managers, his floor is driven by passing volume/efficiency, while his ceiling spikes when multi-td games + rushing tds hit in the same week.","The main variable going forward is availability, which can create week-to-week variance even when the overall role remains intact."],"last_updated":"2026-02-28","sources":[{"label":"Sleeper","url":"https://sleeper.com"},{"label":"NFL","url":"https://www.nfl.com/players/"},{"label":"Pro-Football-Reference","url":"https://www.pro-football-reference.com"}]}}