{"neighbors":[{"id":"7610","name":"Trey Lance","slug":"trey-lance","team":"LAC","position":"QB","posRank":52,"ppg":4.1},{"id":"4972","name":"Mason Rudolph","slug":"mason-rudolph","team":"PIT","position":"QB","posRank":53,"ppg":3.8},{"id":"9230","name":"Tanner McKee","slug":"tanner-mckee","team":"PHI","position":"QB","posRank":54,"ppg":3.7},{"id":"11557","name":"Joe Milton","slug":"joe-milton","team":"DAL","position":"QB","posRank":56,"ppg":3.6},{"id":"8160","name":"Kenny Pickett","slug":"kenny-pickett","team":"LV","position":"QB","posRank":57,"ppg":2},{"id":"4574","name":"Cooper Rush","slug":"cooper-rush","team":"BAL","position":"QB","posRank":58,"ppg":1.9}],"currentRank":55,"season":2025,"format":"standard","position":"QB"}