[{"week":1,"opp":"HOU","stats":{"pts_ppr":21.5,"pts_half_ppr":20,"off_snp":38,"tm_off_snp":45,"rec_tgt":3,"rec":3,"rec_yd":125,"rec_td":1,"rush_att":0,"rush_yd":0,"rush_td":0,"target_share":23.1,"team_pass_rate":68.5,"team_tgt":13,"team_pass_att":61},"pos_rank":6,"opp_rank_vs_pos":19,"game_status":"active","score":{"tm":27,"opp":29,"r":"L"}},{"week":2,"opp":"GB","stats":{"pts_ppr":16.6,"pts_half_ppr":14.1,"off_snp":53,"tm_off_snp":56,"rec_tgt":7,"rec":5,"rec_yd":56,"rec_td":1,"rush_att":0,"rush_yd":0,"rush_td":0,"target_share":26.9,"team_pass_rate":72.9,"team_tgt":26,"team_pass_att":62},"pos_rank":19,"opp_rank_vs_pos":8,"game_status":"active","score":{"tm":10,"opp":16,"r":"L"}},{"week":3,"opp":"CHI","stats":{"pts_ppr":5.4,"pts_half_ppr":4.9,"off_snp":43,"tm_off_snp":56,"rec_tgt":2,"rec":1,"rec_yd":44,"rec_td":0,"rush_att":0,"rush_yd":0,"rush_td":0,"target_share":11.1,"team_pass_rate":58.1,"team_tgt":18,"team_pass_att":54},"pos_rank":52,"opp_rank_vs_pos":3,"game_status":"active","score":{"tm":21,"opp":16,"r":"W"}},{"week":4,"opp":"PIT","stats":{"pts_ppr":1.9,"pts_half_ppr":1.4,"off_snp":55,"tm_off_snp":66,"rec_tgt":2,"rec":1,"rec_yd":9,"rec_td":0,"rush_att":0,"rush_yd":0,"rush_td":0,"target_share":8,"team_pass_rate":61.1,"team_tgt":25,"team_pass_att":44},"pos_rank":98,"opp_rank_vs_pos":21,"game_status":"active","score":{"tm":27,"opp":24,"r":"W"}},{"week":5,"opp":"JAX","stats":{"pts_ppr":22.4,"pts_half_ppr":20.9,"off_snp":52,"tm_off_snp":70,"rec_tgt":3,"rec":3,"rec_yd":134,"rec_td":1,"rush_att":0,"rush_yd":0,"rush_td":0,"target_share":8.6,"team_pass_rate":60.7,"team_tgt":35,"team_pass_att":34},"pos_rank":6,"opp_rank_vs_pos":24,"game_status":"active","score":{"tm":34,"opp":37,"r":"L"}},{"week":6,"opp":"TEN","stats":{"pts_ppr":0,"pts_half_ppr":null,"off_snp":62,"tm_off_snp":70,"rec_tgt":4,"rec":0,"rec_yd":0,"rec_td":0,"rush_att":0,"rush_yd":0,"rush_td":0,"target_share":11.1,"team_pass_rate":63.1,"team_tgt":36,"team_pass_att":41},"pos_rank":117,"opp_rank_vs_pos":1,"game_status":"active","score":{"tm":20,"opp":17,"r":"W"}},{"week":7,"opp":"MIA","stats":{"pts_ppr":3.5,"pts_half_ppr":2.5,"off_snp":49,"tm_off_snp":62,"rec_tgt":5,"rec":2,"rec_yd":15,"rec_td":0,"rush_att":0,"rush_yd":0,"rush_td":0,"target_share":31.3,"team_pass_rate":57,"team_tgt":16,"team_pass_att":45},"pos_rank":76,"opp_rank_vs_pos":2,"game_status":"active","score":{"tm":16,"opp":10,"r":"W"}},{"week":8,"opp":"HOU","stats":{"pts_ppr":2.1,"pts_half_ppr":1.6,"off_snp":50,"tm_off_snp":64,"rec_tgt":4,"rec":1,"rec_yd":11,"rec_td":0,"rush_att":0,"rush_yd":0,"rush_td":0,"target_share":15.4,"team_pass_rate":70,"team_tgt":26,"team_pass_att":70},"pos_rank":94,"opp_rank_vs_pos":19,"game_status":"active","score":{"tm":20,"opp":23,"r":"L"}},{"week":9,"opp":"MIN","stats":{"pts_ppr":7.1,"pts_half_ppr":5.6,"off_snp":48,"tm_off_snp":54,"rec_tgt":3,"rec":3,"rec_yd":41,"rec_td":0,"rush_att":0,"rush_yd":0,"rush_td":0,"target_share":11.5,"team_pass_rate":50,"team_tgt":26,"team_pass_att":26},"pos_rank":50,"opp_rank_vs_pos":32,"game_status":"active","score":{"tm":13,"opp":21,"r":"L"}},{"week":10,"opp":"BUF","stats":{"pts_ppr":18.1,"pts_half_ppr":16.1,"off_snp":55,"tm_off_snp":64,"rec_tgt":7,"rec":4,"rec_yd":81,"rec_td":1,"rush_att":0,"rush_yd":0,"rush_td":0,"target_share":26.9,"team_pass_rate":56.1,"team_tgt":26,"team_pass_att":37},"pos_rank":6,"opp_rank_vs_pos":14,"game_status":"active","score":{"tm":20,"opp":30,"r":"L"}},{"week":11,"opp":"NYJ","stats":{"pts_ppr":10.4,"pts_half_ppr":8.9,"off_snp":56,"tm_off_snp":70,"rec_tgt":4,"rec":3,"rec_yd":74,"rec_td":0,"rush_att":0,"rush_yd":0,"rush_td":0,"target_share":15.4,"team_pass_rate":46.2,"team_tgt":26,"team_pass_att":30},"pos_rank":33,"opp_rank_vs_pos":4,"game_status":"active","score":{"tm":28,"opp":27,"r":"W"}},{"week":12,"opp":"DET","stats":{"pts_ppr":4.9,"pts_half_ppr":4.4,"off_snp":40,"tm_off_snp":55,"rec_tgt":4,"rec":1,"rec_yd":39,"rec_td":0,"rush_att":0,"rush_yd":0,"rush_td":0,"target_share":15.4,"team_pass_rate":49.1,"team_tgt":26,"team_pass_att":28},"pos_rank":53,"opp_rank_vs_pos":25,"game_status":"active","score":{"tm":6,"opp":24,"r":"L"}},{"week":13,"opp":"NE","stats":{"pts_ppr":9.6,"pts_half_ppr":8.6,"off_snp":44,"tm_off_snp":62,"rec_tgt":6,"rec":2,"rec_yd":16,"rec_td":1,"rush_att":0,"rush_yd":0,"rush_td":0,"target_share":28.6,"team_pass_rate":35.3,"team_tgt":21,"team_pass_att":24},"pos_rank":35,"opp_rank_vs_pos":13,"game_status":"active","score":{"tm":25,"opp":24,"r":"W"}},{"week":14,"opp":"BYE","stats":{"pts_ppr":0},"game_status":"bye"},{"week":15,"opp":"DEN","stats":{"pts_ppr":0,"pts_half_ppr":null,"off_snp":35,"tm_off_snp":76,"rec_tgt":4,"rec":0,"rec_yd":0,"rec_td":0,"rush_att":0,"rush_yd":0,"rush_td":0,"target_share":12.5,"team_pass_rate":53.5,"team_tgt":32,"team_pass_att":38},"pos_rank":135,"opp_rank_vs_pos":6,"game_status":"active","score":{"tm":13,"opp":31,"r":"L"}},{"week":16,"opp":"—","stats":{"pts_ppr":0},"game_status":"out"},{"week":17,"opp":"NYG","stats":{"pts_ppr":24.2,"pts_half_ppr":21.2,"off_snp":73,"tm_off_snp":77,"rec_tgt":9,"rec":6,"rec_yd":122,"rec_td":1,"rush_att":0,"rush_yd":0,"rush_td":0,"target_share":28.1,"team_pass_rate":0,"team_tgt":32,"team_pass_att":0},"pos_rank":10,"opp_rank_vs_pos":16,"game_status":"active","score":{"tm":33,"opp":45,"r":"L"}},{"week":18,"opp":"JAX","stats":{"pts_ppr":13.7,"pts_half_ppr":12.7,"off_snp":64,"tm_off_snp":78,"rec_tgt":2,"rec":2,"rec_yd":57,"rec_td":1,"rush_att":0,"rush_yd":0,"rush_td":0,"target_share":6.5,"team_pass_rate":0,"team_tgt":31,"team_pass_att":0},"pos_rank":18,"opp_rank_vs_pos":24,"game_status":"active","score":{"tm":26,"opp":23,"r":"W"}}]