{"id":"8142","name":"Alec Pierce","slug":"alec-pierce","position":"WR","team":"IND","status":"Active","injury_status":null,"age":25,"height":"75","weight":"211","number":14,"depth_chart_order":3,"years_exp":4,"headshotUrl":null,"season":2025,"seasonLabel":"2025 Season Final","seasonRank":27,"trends":{"weeklyFantasyPoints":[4.6,10.8,10.7,6.8,14.8,8.9,17.5,18.4,3.6,17.8,13,2.6,24.6,0,29.2]},"gameLog":[{"week":1,"opp":"MIA","stats":{"pts_ppr":4.6,"pts_half_ppr":4.1,"off_snp":58,"tm_off_snp":73,"rec_tgt":3,"rec":1,"rec_yd":36,"rec_td":0,"rush_att":0,"rush_yd":0,"rush_td":0,"target_share":11.1,"team_pass_rate":42,"team_tgt":27,"team_pass_att":29},"pos_rank":76,"opp_rank_vs_pos":13,"game_status":"active","score":{"tm":33,"opp":8,"r":"W"}},{"week":2,"opp":"DEN","stats":{"pts_ppr":10.8,"pts_half_ppr":8.8,"off_snp":64,"tm_off_snp":71,"rec_tgt":5,"rec":4,"rec_yd":68,"rec_td":0,"rush_att":0,"rush_yd":0,"rush_td":0,"target_share":17.2,"team_pass_rate":51.5,"team_tgt":29,"team_pass_att":34},"pos_rank":41,"opp_rank_vs_pos":9,"game_status":"active","score":{"tm":29,"opp":28,"r":"W"}},{"week":3,"opp":"TEN","stats":{"pts_ppr":10.7,"pts_half_ppr":8.7,"off_snp":31,"tm_off_snp":57,"rec_tgt":5,"rec":4,"rec_yd":67,"rec_td":0,"rush_att":0,"rush_yd":0,"rush_td":0,"target_share":21.7,"team_pass_rate":47.2,"team_tgt":23,"team_pass_att":25},"pos_rank":34,"opp_rank_vs_pos":21,"game_status":"active","score":{"tm":41,"opp":20,"r":"W"}},{"week":4,"opp":"—","stats":{"pts_ppr":0},"game_status":"out"},{"week":5,"opp":"—","stats":{"pts_ppr":0},"game_status":"out"},{"week":6,"opp":"ARI","stats":{"pts_ppr":6.8,"pts_half_ppr":5.8,"off_snp":48,"tm_off_snp":59,"rec_tgt":4,"rec":2,"rec_yd":48,"rec_td":0,"rush_att":0,"rush_yd":0,"rush_td":0,"target_share":13.3,"team_pass_rate":52.6,"team_tgt":30,"team_pass_att":30},"pos_rank":46,"opp_rank_vs_pos":15,"game_status":"active","score":{"tm":31,"opp":27,"r":"W"}},{"week":7,"opp":"LAC","stats":{"pts_ppr":14.8,"pts_half_ppr":12.3,"off_snp":52,"tm_off_snp":60,"rec_tgt":10,"rec":5,"rec_yd":98,"rec_td":0,"rush_att":0,"rush_yd":0,"rush_td":0,"target_share":32.3,"team_pass_rate":59.6,"team_tgt":31,"team_pass_att":34},"pos_rank":22,"opp_rank_vs_pos":12,"game_status":"active","score":{"tm":38,"opp":24,"r":"W"}},{"week":8,"opp":"TEN","stats":{"pts_ppr":8.9,"pts_half_ppr":7.9,"off_snp":43,"tm_off_snp":53,"rec_tgt":5,"rec":2,"rec_yd":69,"rec_td":0,"rush_att":0,"rush_yd":0,"rush_td":0,"target_share":18.5,"team_pass_rate":63.3,"team_tgt":27,"team_pass_att":31},"pos_rank":43,"opp_rank_vs_pos":21,"game_status":"active","score":{"tm":38,"opp":14,"r":"W"}},{"week":9,"opp":"PIT","stats":{"pts_ppr":17.5,"pts_half_ppr":14.5,"off_snp":71,"tm_off_snp":78,"rec_tgt":13,"rec":6,"rec_yd":115,"rec_td":0,"rush_att":0,"rush_yd":0,"rush_td":0,"target_share":27.7,"team_pass_rate":73.5,"team_tgt":47,"team_pass_att":50},"pos_rank":15,"opp_rank_vs_pos":31,"game_status":"active","score":{"tm":20,"opp":27,"r":"L"}},{"week":10,"opp":"ATL","stats":{"pts_ppr":18.4,"pts_half_ppr":16.4,"off_snp":73,"tm_off_snp":77,"rec_tgt":7,"rec":4,"rec_yd":84,"rec_td":1,"rush_att":0,"rush_yd":0,"rush_td":0,"target_share":26.9,"team_pass_rate":38.8,"team_tgt":26,"team_pass_att":26},"pos_rank":14,"opp_rank_vs_pos":22,"game_status":"active","score":{"tm":31,"opp":25,"r":"W"}},{"week":11,"opp":"BYE","stats":{"pts_ppr":0},"game_status":"bye"},{"week":12,"opp":"KC","stats":{"pts_ppr":3.6,"pts_half_ppr":3.1,"off_snp":49,"tm_off_snp":51,"rec_tgt":2,"rec":1,"rec_yd":26,"rec_td":0,"rush_att":0,"rush_yd":0,"rush_td":0,"target_share":6.5,"team_pass_rate":62,"team_tgt":31,"team_pass_att":31},"pos_rank":68,"opp_rank_vs_pos":4,"game_status":"active","score":{"tm":20,"opp":23,"r":"L"}},{"week":13,"opp":"HOU","stats":{"pts_ppr":17.8,"pts_half_ppr":15.8,"off_snp":52,"tm_off_snp":54,"rec_tgt":5,"rec":4,"rec_yd":78,"rec_td":1,"rush_att":0,"rush_yd":0,"rush_td":0,"target_share":20,"team_pass_rate":54,"team_tgt":25,"team_pass_att":27},"pos_rank":14,"opp_rank_vs_pos":1,"game_status":"active","score":{"tm":16,"opp":20,"r":"L"}},{"week":14,"opp":"JAX","stats":{"pts_ppr":13,"pts_half_ppr":10.5,"off_snp":58,"tm_off_snp":70,"rec_tgt":8,"rec":5,"rec_yd":80,"rec_td":0,"rush_att":0,"rush_yd":0,"rush_td":0,"target_share":22.2,"team_pass_rate":58.1,"team_tgt":36,"team_pass_att":36},"pos_rank":21,"opp_rank_vs_pos":17,"game_status":"active","score":{"tm":19,"opp":36,"r":"L"}},{"week":15,"opp":"SEA","stats":{"pts_ppr":2.6,"pts_half_ppr":2.1,"off_snp":60,"tm_off_snp":60,"rec_tgt":1,"rec":1,"rec_yd":16,"rec_td":0,"rush_att":0,"rush_yd":0,"rush_td":0,"target_share":3.8,"team_pass_rate":47.4,"team_tgt":26,"team_pass_att":27},"pos_rank":88,"opp_rank_vs_pos":8,"game_status":"active","score":{"tm":16,"opp":18,"r":"L"}},{"week":16,"opp":"SF","stats":{"pts_ppr":24.6,"pts_half_ppr":22.6,"off_snp":58,"tm_off_snp":60,"rec_tgt":4,"rec":4,"rec_yd":86,"rec_td":2,"rush_att":0,"rush_yd":0,"rush_td":0,"target_share":11.1,"team_pass_rate":64.3,"team_tgt":36,"team_pass_att":36},"pos_rank":5,"opp_rank_vs_pos":24,"game_status":"active","score":{"tm":27,"opp":48,"r":"L"}},{"week":17,"opp":"JAX","stats":{"pts_ppr":0,"pts_half_ppr":null,"off_snp":52,"tm_off_snp":57,"rec_tgt":5,"rec":0,"rec_yd":0,"rec_td":0,"rush_att":0,"rush_yd":0,"rush_td":0,"target_share":17.2,"team_pass_rate":58.5,"team_tgt":29,"team_pass_att":31},"pos_rank":130,"opp_rank_vs_pos":17,"game_status":"active","score":{"tm":17,"opp":23,"r":"L"}},{"week":18,"opp":"HOU","stats":{"pts_ppr":29.2,"pts_half_ppr":27.2,"off_snp":0,"tm_off_snp":0,"rec_tgt":7,"rec":4,"rec_yd":132,"rec_td":2,"rush_att":0,"rush_yd":0,"rush_td":0,"target_share":21.2,"team_pass_rate":54.8,"team_tgt":33,"team_pass_att":34},"pos_rank":2,"opp_rank_vs_pos":1,"game_status":"active","score":{"tm":30,"opp":38,"r":"L"}}],"news":[],"availableSeasons":[2025,2024,2023],"multiSeasonStats":[{"season":2025,"ppg":12.219999999999999,"gamesPlayed":15,"pos1Pct":13.333333333333334,"pos2Pct":33.33333333333333,"pos3Pct":6.666666666666667,"bustPct":46.666666666666664},{"season":2024,"ppg":10.087499999999999,"gamesPlayed":16,"pos1Pct":25,"pos2Pct":6.25,"pos3Pct":6.25,"bustPct":62.5},{"season":2023,"ppg":5.611764705882353,"gamesPlayed":17,"pos1Pct":0,"pos2Pct":5.88235294117647,"pos3Pct":5.88235294117647,"bustPct":88.23529411764706}],"careerProfile":{"ppg":9.168750000000001,"gamesPlayed":48,"maxGames":51,"durabilityPct":94.11764705882352,"pos1Pct":12.5,"pos2Pct":14.583333333333334,"pos3Pct":6.25,"bustPct":66.66666666666666,"volatility":7.618431073474158,"volatilityLabel":"Moderate","seasons":3,"seasonPpgs":[{"season":2025,"ppg":12.219999999999999},{"season":2024,"ppg":10.087499999999999},{"season":2023,"ppg":5.611764705882353}],"smallSample":false},"dynasty":{"rank":92,"positionalRank":37,"value":4660,"overallTier":10,"positionalTier":9,"trend30":8,"trend7":-4,"posTrend30":1,"posTrend7":-5,"age":25.8,"position":"WR","team":"IND","adp":124,"startupAdp":177,"tradeCount":83,"ageCurveTier":"Prime","ktcSlug":"alec-pierce-1285","draftRound":2,"draftPick":21,"draftYear":2022,"sf":{"rank":103,"positionalRank":36,"value":3848,"overallTier":14,"positionalTier":9,"trend30":1,"trend7":-5,"posTrend30":-2,"posTrend7":-3,"adp":143,"startupAdp":221,"tradeCount":229}},"productionRiskBenchmarks":{"position":"WR","season":2025,"qualifiedThreshold":30,"posAvg":{"yardsPerCatch":12.673226111636708,"catchPct":62.692763938315544,"tdPerTarget":4.875444839857651,"fpPerUsage":null},"posStdDev":{"tdPerTarget":2.782068497049174},"percentile":{"yardsPerCatch":100,"catchPct":25,"tdPerTarget":90,"fpPerUsage":null},"playerQualified":true}}