{"neighbors":[{"id":"5045","name":"Courtland Sutton","slug":"courtland-sutton","team":"DEN","position":"WR","posRank":20,"ppg":10.7},{"id":"8126","name":"Wan'Dale Robinson","slug":"wandale-robinson","team":"NYG","position":"WR","posRank":21,"ppg":10.7},{"id":"10232","name":"Michael Wilson","slug":"michael-wilson","team":"ARI","position":"WR","posRank":22,"ppg":10.7},{"id":"5846","name":"DK Metcalf","slug":"dk-metcalf","team":"PIT","position":"WR","posRank":24,"ppg":10.5},{"id":"9754","name":"Quentin Johnston","slug":"quentin-johnston","team":"LAC","position":"WR","posRank":25,"ppg":10.4},{"id":"12526","name":"Tetairoa McMillan","slug":"tetairoa-mcmillan","team":"CAR","position":"WR","posRank":26,"ppg":10.4}],"currentRank":23,"season":2025,"format":"half","position":"WR"}