[{"week":1,"opp":"CAR","stats":{"pts_ppr":20.3,"pts_half_ppr":17.3,"off_snp":33,"tm_off_snp":52,"rush_att":10,"rush_yd":56,"rush_td":0,"rec_tgt":6,"rec":6,"rec_yd":27,"rec_td":1,"target_share":24,"team_pass_rate":61.1,"team_tgt":25,"team_pass_att":44},"pos_rank":8,"opp_rank_vs_pos":29,"game_status":"active","score":{"tm":24,"opp":10,"r":"W"}},{"week":2,"opp":"GB","stats":{"pts_ppr":21.2,"pts_half_ppr":19.2,"off_snp":59,"tm_off_snp":82,"rush_att":19,"rush_yd":124,"rush_td":0,"rec_tgt":5,"rec":4,"rec_yd":48,"rec_td":0,"target_share":26.3,"team_pass_rate":55,"team_tgt":19,"team_pass_att":44},"pos_rank":8,"opp_rank_vs_pos":25,"game_status":"active","score":{"tm":25,"opp":24,"r":"W"}},{"week":3,"opp":"DET","stats":{"pts_ppr":10,"pts_half_ppr":8,"off_snp":54,"tm_off_snp":67,"rush_att":10,"rush_yd":33,"rush_td":0,"rec_tgt":6,"rec":4,"rec_yd":27,"rec_td":0,"target_share":18.2,"team_pass_rate":72.5,"team_tgt":33,"team_pass_att":50},"pos_rank":25,"opp_rank_vs_pos":1,"game_status":"active","score":{"tm":6,"opp":20,"r":"L"}},{"week":4,"opp":"JAX","stats":{"pts_ppr":18.7,"pts_half_ppr":16.2,"off_snp":44,"tm_off_snp":58,"rush_att":14,"rush_yd":105,"rush_td":0,"rec_tgt":5,"rec":5,"rec_yd":32,"rec_td":0,"target_share":17.9,"team_pass_rate":45.2,"team_tgt":28,"team_pass_att":19},"pos_rank":10,"opp_rank_vs_pos":12,"game_status":"active","score":{"tm":7,"opp":23,"r":"L"}},{"week":5,"opp":"HOU","stats":{"pts_ppr":11.8,"pts_half_ppr":10.8,"off_snp":47,"tm_off_snp":77,"rush_att":14,"rush_yd":46,"rush_td":0,"rec_tgt":2,"rec":2,"rec_yd":12,"rec_td":1,"target_share":6.9,"team_pass_rate":57.3,"team_tgt":29,"team_pass_att":47},"pos_rank":21,"opp_rank_vs_pos":16,"game_status":"active","score":{"tm":21,"opp":19,"r":"W"}},{"week":6,"opp":"WAS","stats":{"pts_ppr":13,"pts_half_ppr":10.5,"off_snp":64,"tm_off_snp":83,"rush_att":13,"rush_yd":37,"rush_td":0,"rec_tgt":8,"rec":5,"rec_yd":43,"rec_td":0,"target_share":22.9,"team_pass_rate":51.7,"team_tgt":35,"team_pass_att":31},"pos_rank":20,"opp_rank_vs_pos":30,"game_status":"active","score":{"tm":16,"opp":24,"r":"L"}},{"week":7,"opp":"TB","stats":{"pts_ppr":0.3,"pts_half_ppr":0.3,"off_snp":11,"tm_off_snp":65,"rush_att":1,"rush_yd":3,"rush_td":0,"rec_tgt":0,"rec":0,"rec_yd":0,"rec_td":0,"target_share":0,"team_pass_rate":64.3,"team_tgt":24,"team_pass_att":45},"pos_rank":57,"opp_rank_vs_pos":4,"game_status":"active","score":{"tm":16,"opp":13,"r":"W"}},{"week":8,"opp":"TEN","stats":{"pts_ppr":12.2,"pts_half_ppr":12.2,"off_snp":50,"tm_off_snp":68,"rush_att":11,"rush_yd":62,"rush_td":1,"rec_tgt":5,"rec":0,"rec_yd":0,"rec_td":0,"target_share":20.8,"team_pass_rate":58.5,"team_tgt":24,"team_pass_att":31},"pos_rank":17,"opp_rank_vs_pos":6,"game_status":"active","score":{"tm":23,"opp":28,"r":"L"}},{"week":9,"opp":"MIN","stats":{"pts_ppr":5.9,"pts_half_ppr":4.9,"off_snp":42,"tm_off_snp":69,"rush_att":11,"rush_yd":51,"rush_td":0,"rec_tgt":4,"rec":2,"rec_yd":8,"rec_td":0,"target_share":16,"team_pass_rate":0,"team_tgt":25,"team_pass_att":0},"pos_rank":35,"opp_rank_vs_pos":13,"game_status":"active","score":{"tm":28,"opp":31,"r":"L"}},{"week":10,"opp":"ARI","stats":{"pts_ppr":17.6,"pts_half_ppr":17.1,"off_snp":53,"tm_off_snp":71,"rush_att":22,"rush_yd":95,"rush_td":1,"rec_tgt":2,"rec":1,"rec_yd":11,"rec_td":0,"target_share":11.1,"team_pass_rate":0,"team_tgt":18,"team_pass_att":0},"pos_rank":11,"opp_rank_vs_pos":31,"game_status":"active","score":{"tm":23,"opp":25,"r":"L"}},{"week":11,"opp":"—","stats":{"pts_ppr":0},"game_status":"out"},{"week":12,"opp":"NO","stats":{"pts_ppr":27.3,"pts_half_ppr":25.8,"off_snp":39,"tm_off_snp":62,"rush_att":16,"rush_yd":91,"rush_td":1,"rec_tgt":6,"rec":3,"rec_yd":32,"rec_td":1,"target_share":26.1,"team_pass_rate":0,"team_tgt":23,"team_pass_att":0},"pos_rank":3,"opp_rank_vs_pos":10,"game_status":"active","score":{"tm":24,"opp":15,"r":"W"}},{"week":13,"opp":"NYJ","stats":{"pts_ppr":10.9,"pts_half_ppr":9.4,"off_snp":51,"tm_off_snp":68,"rush_att":18,"rush_yd":53,"rush_td":0,"rec_tgt":5,"rec":3,"rec_yd":26,"rec_td":0,"target_share":22.7,"team_pass_rate":0,"team_tgt":22,"team_pass_att":0},"pos_rank":20,"opp_rank_vs_pos":24,"game_status":"active","score":{"tm":13,"opp":8,"r":"W"}},{"week":14,"opp":"TB","stats":{"pts_ppr":19.8,"pts_half_ppr":17.3,"off_snp":56,"tm_off_snp":72,"rush_att":10,"rush_yd":34,"rush_td":1,"rec_tgt":7,"rec":5,"rec_yd":54,"rec_td":0,"target_share":19.4,"team_pass_rate":55.8,"team_tgt":36,"team_pass_att":24},"pos_rank":11,"opp_rank_vs_pos":4,"game_status":"active","score":{"tm":25,"opp":29,"r":"L"}},{"week":15,"opp":"CAR","stats":{"pts_ppr":0.4,"pts_half_ppr":-0.1,"off_snp":30,"tm_off_snp":52,"rush_att":7,"rush_yd":11,"rush_td":0,"rec_tgt":3,"rec":1,"rec_yd":3,"rec_td":0,"target_share":13,"team_pass_rate":57.1,"team_tgt":23,"team_pass_att":32},"pos_rank":83,"opp_rank_vs_pos":29,"game_status":"active","score":{"tm":7,"opp":9,"r":"L"}},{"week":16,"opp":"IND","stats":{"pts_ppr":19.2,"pts_half_ppr":15.7,"off_snp":48,"tm_off_snp":64,"rush_att":12,"rush_yd":72,"rush_td":0,"rec_tgt":10,"rec":7,"rec_yd":50,"rec_td":0,"target_share":40,"team_pass_rate":54.1,"team_tgt":25,"team_pass_att":33},"pos_rank":12,"opp_rank_vs_pos":27,"game_status":"active","score":{"tm":29,"opp":10,"r":"W"}},{"week":17,"opp":"CHI","stats":{"pts_ppr":11.6,"pts_half_ppr":10.1,"off_snp":45,"tm_off_snp":59,"rush_att":15,"rush_yd":75,"rush_td":0,"rec_tgt":4,"rec":3,"rec_yd":11,"rec_td":0,"target_share":15.4,"team_pass_rate":60.3,"team_tgt":26,"team_pass_att":38},"pos_rank":26,"opp_rank_vs_pos":23,"game_status":"active","score":{"tm":17,"opp":37,"r":"L"}},{"week":18,"opp":"NO","stats":{"pts_ppr":26.1,"pts_half_ppr":22.6,"off_snp":45,"tm_off_snp":61,"rush_att":11,"rush_yd":28,"rush_td":0,"rec_tgt":8,"rec":7,"rec_yd":103,"rec_td":1,"target_share":26.7,"team_pass_rate":61,"team_tgt":30,"team_pass_att":47},"pos_rank":6,"opp_rank_vs_pos":10,"game_status":"active","score":{"tm":17,"opp":48,"r":"L"}}]