[{"week":1,"opp":"CHI","stats":{"pts_ppr":26.7,"pts_half_ppr":25.7,"off_snp":28,"tm_off_snp":60,"rush_att":9,"rush_yd":41,"rush_td":1,"rec_tgt":4,"rec":2,"rec_yd":86,"rec_td":1,"target_share":10.5,"team_pass_rate":0,"team_tgt":38,"team_pass_att":0},"pos_rank":1,"opp_rank_vs_pos":23,"game_status":"active","score":{"tm":17,"opp":20,"r":"L"}},{"week":2,"opp":"—","stats":{"pts_ppr":0},"game_status":"out"},{"week":3,"opp":"—","stats":{"pts_ppr":0},"game_status":"out"},{"week":4,"opp":"DET","stats":{"pts_ppr":2.4,"pts_half_ppr":1.9,"off_snp":20,"tm_off_snp":57,"rush_att":5,"rush_yd":18,"rush_td":0,"rec_tgt":2,"rec":1,"rec_yd":-4,"rec_td":0,"target_share":11.1,"team_pass_rate":0,"team_tgt":18,"team_pass_att":0},"pos_rank":61,"opp_rank_vs_pos":2,"game_status":"active","score":{"tm":21,"opp":13,"r":"W"}},{"week":5,"opp":"—","stats":{"pts_ppr":0},"game_status":"out"},{"week":6,"opp":"—","stats":{"pts_ppr":0},"game_status":"out"},{"week":7,"opp":"DEN","stats":{"pts_ppr":8.7,"pts_half_ppr":7.2,"off_snp":23,"tm_off_snp":64,"rush_att":8,"rush_yd":35,"rush_td":0,"rec_tgt":5,"rec":3,"rec_yd":22,"rec_td":0,"target_share":14.3,"team_pass_rate":0,"team_tgt":35,"team_pass_att":0},"pos_rank":26,"opp_rank_vs_pos":26,"game_status":"active","score":{"tm":22,"opp":17,"r":"W"}},{"week":8,"opp":"MIN","stats":{"pts_ppr":8.6,"pts_half_ppr":6.6,"off_snp":35,"tm_off_snp":68,"rush_att":7,"rush_yd":29,"rush_td":0,"rec_tgt":5,"rec":4,"rec_yd":17,"rec_td":0,"target_share":20,"team_pass_rate":50,"team_tgt":25,"team_pass_att":10},"pos_rank":31,"opp_rank_vs_pos":13,"game_status":"active","score":{"tm":24,"opp":10,"r":"W"}},{"week":9,"opp":"LAR","stats":{"pts_ppr":17.9,"pts_half_ppr":15.9,"off_snp":41,"tm_off_snp":72,"rush_att":20,"rush_yd":73,"rush_td":1,"rec_tgt":6,"rec":4,"rec_yd":26,"rec_td":0,"target_share":20.7,"team_pass_rate":50.9,"team_tgt":29,"team_pass_att":28},"pos_rank":7,"opp_rank_vs_pos":4,"game_status":"active","score":{"tm":31,"opp":28,"r":"W"}},{"week":10,"opp":"PIT","stats":{"pts_ppr":9.4,"pts_half_ppr":7.4,"off_snp":38,"tm_off_snp":68,"rush_att":13,"rush_yd":35,"rush_td":0,"rec_tgt":6,"rec":4,"rec_yd":19,"rec_td":0,"target_share":16.2,"team_pass_rate":0,"team_tgt":37,"team_pass_att":0},"pos_rank":31,"opp_rank_vs_pos":21,"game_status":"active","score":{"tm":27,"opp":19,"r":"W"}},{"week":11,"opp":"LAC","stats":{"pts_ppr":2.7,"pts_half_ppr":2.2,"off_snp":15,"tm_off_snp":72,"rush_att":4,"rush_yd":14,"rush_td":0,"rec_tgt":2,"rec":1,"rec_yd":3,"rec_td":0,"target_share":8.3,"team_pass_rate":0,"team_tgt":24,"team_pass_att":0},"pos_rank":51,"opp_rank_vs_pos":18,"game_status":"active","score":{"tm":20,"opp":21,"r":"L"}},{"week":12,"opp":"—","stats":{"pts_ppr":0},"game_status":"out"},{"week":13,"opp":"BYE","stats":{"pts_ppr":0},"game_status":"bye"},{"week":14,"opp":"—","stats":{"pts_ppr":0},"game_status":"out"},{"week":15,"opp":"TB","stats":{"pts_ppr":10.9,"pts_half_ppr":8.9,"off_snp":29,"tm_off_snp":60,"rush_att":13,"rush_yd":53,"rush_td":0,"rec_tgt":4,"rec":4,"rec_yd":16,"rec_td":0,"target_share":10.8,"team_pass_rate":0,"team_tgt":37,"team_pass_att":0},"pos_rank":21,"opp_rank_vs_pos":3,"game_status":"active","score":{"tm":24,"opp":27,"r":"L"}},{"week":16,"opp":"CAR","stats":{"pts_ppr":14.5,"pts_half_ppr":14,"off_snp":34,"tm_off_snp":66,"rush_att":21,"rush_yd":127,"rush_td":0,"rec_tgt":3,"rec":1,"rec_yd":8,"rec_td":0,"target_share":11.5,"team_pass_rate":0,"team_tgt":26,"team_pass_att":0},"pos_rank":16,"opp_rank_vs_pos":28,"game_status":"active","score":{"tm":24,"opp":30,"r":"L"}},{"week":17,"opp":"MIN","stats":{"pts_ppr":14,"pts_half_ppr":13.5,"off_snp":42,"tm_off_snp":74,"rush_att":20,"rush_yd":120,"rush_td":0,"rec_tgt":1,"rec":1,"rec_yd":10,"rec_td":0,"target_share":3.8,"team_pass_rate":0,"team_tgt":26,"team_pass_att":0},"pos_rank":18,"opp_rank_vs_pos":13,"game_status":"active","score":{"tm":10,"opp":33,"r":"L"}},{"week":18,"opp":"CHI","stats":{"pts_ppr":19.1,"pts_half_ppr":16.6,"off_snp":49,"tm_off_snp":60,"rush_att":22,"rush_yd":111,"rush_td":0,"rec_tgt":5,"rec":5,"rec_yd":30,"rec_td":0,"target_share":12.8,"team_pass_rate":28.9,"team_tgt":39,"team_pass_att":24},"pos_rank":11,"opp_rank_vs_pos":23,"game_status":"active","score":{"tm":20,"opp":30,"r":"L"}}]