{"neighbors":[{"id":"5892","name":"David Montgomery","slug":"david-montgomery","team":"DET","position":"RB","posRank":32,"ppg":8.2},{"id":"12533","name":"Jacory Croskey-Merritt","slug":"jacory-croskey-merritt","team":"WAS","position":"RB","posRank":33,"ppg":8},{"id":"11647","name":"Kimani Vidal","slug":"kimani-vidal","team":"LAC","position":"RB","posRank":34,"ppg":7.8},{"id":"4098","name":"Kareem Hunt","slug":"kareem-hunt","team":"KC","position":"RB","posRank":36,"ppg":7.6},{"id":"12474","name":"Woody Marks","slug":"woody-marks","team":"HOU","position":"RB","posRank":37,"ppg":7.6},{"id":"12534","name":"Kyle Monangai","slug":"kyle-monangai","team":"CHI","position":"RB","posRank":38,"ppg":7.3}],"currentRank":35,"season":2025,"format":"standard","position":"RB"}