{"neighbors":[{"id":"5967","name":"Tony Pollard","slug":"tony-pollard","team":"TEN","position":"RB","posRank":30,"ppg":10},{"id":"11655","name":"Tyrone Tracy","slug":"tyrone-tracy","team":"NYG","position":"RB","posRank":31,"ppg":9.5},{"id":"5892","name":"David Montgomery","slug":"david-montgomery","team":"DET","position":"RB","posRank":32,"ppg":9.1},{"id":"12474","name":"Woody Marks","slug":"woody-marks","team":"HOU","position":"RB","posRank":34,"ppg":8.7},{"id":"11647","name":"Kimani Vidal","slug":"kimani-vidal","team":"LAC","position":"RB","posRank":35,"ppg":8.5},{"id":"8122","name":"Zonovan Knight","slug":"zonovan-knight","team":"ARI","position":"RB","posRank":36,"ppg":8.2}],"currentRank":33,"season":2025,"format":"half","position":"RB"}