{"neighbors":[{"id":"8151","name":"Kenneth Walker","slug":"kenneth-walker-8151","team":"SEA","position":"RB","posRank":29,"ppg":11.3},{"id":"5967","name":"Tony Pollard","slug":"tony-pollard","team":"TEN","position":"RB","posRank":30,"ppg":10.9},{"id":"11655","name":"Tyrone Tracy","slug":"tyrone-tracy","team":"NYG","position":"RB","posRank":31,"ppg":10.7},{"id":"5892","name":"David Montgomery","slug":"david-montgomery","team":"DET","position":"RB","posRank":33,"ppg":9.8},{"id":"12474","name":"Woody Marks","slug":"woody-marks","team":"HOU","position":"RB","posRank":34,"ppg":9.4},{"id":"8122","name":"Zonovan Knight","slug":"zonovan-knight","team":"ARI","position":"RB","posRank":35,"ppg":9.3}],"currentRank":32,"season":2025,"format":"ppr","position":"RB"}