[{"week":1,"opp":"HOU","stats":{"pts_ppr":27.08,"pts_half_ppr":27.08,"off_snp":45,"tm_off_snp":45,"pass_att":19,"pass_cmp":9,"pass_yd":212,"pass_td":2,"pass_int":1,"rush_att":6,"rush_yd":56,"rush_td":1,"target_share":0,"team_pass_rate":68.5,"team_tgt":13,"team_pass_att":61},"pos_rank":5,"opp_rank_vs_pos":13,"game_status":"active","score":{"tm":27,"opp":29,"r":"L"}},{"week":2,"opp":"GB","stats":{"pts_ppr":12.86,"pts_half_ppr":12.86,"off_snp":56,"tm_off_snp":56,"pass_att":34,"pass_cmp":17,"pass_yd":204,"pass_td":1,"pass_int":3,"rush_att":4,"rush_yd":37,"rush_td":0,"target_share":0,"team_pass_rate":72.9,"team_tgt":26,"team_pass_att":62},"pos_rank":23,"opp_rank_vs_pos":20,"game_status":"active","score":{"tm":10,"opp":16,"r":"L"}},{"week":3,"opp":"CHI","stats":{"pts_ppr":7.08,"pts_half_ppr":7.08,"off_snp":56,"tm_off_snp":56,"pass_att":20,"pass_cmp":10,"pass_yd":167,"pass_td":0,"pass_int":2,"rush_att":8,"rush_yd":24,"rush_td":0,"target_share":0,"team_pass_rate":58.1,"team_tgt":18,"team_pass_att":54},"pos_rank":31,"opp_rank_vs_pos":1,"game_status":"active","score":{"tm":21,"opp":16,"r":"W"}},{"week":4,"opp":"PIT","stats":{"pts_ppr":5.24,"pts_half_ppr":5.24,"off_snp":13,"tm_off_snp":66,"pass_att":4,"pass_cmp":3,"pass_yd":71,"pass_td":0,"pass_int":0,"rush_att":3,"rush_yd":24,"rush_td":0,"target_share":0,"team_pass_rate":61.1,"team_tgt":25,"team_pass_att":44},"pos_rank":31,"opp_rank_vs_pos":14,"game_status":"active","score":{"tm":27,"opp":24,"r":"W"}},{"week":5,"opp":"—","stats":{"pts_ppr":0},"game_status":"out"},{"week":6,"opp":"—","stats":{"pts_ppr":0},"game_status":"out"},{"week":7,"opp":"MIA","stats":{"pts_ppr":8.76,"pts_half_ppr":8.76,"off_snp":62,"tm_off_snp":62,"pass_att":24,"pass_cmp":10,"pass_yd":129,"pass_td":0,"pass_int":0,"rush_att":14,"rush_yd":56,"rush_td":0,"target_share":0,"team_pass_rate":57,"team_tgt":16,"team_pass_att":45},"pos_rank":22,"opp_rank_vs_pos":10,"game_status":"active","score":{"tm":16,"opp":10,"r":"W"}},{"week":8,"opp":"HOU","stats":{"pts_ppr":12.5,"pts_half_ppr":12.5,"off_snp":63,"tm_off_snp":64,"pass_att":32,"pass_cmp":10,"pass_yd":175,"pass_td":1,"pass_int":1,"rush_att":6,"rush_yd":45,"rush_td":0,"target_share":0,"team_pass_rate":70,"team_tgt":26,"team_pass_att":70},"pos_rank":24,"opp_rank_vs_pos":13,"game_status":"active","score":{"tm":20,"opp":23,"r":"L"}},{"week":9,"opp":"—","stats":{"pts_ppr":0},"game_status":"out"},{"week":10,"opp":"—","stats":{"pts_ppr":0},"game_status":"out"},{"week":11,"opp":"NYJ","stats":{"pts_ppr":28.08,"pts_half_ppr":28.08,"off_snp":70,"tm_off_snp":70,"pass_att":30,"pass_cmp":20,"pass_yd":272,"pass_td":1,"pass_int":0,"rush_att":10,"rush_yd":32,"rush_td":2,"target_share":0,"team_pass_rate":46.2,"team_tgt":26,"team_pass_att":30},"pos_rank":2,"opp_rank_vs_pos":8,"game_status":"active","score":{"tm":28,"opp":27,"r":"W"}},{"week":12,"opp":"DET","stats":{"pts_ppr":12.98,"pts_half_ppr":12.98,"off_snp":55,"tm_off_snp":55,"pass_att":28,"pass_cmp":11,"pass_yd":172,"pass_td":0,"pass_int":0,"rush_att":10,"rush_yd":61,"rush_td":0,"target_share":0,"team_pass_rate":49.1,"team_tgt":26,"team_pass_att":28},"pos_rank":21,"opp_rank_vs_pos":23,"game_status":"active","score":{"tm":6,"opp":24,"r":"L"}},{"week":13,"opp":"NE","stats":{"pts_ppr":23.16,"pts_half_ppr":23.16,"off_snp":62,"tm_off_snp":62,"pass_att":24,"pass_cmp":12,"pass_yd":109,"pass_td":2,"pass_int":2,"rush_att":9,"rush_yd":48,"rush_td":1,"target_share":0,"team_pass_rate":35.3,"team_tgt":21,"team_pass_att":24},"pos_rank":11,"opp_rank_vs_pos":5,"game_status":"active","score":{"tm":25,"opp":24,"r":"W"}},{"week":14,"opp":"BYE","stats":{"pts_ppr":0},"game_status":"bye"},{"week":15,"opp":"DEN","stats":{"pts_ppr":16.38,"pts_half_ppr":15.88,"off_snp":76,"tm_off_snp":76,"pass_att":38,"pass_cmp":17,"pass_yd":172,"pass_td":0,"pass_int":2,"rush_att":7,"rush_yd":46,"rush_td":1,"target_share":0,"team_pass_rate":53.5,"team_tgt":32,"team_pass_att":38},"pos_rank":17,"opp_rank_vs_pos":7,"game_status":"active","score":{"tm":13,"opp":31,"r":"L"}},{"week":16,"opp":"TEN","stats":{"pts_ppr":21.24,"pts_half_ppr":21.24,"off_snp":62,"tm_off_snp":62,"pass_att":11,"pass_cmp":7,"pass_yd":131,"pass_td":1,"pass_int":1,"rush_att":9,"rush_yd":70,"rush_td":1,"target_share":0,"team_pass_rate":18.3,"team_tgt":16,"team_pass_att":11},"pos_rank":13,"opp_rank_vs_pos":26,"game_status":"active","score":{"tm":38,"opp":30,"r":"W"}},{"week":17,"opp":"—","stats":{"pts_ppr":0},"game_status":"out"},{"week":18,"opp":"—","stats":{"pts_ppr":0},"game_status":"out"}]