[{"week":1,"opp":"—","stats":{"pts_ppr":0},"game_status":"out"},{"week":2,"opp":"—","stats":{"pts_ppr":0},"game_status":"out"},{"week":3,"opp":"TEN","stats":{"pts_ppr":-0.1,"pts_half_ppr":-0.1,"off_snp":7,"tm_off_snp":57,"pass_att":0,"pass_cmp":0,"pass_yd":0,"pass_td":0,"pass_int":0,"rush_att":4,"rush_yd":-1,"rush_td":0,"target_share":0,"team_pass_rate":47.2,"team_tgt":23,"team_pass_att":25},"pos_rank":42,"opp_rank_vs_pos":15,"game_status":"active","score":{"tm":41,"opp":20,"r":"W"}},{"week":4,"opp":"—","stats":{"pts_ppr":0},"game_status":"out"},{"week":5,"opp":"LV","stats":{"pts_ppr":2.26,"pts_half_ppr":1.76,"off_snp":7,"tm_off_snp":66,"pass_att":2,"pass_cmp":1,"pass_yd":9,"pass_td":0,"pass_int":0,"rush_att":0,"rush_yd":0,"rush_td":0,"target_share":0,"team_pass_rate":55.4,"team_tgt":28,"team_pass_att":31},"pos_rank":30,"opp_rank_vs_pos":12,"game_status":"active","score":{"tm":40,"opp":6,"r":"W"}},{"week":6,"opp":"—","stats":{"pts_ppr":0},"game_status":"out"},{"week":7,"opp":"—","stats":{"pts_ppr":0},"game_status":"out"},{"week":8,"opp":"—","stats":{"pts_ppr":0},"game_status":"out"},{"week":9,"opp":"—","stats":{"pts_ppr":0},"game_status":"out"},{"week":10,"opp":"—","stats":{"pts_ppr":0},"game_status":"out"},{"week":11,"opp":"BYE","stats":{"pts_ppr":0},"game_status":"bye"},{"week":12,"opp":"—","stats":{"pts_ppr":0},"game_status":"out"},{"week":13,"opp":"—","stats":{"pts_ppr":0},"game_status":"out"},{"week":14,"opp":"—","stats":{"pts_ppr":0},"game_status":"out"},{"week":15,"opp":"—","stats":{"pts_ppr":0},"game_status":"out"},{"week":16,"opp":"—","stats":{"pts_ppr":0},"game_status":"out"},{"week":17,"opp":"—","stats":{"pts_ppr":0},"game_status":"out"},{"week":18,"opp":"—","stats":{"pts_ppr":0},"game_status":"out"}]