[{"week":1,"opp":"CHI","stats":{"pts_ppr":5.6,"pts_half_ppr":4.6,"off_snp":29,"tm_off_snp":60,"rush_att":13,"rush_yd":19,"rush_td":0,"rec_tgt":3,"rec":2,"rec_yd":17,"rec_td":0,"target_share":6.8,"team_pass_rate":59.8,"team_tgt":44,"team_pass_att":64},"pos_rank":43,"opp_rank_vs_pos":23,"game_status":"active","score":{"tm":25,"opp":20,"r":"W"}},{"week":2,"opp":"ATL","stats":{"pts_ppr":7.3,"pts_half_ppr":6.8,"off_snp":34,"tm_off_snp":50,"rush_att":15,"rush_yd":55,"rush_td":0,"rec_tgt":1,"rec":1,"rec_yd":8,"rec_td":0,"target_share":2.9,"team_pass_rate":57.4,"team_tgt":35,"team_pass_att":62},"pos_rank":29,"opp_rank_vs_pos":7,"game_status":"active","score":{"tm":34,"opp":28,"r":"W"}},{"week":3,"opp":"NO","stats":{"pts_ppr":3.3,"pts_half_ppr":3.3,"off_snp":41,"tm_off_snp":79,"rush_att":11,"rush_yd":33,"rush_td":0,"rec_tgt":0,"rec":0,"rec_yd":0,"rec_td":0,"target_share":0,"team_pass_rate":73.3,"team_tgt":35,"team_pass_att":66},"pos_rank":52,"opp_rank_vs_pos":10,"game_status":"active","score":{"tm":25,"opp":11,"r":"W"}},{"week":4,"opp":"DET","stats":{"pts_ppr":1.1,"pts_half_ppr":1.1,"off_snp":38,"tm_off_snp":57,"rush_att":5,"rush_yd":11,"rush_td":0,"rec_tgt":1,"rec":0,"rec_yd":0,"rec_td":0,"target_share":2.4,"team_pass_rate":77.2,"team_tgt":41,"team_pass_att":78},"pos_rank":68,"opp_rank_vs_pos":1,"game_status":"active","score":{"tm":34,"opp":31,"r":"W"}},{"week":5,"opp":"LV","stats":{"pts_ppr":13.6,"pts_half_ppr":13.6,"off_snp":37,"tm_off_snp":58,"rush_att":20,"rush_yd":76,"rush_td":1,"rec_tgt":1,"rec":0,"rec_yd":0,"rec_td":0,"target_share":2.9,"team_pass_rate":67.9,"team_tgt":34,"team_pass_att":89},"pos_rank":12,"opp_rank_vs_pos":18,"game_status":"active","score":{"tm":23,"opp":14,"r":"W"}},{"week":6,"opp":"—","stats":{"pts_ppr":0},"game_status":"out"},{"week":7,"opp":"DEN","stats":{"pts_ppr":11.5,"pts_half_ppr":10.5,"off_snp":36,"tm_off_snp":64,"rush_att":15,"rush_yd":61,"rush_td":0,"rec_tgt":2,"rec":2,"rec_yd":34,"rec_td":0,"target_share":5.1,"team_pass_rate":58.9,"team_tgt":39,"team_pass_att":73},"pos_rank":21,"opp_rank_vs_pos":26,"game_status":"active","score":{"tm":31,"opp":17,"r":"W"}},{"week":8,"opp":"MIN","stats":{"pts_ppr":10.2,"pts_half_ppr":7.7,"off_snp":35,"tm_off_snp":68,"rush_att":6,"rush_yd":11,"rush_td":0,"rec_tgt":5,"rec":5,"rec_yd":41,"rec_td":0,"target_share":11.9,"team_pass_rate":63.4,"team_tgt":42,"team_pass_att":90},"pos_rank":29,"opp_rank_vs_pos":13,"game_status":"active","score":{"tm":38,"opp":31,"r":"W"}},{"week":9,"opp":"LAR","stats":{"pts_ppr":5.3,"pts_half_ppr":4.8,"off_snp":29,"tm_off_snp":72,"rush_att":9,"rush_yd":40,"rush_td":0,"rec_tgt":1,"rec":1,"rec_yd":3,"rec_td":0,"target_share":3.2,"team_pass_rate":63,"team_tgt":31,"team_pass_att":68},"pos_rank":36,"opp_rank_vs_pos":3,"game_status":"active","score":{"tm":28,"opp":23,"r":"W"}},{"week":10,"opp":"PIT","stats":{"pts_ppr":9.1,"pts_half_ppr":8.6,"off_snp":34,"tm_off_snp":68,"rush_att":9,"rush_yd":70,"rush_td":0,"rec_tgt":3,"rec":1,"rec_yd":11,"rec_td":0,"target_share":27.3,"team_pass_rate":62,"team_tgt":11,"team_pass_att":44},"pos_rank":30,"opp_rank_vs_pos":21,"game_status":"active","score":null},{"week":11,"opp":"LAC","stats":{"pts_ppr":10.1,"pts_half_ppr":8.1,"off_snp":52,"tm_off_snp":72,"rush_att":14,"rush_yd":29,"rush_td":0,"rec_tgt":4,"rec":4,"rec_yd":32,"rec_td":0,"target_share":16,"team_pass_rate":56.3,"team_tgt":25,"team_pass_att":67},"pos_rank":24,"opp_rank_vs_pos":17,"game_status":"active","score":{"tm":21,"opp":17,"r":"W"}},{"week":12,"opp":"DET","stats":{"pts_ppr":11.1,"pts_half_ppr":9.6,"off_snp":29,"tm_off_snp":56,"rush_att":14,"rush_yd":43,"rush_td":0,"rec_tgt":3,"rec":3,"rec_yd":38,"rec_td":0,"target_share":10,"team_pass_rate":63.6,"team_tgt":30,"team_pass_att":75},"pos_rank":24,"opp_rank_vs_pos":1,"game_status":"active","score":{"tm":37,"opp":34,"r":"W"}},{"week":13,"opp":"KC","stats":{"pts_ppr":9.7,"pts_half_ppr":9.2,"off_snp":40,"tm_off_snp":64,"rush_att":18,"rush_yd":73,"rush_td":0,"rec_tgt":1,"rec":1,"rec_yd":14,"rec_td":0,"target_share":2.7,"team_pass_rate":69.4,"team_tgt":37,"team_pass_att":68},"pos_rank":21,"opp_rank_vs_pos":5,"game_status":"active","score":{"tm":19,"opp":42,"r":"L"}},{"week":14,"opp":"NYG","stats":{"pts_ppr":9.8,"pts_half_ppr":8.8,"off_snp":36,"tm_off_snp":68,"rush_att":15,"rush_yd":53,"rush_td":0,"rec_tgt":3,"rec":2,"rec_yd":25,"rec_td":0,"target_share":7.9,"team_pass_rate":40.3,"team_tgt":38,"team_pass_att":27},"pos_rank":29,"opp_rank_vs_pos":22,"game_status":"active","score":{"tm":13,"opp":33,"r":"L"}},{"week":15,"opp":"—","stats":{"pts_ppr":0},"game_status":"out"},{"week":16,"opp":"CAR","stats":{"pts_ppr":7.2,"pts_half_ppr":7.2,"off_snp":12,"tm_off_snp":66,"rush_att":7,"rush_yd":12,"rush_td":1,"rec_tgt":0,"rec":0,"rec_yd":0,"rec_td":0,"target_share":0,"team_pass_rate":61.2,"team_tgt":45,"team_pass_att":60},"pos_rank":40,"opp_rank_vs_pos":29,"game_status":"active","score":{"tm":33,"opp":25,"r":"W"}},{"week":17,"opp":"MIN","stats":{"pts_ppr":2.7,"pts_half_ppr":2.7,"off_snp":12,"tm_off_snp":74,"rush_att":7,"rush_yd":27,"rush_td":0,"rec_tgt":0,"rec":0,"rec_yd":0,"rec_td":0,"target_share":0,"team_pass_rate":57.3,"team_tgt":26,"team_pass_att":51},"pos_rank":60,"opp_rank_vs_pos":13,"game_status":"active","score":{"tm":31,"opp":35,"r":"L"}},{"week":18,"opp":"—","stats":{"pts_ppr":0},"game_status":"out"}]