[{"week":1,"opp":"DAL","stats":{"pts_ppr":1,"pts_half_ppr":1,"off_snp":8,"tm_off_snp":63,"rush_att":3,"rush_yd":10,"rush_td":0,"rec_tgt":0,"rec":0,"rec_yd":0,"rec_td":0,"target_share":0,"team_pass_rate":34.8,"team_tgt":20,"team_pass_att":23},"pos_rank":65,"opp_rank_vs_pos":28,"game_status":"active","score":{"tm":24,"opp":20,"r":"W"}},{"week":2,"opp":"KC","stats":{"pts_ppr":1.9,"pts_half_ppr":1.9,"off_snp":10,"tm_off_snp":60,"rush_att":3,"rush_yd":19,"rush_td":0,"rec_tgt":0,"rec":0,"rec_yd":0,"rec_td":0,"target_share":0,"team_pass_rate":39.3,"team_tgt":20,"team_pass_att":22},"pos_rank":60,"opp_rank_vs_pos":6,"game_status":"active","score":{"tm":20,"opp":17,"r":"W"}},{"week":3,"opp":"LAR","stats":{"pts_ppr":0,"pts_half_ppr":null,"off_snp":5,"tm_off_snp":67,"rush_att":0,"rush_yd":0,"rush_td":0,"rec_tgt":0,"rec":0,"rec_yd":0,"rec_td":0,"target_share":0,"team_pass_rate":54.2,"team_tgt":29,"team_pass_att":32},"pos_rank":77,"opp_rank_vs_pos":10,"game_status":"active","score":{"tm":33,"opp":26,"r":"W"}},{"week":4,"opp":"TB","stats":{"pts_ppr":1.7,"pts_half_ppr":1.7,"off_snp":8,"tm_off_snp":57,"rush_att":3,"rush_yd":17,"rush_td":0,"rec_tgt":0,"rec":0,"rec_yd":0,"rec_td":0,"target_share":0,"team_pass_rate":43.6,"team_tgt":22,"team_pass_att":24},"pos_rank":59,"opp_rank_vs_pos":20,"game_status":"active","score":{"tm":31,"opp":25,"r":"W"}},{"week":5,"opp":"DEN","stats":{"pts_ppr":1.2,"pts_half_ppr":1.2,"off_snp":9,"tm_off_snp":61,"rush_att":2,"rush_yd":12,"rush_td":0,"rec_tgt":0,"rec":0,"rec_yd":0,"rec_td":0,"target_share":0,"team_pass_rate":77.6,"team_tgt":37,"team_pass_att":38},"pos_rank":62,"opp_rank_vs_pos":1,"game_status":"active","score":{"tm":17,"opp":21,"r":"L"}},{"week":6,"opp":"NYG","stats":{"pts_ppr":2,"pts_half_ppr":1,"off_snp":8,"tm_off_snp":57,"rush_att":1,"rush_yd":2,"rush_td":0,"rec_tgt":2,"rec":2,"rec_yd":18,"rec_td":0,"target_share":6.3,"team_pass_rate":62.3,"team_tgt":32,"team_pass_att":33},"pos_rank":62,"opp_rank_vs_pos":31,"game_status":"active","score":{"tm":17,"opp":34,"r":"L"}},{"week":7,"opp":"—","stats":{"pts_ppr":0},"game_status":"out"},{"week":8,"opp":"—","stats":{"pts_ppr":0},"game_status":"out"},{"week":9,"opp":"BYE","stats":{"pts_ppr":0},"game_status":"bye"},{"week":10,"opp":"—","stats":{"pts_ppr":0},"game_status":"out"},{"week":11,"opp":"—","stats":{"pts_ppr":0},"game_status":"out"},{"week":12,"opp":"—","stats":{"pts_ppr":0},"game_status":"out"},{"week":13,"opp":"—","stats":{"pts_ppr":0},"game_status":"out"},{"week":14,"opp":"—","stats":{"pts_ppr":0},"game_status":"out"},{"week":15,"opp":"—","stats":{"pts_ppr":0},"game_status":"out"},{"week":16,"opp":"—","stats":{"pts_ppr":0},"game_status":"out"},{"week":17,"opp":"—","stats":{"pts_ppr":0},"game_status":"out"},{"week":18,"opp":"WAS","stats":{"pts_ppr":1.3,"pts_half_ppr":0.8,"off_snp":0,"tm_off_snp":0,"rush_att":0,"rush_yd":0,"rush_td":0,"rec_tgt":1,"rec":1,"rec_yd":3,"rec_td":0,"target_share":2.9,"team_pass_rate":67.8,"team_tgt":34,"team_pass_att":40},"pos_rank":76,"opp_rank_vs_pos":27,"game_status":"active","score":{"tm":17,"opp":24,"r":"L"}}]