{"id":"6828","name":"A.J. Dillon","slug":"aj-dillon","position":"RB","team":"PHI","status":"Active","injury_status":null,"age":27,"height":"72","weight":"247","number":29,"depth_chart_order":4,"years_exp":6,"headshotUrl":null,"season":2025,"seasonLabel":"2025 Season Final","seasonRank":92,"trends":{"weeklyFantasyPoints":[1,1.9,0,1.7,1.2,2,0.3]},"gameLog":[{"week":1,"opp":"DAL","stats":{"pts_ppr":1,"pts_half_ppr":1,"off_snp":8,"tm_off_snp":63,"rush_att":3,"rush_yd":10,"rush_td":0,"rec_tgt":0,"rec":0,"rec_yd":0,"rec_td":0,"target_share":0,"team_pass_rate":34.8,"team_tgt":20,"team_pass_att":23},"pos_rank":62,"opp_rank_vs_pos":28,"game_status":"active","score":{"tm":24,"opp":20,"r":"W"}},{"week":2,"opp":"KC","stats":{"pts_ppr":1.9,"pts_half_ppr":1.9,"off_snp":10,"tm_off_snp":60,"rush_att":3,"rush_yd":19,"rush_td":0,"rec_tgt":0,"rec":0,"rec_yd":0,"rec_td":0,"target_share":0,"team_pass_rate":39.3,"team_tgt":20,"team_pass_att":22},"pos_rank":56,"opp_rank_vs_pos":7,"game_status":"active","score":{"tm":20,"opp":17,"r":"W"}},{"week":3,"opp":"LAR","stats":{"pts_ppr":0,"pts_half_ppr":null,"off_snp":5,"tm_off_snp":67,"rush_att":0,"rush_yd":0,"rush_td":0,"rec_tgt":0,"rec":0,"rec_yd":0,"rec_td":0,"target_share":0,"team_pass_rate":54.2,"team_tgt":29,"team_pass_att":32},"pos_rank":77,"opp_rank_vs_pos":10,"game_status":"active","score":{"tm":33,"opp":26,"r":"W"}},{"week":4,"opp":"TB","stats":{"pts_ppr":1.7,"pts_half_ppr":1.7,"off_snp":8,"tm_off_snp":57,"rush_att":3,"rush_yd":17,"rush_td":0,"rec_tgt":0,"rec":0,"rec_yd":0,"rec_td":0,"target_share":0,"team_pass_rate":43.6,"team_tgt":22,"team_pass_att":24},"pos_rank":59,"opp_rank_vs_pos":18,"game_status":"active","score":{"tm":31,"opp":25,"r":"W"}},{"week":5,"opp":"DEN","stats":{"pts_ppr":1.2,"pts_half_ppr":1.2,"off_snp":9,"tm_off_snp":61,"rush_att":2,"rush_yd":12,"rush_td":0,"rec_tgt":0,"rec":0,"rec_yd":0,"rec_td":0,"target_share":0,"team_pass_rate":77.6,"team_tgt":37,"team_pass_att":38},"pos_rank":60,"opp_rank_vs_pos":3,"game_status":"active","score":{"tm":17,"opp":21,"r":"L"}},{"week":6,"opp":"NYG","stats":{"pts_ppr":2,"pts_half_ppr":1,"off_snp":8,"tm_off_snp":57,"rush_att":1,"rush_yd":2,"rush_td":0,"rec_tgt":2,"rec":2,"rec_yd":18,"rec_td":0,"target_share":6.3,"team_pass_rate":62.3,"team_tgt":32,"team_pass_att":33},"pos_rank":52,"opp_rank_vs_pos":31,"game_status":"active","score":{"tm":17,"opp":34,"r":"L"}},{"week":7,"opp":"—","stats":{"pts_ppr":0},"game_status":"out"},{"week":8,"opp":"—","stats":{"pts_ppr":0},"game_status":"out"},{"week":9,"opp":"BYE","stats":{"pts_ppr":0},"game_status":"bye"},{"week":10,"opp":"—","stats":{"pts_ppr":0},"game_status":"out"},{"week":11,"opp":"—","stats":{"pts_ppr":0},"game_status":"out"},{"week":12,"opp":"—","stats":{"pts_ppr":0},"game_status":"out"},{"week":13,"opp":"—","stats":{"pts_ppr":0},"game_status":"out"},{"week":14,"opp":"—","stats":{"pts_ppr":0},"game_status":"out"},{"week":15,"opp":"—","stats":{"pts_ppr":0},"game_status":"out"},{"week":16,"opp":"—","stats":{"pts_ppr":0},"game_status":"out"},{"week":17,"opp":"—","stats":{"pts_ppr":0},"game_status":"out"},{"week":18,"opp":"WAS","stats":{"pts_ppr":1.3,"pts_half_ppr":0.8,"off_snp":0,"tm_off_snp":0,"rush_att":0,"rush_yd":0,"rush_td":0,"rec_tgt":1,"rec":1,"rec_yd":3,"rec_td":0,"target_share":2.9,"team_pass_rate":67.8,"team_tgt":34,"team_pass_att":40},"pos_rank":76,"opp_rank_vs_pos":27,"game_status":"active","score":{"tm":17,"opp":24,"r":"L"}}],"news":[],"availableSeasons":[2025,2024,2023],"multiSeasonStats":[{"season":2025,"ppg":1.157142857142857,"gamesPlayed":7,"pos1Pct":0,"pos2Pct":0,"pos3Pct":0,"bustPct":100},{"season":2023,"ppg":6.373333333333334,"gamesPlayed":15,"pos1Pct":6.666666666666667,"pos2Pct":20,"pos3Pct":46.666666666666664,"bustPct":26.666666666666668}],"careerProfile":{"ppg":4.713636363636364,"gamesPlayed":22,"maxGames":34,"durabilityPct":64.70588235294117,"pos1Pct":4.545454545454546,"pos2Pct":13.636363636363635,"pos3Pct":31.818181818181817,"bustPct":50,"volatility":3.610869233768598,"volatilityLabel":"Low","seasons":2,"seasonPpgs":[{"season":2025,"ppg":1.157142857142857},{"season":2023,"ppg":6.373333333333334}],"smallSample":false},"dynasty":null,"productionRiskBenchmarks":{"position":"RB","season":2025,"qualifiedThreshold":20,"posAvg":{"yardsPerCatch":7.66027689030884,"catchPct":77.89299046038988,"tdPerTarget":3.7328909166321025,"fpPerUsage":null},"posStdDev":{"tdPerTarget":2.831404276675168},"percentile":null,"playerQualified":false},"bio":{"snapshot_bullets":["Drafted 2020: Round 2, Pick 62 (GB)","Entered the league in 2020 and developed into a depth option.","Career peak: 2023 (7.8 PPG).","Availability has been a factor recently, averaging 11.0 games over the last 2 seasons.","Enters 2026 with role volatility that can swing weekly fantasy outcomes."],"style":{"how_he_wins":"Primarily a rushing-based producer whose weekly output is tied to carries and touchdown opportunities.","how_he_wins_tags":["Volume runner"],"fantasy_translation":"Fantasy production tracks directly with carry volume and TD opportunities. Standard/half formats benefit most.","fantasy_translation_tags":["Rushing floor","TD equity"]},"timeline":[{"label":"2020","badge":"Drafted","text":"Selected Round 2, Pick 62 by Green Bay Packers out of Boston College."},{"label":"2023","badge":"Peak","text":"Career-high fantasy production with 7.8 PPG across 15 games."},{"label":"2025","badge":"Downtrend","text":"Recent production has dipped, posting 1.3 PPG in 2025."}],"career_context_tiles":[{"title":"Floor driver","text":"Carry volume"},{"title":"Ceiling driver","text":"Goal-line equity + big plays"},{"title":"Stability","text":"Stable role in offense"},{"title":"Risk note","text":"Availability"}],"narrative_paragraphs":["A.J. Dillon entered the NFL as a 2nd-round pick (62 overall) in 2020 out of Boston College."," His peak arrived in 2023, delivering his best combination of volume and fantasy output (7.8 PPG across 15 games).","For fantasy managers, his floor is driven by carry volume, while his ceiling spikes when goal-line equity + big plays hit in the same week.","The main variable going forward is availability, which can create week-to-week variance even when the overall role remains intact."],"last_updated":"2026-02-28","sources":[{"label":"Sleeper","url":"https://sleeper.com"},{"label":"NFL","url":"https://www.nfl.com/players/"},{"label":"Pro-Football-Reference","url":"https://www.pro-football-reference.com"}]}}