{"neighbors":[{"id":"2749","name":"Raheem Mostert","slug":"raheem-mostert","team":"LV","position":"RB","posRank":89,"ppg":1.5},{"id":"8143","name":"Jerome Ford","slug":"jerome-ford","team":"CLE","position":"RB","posRank":90,"ppg":1.4},{"id":"11370","name":"Chris Brooks","slug":"chris-brooks","team":"GB","position":"RB","posRank":91,"ppg":1.2},{"id":"8139","name":"Zamir White","slug":"zamir-white","team":"LV","position":"RB","posRank":93,"ppg":1.1},{"id":"12471","name":"DJ Giddens","slug":"dj-giddens","team":"IND","position":"RB","posRank":94,"ppg":1.1},{"id":"8208","name":"Tyler Badie","slug":"tyler-badie","team":"DEN","position":"RB","posRank":95,"ppg":1}],"currentRank":92,"season":2025,"format":"standard","position":"RB"}