{"neighbors":[{"id":"12544","name":"LeQuint Allen","slug":"lequint-allen","team":"JAX","position":"RB","posRank":94,"ppg":1.7},{"id":"4718","name":"Dare Ogunbowale","slug":"dare-ogunbowale","team":"HOU","position":"RB","posRank":95,"ppg":1.6},{"id":"6323","name":"Andrew Beck","slug":"andrew-beck","team":"NYJ","position":"RB","posRank":96,"ppg":1.4},{"id":"11577","name":"Will Shipley","slug":"will-shipley","team":"PHI","position":"RB","posRank":98,"ppg":1.2},{"id":"11574","name":"Dylan Laube","slug":"dylan-laube","team":"LV","position":"RB","posRank":99,"ppg":1.1},{"id":"9220","name":"Evan Hull","slug":"evan-hull","team":"NO","position":"RB","posRank":100,"ppg":1.1}],"currentRank":97,"season":2025,"format":"ppr","position":"RB"}