{"neighbors":[{"id":"3200","name":"Sterling Shepard","slug":"sterling-shepard","team":"TB","position":"WR","posRank":88,"ppg":3.5},{"id":"4454","name":"Kendrick Bourne","slug":"kendrick-bourne","team":"SF","position":"WR","posRank":89,"ppg":3.4},{"id":"7090","name":"Darnell Mooney","slug":"darnell-mooney","team":"ATL","position":"WR","posRank":90,"ppg":3.4},{"id":"9486","name":"Dontayvion Wicks","slug":"dontayvion-wicks","team":"GB","position":"WR","posRank":92,"ppg":3.3},{"id":"11834","name":"Devaughn Vele","slug":"devaughn-vele","team":"NO","position":"WR","posRank":93,"ppg":3.2},{"id":"11629","name":"Devontez Walker","slug":"devontez-walker","team":"BAL","position":"WR","posRank":94,"ppg":3.2}],"currentRank":91,"season":2025,"format":"standard","position":"WR"}