{"neighbors":[{"id":"7090","name":"Darnell Mooney","slug":"darnell-mooney","team":"ATL","position":"WR","posRank":90,"ppg":5.5},{"id":"9486","name":"Dontayvion Wicks","slug":"dontayvion-wicks","team":"GB","position":"WR","posRank":91,"ppg":5.4},{"id":"11608","name":"Isaiah Williams","slug":"isaiah-williams","team":"NYJ","position":"WR","posRank":92,"ppg":5.3},{"id":"6943","name":"Gabe Davis","slug":"gabe-davis","team":"BUF","position":"WR","posRank":94,"ppg":5.1},{"id":"11834","name":"Devaughn Vele","slug":"devaughn-vele","team":"NO","position":"WR","posRank":95,"ppg":5.1},{"id":"12501","name":"Matthew Golden","slug":"matthew-golden","team":"GB","position":"WR","posRank":96,"ppg":5}],"currentRank":93,"season":2025,"format":"ppr","position":"WR"}