{"neighbors":[{"id":"10212","name":"Josh Whyle","slug":"josh-whyle","team":"GB","position":"TE","posRank":71,"ppg":1.8},{"id":"7716","name":"John Bates","slug":"john-bates","team":"WAS","position":"TE","posRank":72,"ppg":1.8},{"id":"4054","name":"Mo Alie-Cox","slug":"mo-alie-cox","team":"IND","position":"TE","posRank":73,"ppg":1.8},{"id":"4995","name":"Ian Thomas","slug":"ian-thomas","team":"LV","position":"TE","posRank":75,"ppg":1.7},{"id":"8583","name":"Stone Smartt","slug":"stone-smartt","team":"NYJ","position":"TE","posRank":76,"ppg":1.7},{"id":"7842","name":"Luke Farrell","slug":"luke-farrell","team":"SF","position":"TE","posRank":77,"ppg":1.7}],"currentRank":74,"season":2025,"format":"ppr","position":"TE"}