[{"week":1,"opp":"TB","stats":{"pts_ppr":13.4,"pts_half_ppr":11.9,"off_snp":47,"tm_off_snp":64,"rush_att":11,"rush_yd":34,"rush_td":0,"rec_tgt":4,"rec":3,"rec_yd":10,"rec_td":1,"target_share":16.7,"team_pass_rate":76.7,"team_tgt":24,"team_pass_att":66},"pos_rank":18,"opp_rank_vs_pos":2,"game_status":"active","score":{"tm":36,"opp":34,"r":"W"}},{"week":2,"opp":"PHI","stats":{"pts_ppr":4.9,"pts_half_ppr":3.4,"off_snp":44,"tm_off_snp":58,"rush_att":8,"rush_yd":28,"rush_td":0,"rec_tgt":6,"rec":3,"rec_yd":11,"rec_td":0,"target_share":26.1,"team_pass_rate":75,"team_tgt":23,"team_pass_att":57},"pos_rank":45,"opp_rank_vs_pos":15,"game_status":"active","score":{"tm":24,"opp":17,"r":"W"}},{"week":3,"opp":"LAC","stats":{"pts_ppr":17.5,"pts_half_ppr":15,"off_snp":66,"tm_off_snp":82,"rush_att":20,"rush_yd":93,"rush_td":0,"rec_tgt":7,"rec":5,"rec_yd":32,"rec_td":0,"target_share":20.6,"team_pass_rate":61.4,"team_tgt":34,"team_pass_att":62},"pos_rank":13,"opp_rank_vs_pos":17,"game_status":"active","score":{"tm":70,"opp":20,"r":"W"}},{"week":4,"opp":"CAR","stats":{"pts_ppr":10.8,"pts_half_ppr":10.3,"off_snp":33,"tm_off_snp":48,"rush_att":17,"rush_yd":95,"rush_td":0,"rec_tgt":1,"rec":1,"rec_yd":3,"rec_td":0,"target_share":3.8,"team_pass_rate":71.8,"team_tgt":26,"team_pass_att":74},"pos_rank":17,"opp_rank_vs_pos":29,"game_status":"active","score":{"tm":20,"opp":48,"r":"L"}},{"week":5,"opp":"KC","stats":{"pts_ppr":12.6,"pts_half_ppr":11.6,"off_snp":37,"tm_off_snp":72,"rush_att":8,"rush_yd":26,"rush_td":0,"rec_tgt":3,"rec":2,"rec_yd":20,"rec_td":1,"target_share":10,"team_pass_rate":70,"team_tgt":30,"team_pass_att":56},"pos_rank":19,"opp_rank_vs_pos":5,"game_status":"active","score":{"tm":31,"opp":16,"r":"W"}},{"week":6,"opp":"CHI","stats":{"pts_ppr":11.2,"pts_half_ppr":9.2,"off_snp":45,"tm_off_snp":57,"rush_att":18,"rush_yd":44,"rush_td":0,"rec_tgt":7,"rec":4,"rec_yd":28,"rec_td":0,"target_share":25,"team_pass_rate":73.6,"team_tgt":28,"team_pass_att":64},"pos_rank":25,"opp_rank_vs_pos":21,"game_status":"active","score":{"tm":42,"opp":21,"r":"W"}},{"week":7,"opp":"SF","stats":{"pts_ppr":6.2,"pts_half_ppr":5.2,"off_snp":37,"tm_off_snp":70,"rush_att":8,"rush_yd":39,"rush_td":0,"rec_tgt":3,"rec":2,"rec_yd":3,"rec_td":0,"target_share":15,"team_pass_rate":78,"team_tgt":20,"team_pass_att":32},"pos_rank":38,"opp_rank_vs_pos":4,"game_status":"active","score":{"tm":17,"opp":31,"r":"L"}},{"week":8,"opp":"GB","stats":{"pts_ppr":4.3,"pts_half_ppr":3.8,"off_snp":44,"tm_off_snp":72,"rush_att":16,"rush_yd":31,"rush_td":0,"rec_tgt":1,"rec":1,"rec_yd":2,"rec_td":0,"target_share":5.3,"team_pass_rate":75,"team_tgt":19,"team_pass_att":81},"pos_rank":51,"opp_rank_vs_pos":24,"game_status":"active","score":{"tm":31,"opp":17,"r":"W"}},{"week":9,"opp":"ATL","stats":{"pts_ppr":17.3,"pts_half_ppr":16.3,"off_snp":42,"tm_off_snp":75,"rush_att":16,"rush_yd":44,"rush_td":0,"rec_tgt":2,"rec":2,"rec_yd":49,"rec_td":1,"target_share":14.3,"team_pass_rate":79.8,"team_tgt":14,"team_pass_att":83},"pos_rank":9,"opp_rank_vs_pos":10,"game_status":"active","score":{"tm":14,"opp":21,"r":"L"}},{"week":10,"opp":"NO","stats":{"pts_ppr":4.3,"pts_half_ppr":3.8,"off_snp":33,"tm_off_snp":73,"rush_att":8,"rush_yd":27,"rush_td":0,"rec_tgt":2,"rec":1,"rec_yd":6,"rec_td":0,"target_share":40,"team_pass_rate":76.5,"team_tgt":5,"team_pass_att":39},"pos_rank":42,"opp_rank_vs_pos":11,"game_status":"active","score":null},{"week":11,"opp":"DEN","stats":{"pts_ppr":7,"pts_half_ppr":6.5,"off_snp":48,"tm_off_snp":74,"rush_att":18,"rush_yd":81,"rush_td":0,"rec_tgt":2,"rec":1,"rec_yd":-1,"rec_td":0,"target_share":11.1,"team_pass_rate":68.4,"team_tgt":18,"team_pass_att":54},"pos_rank":22,"opp_rank_vs_pos":26,"game_status":"active","score":{"tm":20,"opp":13,"r":"W"}},{"week":12,"opp":"CHI","stats":{"pts_ppr":8.3,"pts_half_ppr":7.3,"off_snp":31,"tm_off_snp":55,"rush_att":10,"rush_yd":52,"rush_td":0,"rec_tgt":2,"rec":2,"rec_yd":11,"rec_td":0,"target_share":18.2,"team_pass_rate":69.8,"team_tgt":11,"team_pass_att":30},"pos_rank":34,"opp_rank_vs_pos":21,"game_status":"active","score":{"tm":34,"opp":13,"r":"W"}},{"week":13,"opp":"—","stats":{"pts_ppr":0},"game_status":"out"},{"week":14,"opp":"LV","stats":{"pts_ppr":6.6,"pts_half_ppr":6.6,"off_snp":23,"tm_off_snp":72,"rush_att":10,"rush_yd":66,"rush_td":0,"rec_tgt":1,"rec":0,"rec_yd":0,"rec_td":0,"target_share":4.5,"team_pass_rate":75,"team_tgt":22,"team_pass_att":69},"pos_rank":33,"opp_rank_vs_pos":19,"game_status":"active","score":{"tm":27,"opp":28,"r":"L"}},{"week":15,"opp":"—","stats":{"pts_ppr":0},"game_status":"out"},{"week":16,"opp":"DET","stats":{"pts_ppr":-0.1,"pts_half_ppr":-0.1,"off_snp":5,"tm_off_snp":55,"rush_att":2,"rush_yd":-1,"rush_td":0,"rec_tgt":0,"rec":0,"rec_yd":0,"rec_td":0,"target_share":0,"team_pass_rate":75.5,"team_tgt":17,"team_pass_att":37},"pos_rank":81,"opp_rank_vs_pos":3,"game_status":"active","score":{"tm":22,"opp":20,"r":"W"}},{"week":17,"opp":"GB","stats":{"pts_ppr":5,"pts_half_ppr":4,"off_snp":21,"tm_off_snp":53,"rush_att":3,"rush_yd":17,"rush_td":0,"rec_tgt":2,"rec":2,"rec_yd":13,"rec_td":0,"target_share":11.1,"team_pass_rate":66.7,"team_tgt":18,"team_pass_att":38},"pos_rank":51,"opp_rank_vs_pos":24,"game_status":"active","score":{"tm":19,"opp":56,"r":"L"}},{"week":18,"opp":"DET","stats":{"pts_ppr":3.9,"pts_half_ppr":3.4,"off_snp":23,"tm_off_snp":73,"rush_att":7,"rush_yd":24,"rush_td":0,"rec_tgt":1,"rec":1,"rec_yd":5,"rec_td":0,"target_share":7.1,"team_pass_rate":60,"team_tgt":14,"team_pass_att":27},"pos_rank":48,"opp_rank_vs_pos":3,"game_status":"active","score":{"tm":14,"opp":21,"r":"L"}}]