{"id":"4663","name":"Austin Ekeler","slug":"austin-ekeler","position":"RB","team":"WAS","status":"Active","injury_status":null,"age":30,"height":"70","weight":"200","number":30,"depth_chart_order":2,"years_exp":9,"headshotUrl":null,"season":2025,"seasonLabel":"2025 Season (Through Week 2)","seasonRank":null,"trends":{"weeklyFantasyPoints":[7.2,3.4]},"gameLog":[{"week":1,"opp":"NYG","stats":{"pts_ppr":8.7,"pts_half_ppr":7.2,"off_snp":33,"tm_off_snp":70,"rush_att":6,"rush_yd":26,"rush_td":0,"rec_tgt":3,"rec":3,"rec_yd":31,"rec_td":0,"target_share":10.3,"team_pass_rate":48.4,"team_tgt":29,"team_pass_att":30},"pos_rank":32,"opp_rank_vs_pos":31,"game_status":"active","score":{"tm":21,"opp":6,"r":"W"}},{"week":2,"opp":"GB","stats":{"pts_ppr":4.4,"pts_half_ppr":3.4,"off_snp":36,"tm_off_snp":69,"rush_att":8,"rush_yd":17,"rush_td":0,"rec_tgt":4,"rec":2,"rec_yd":7,"rec_td":0,"target_share":10,"team_pass_rate":68.9,"team_tgt":40,"team_pass_att":42},"pos_rank":48,"opp_rank_vs_pos":23,"game_status":"active","score":{"tm":18,"opp":27,"r":"L"}},{"week":3,"opp":"—","stats":{"pts_ppr":0},"game_status":"out"},{"week":4,"opp":"—","stats":{"pts_ppr":0},"game_status":"out"},{"week":5,"opp":"—","stats":{"pts_ppr":0},"game_status":"out"},{"week":6,"opp":"—","stats":{"pts_ppr":0},"game_status":"out"},{"week":7,"opp":"—","stats":{"pts_ppr":0},"game_status":"out"},{"week":8,"opp":"—","stats":{"pts_ppr":0},"game_status":"out"},{"week":9,"opp":"—","stats":{"pts_ppr":0},"game_status":"out"},{"week":10,"opp":"—","stats":{"pts_ppr":0},"game_status":"out"},{"week":11,"opp":"—","stats":{"pts_ppr":0},"game_status":"out"},{"week":12,"opp":"BYE","stats":{"pts_ppr":0},"game_status":"bye"},{"week":13,"opp":"—","stats":{"pts_ppr":0},"game_status":"out"},{"week":14,"opp":"—","stats":{"pts_ppr":0},"game_status":"out"},{"week":15,"opp":"—","stats":{"pts_ppr":0},"game_status":"out"},{"week":16,"opp":"—","stats":{"pts_ppr":0},"game_status":"out"},{"week":17,"opp":"—","stats":{"pts_ppr":0},"game_status":"out"},{"week":18,"opp":"—","stats":{"pts_ppr":0},"game_status":"out"}],"news":[],"availableSeasons":[2025,2024,2023],"multiSeasonStats":[{"season":2025,"ppg":5.3,"gamesPlayed":2,"pos1Pct":0,"pos2Pct":0,"pos3Pct":50,"bustPct":50},{"season":2024,"ppg":9.566666666666666,"gamesPlayed":12,"pos1Pct":8.333333333333332,"pos2Pct":33.33333333333333,"pos3Pct":25,"bustPct":33.33333333333333},{"season":2023,"ppg":11.421428571428574,"gamesPlayed":14,"pos1Pct":35.714285714285715,"pos2Pct":7.142857142857142,"pos3Pct":35.714285714285715,"bustPct":21.428571428571427}],"careerProfile":{"ppg":10.189285714285715,"gamesPlayed":28,"maxGames":51,"durabilityPct":54.90196078431373,"pos1Pct":21.428571428571427,"pos2Pct":17.857142857142858,"pos3Pct":32.142857142857146,"bustPct":28.57142857142857,"volatility":6.160106978731618,"volatilityLabel":"Moderate","seasons":3,"seasonPpgs":[{"season":2025,"ppg":5.3},{"season":2024,"ppg":9.566666666666666},{"season":2023,"ppg":11.421428571428574}],"smallSample":false},"dynasty":null,"productionRiskBenchmarks":{"position":"RB","season":2025,"qualifiedThreshold":20,"posAvg":{"yardsPerCatch":7.66027689030884,"catchPct":77.89299046038988,"tdPerTarget":3.7328909166321025,"fpPerUsage":null},"posStdDev":{"tdPerTarget":2.831404276675168},"percentile":null,"playerQualified":false},"bio":{"snapshot_bullets":["Entered the league in 2017 and developed into a depth option.","Career peak: 2023 (13.2 PPG).","Availability has been a factor recently, averaging 9.3 games over the last 3 seasons.","Enters 2026 with role volatility that can swing weekly fantasy outcomes."],"style":{"how_he_wins":"Produces through a blend of rushing volume and receiving usage, keeping weekly output stable across game scripts.","how_he_wins_tags":["Pass-game role"],"fantasy_translation":"Floor comes from consistent target volume; ceiling spikes when rushing TDs and receiving work converge.","fantasy_translation_tags":["Volume-driven","PPR boost"]},"timeline":[{"label":"2017","badge":"Early career","text":"Entered the league and began carving out a role."},{"label":"2023","badge":"Peak","text":"Career-high fantasy production with 13.2 PPG across 14 games."},{"label":"2025","badge":"Downtrend","text":"Recent production has dipped, posting 6.5 PPG in 2025."}],"career_context_tiles":[{"title":"Floor driver","text":"Receiving work"},{"title":"Ceiling driver","text":"Goal-line equity + big plays"},{"title":"Stability","text":"Stable role in offense"},{"title":"Risk note","text":"Availability"}],"narrative_paragraphs":["Austin Ekeler entered the NFL and began establishing a role at RB for the Washington Commanders."," His peak arrived in 2023, delivering his best combination of volume and fantasy output (13.2 PPG across 14 games).","For fantasy managers, his floor is driven by receiving work, while his ceiling spikes when goal-line equity + big plays hit in the same week.","The main variable going forward is availability, which can create week-to-week variance even when the overall role remains intact."],"last_updated":"2026-02-28","sources":[{"label":"Sleeper","url":"https://sleeper.com"},{"label":"NFL","url":"https://www.nfl.com/players/"},{"label":"Pro-Football-Reference","url":"https://www.pro-football-reference.com"}]}}