[{"week":1,"opp":"CAR","stats":{"pts_ppr":1.1,"pts_half_ppr":1.1,"off_snp":4,"tm_off_snp":66,"rush_att":3,"rush_yd":11,"rush_td":0,"rec_tgt":0,"rec":0,"rec_yd":0,"rec_td":0,"target_share":0,"team_pass_rate":53.4,"team_tgt":39,"team_pass_att":31},"pos_rank":59,"opp_rank_vs_pos":19,"game_status":"active","score":{"tm":26,"opp":10,"r":"W"}},{"week":2,"opp":"CIN","stats":{"pts_ppr":15.4,"pts_half_ppr":14.4,"off_snp":18,"tm_off_snp":71,"rush_att":8,"rush_yd":42,"rush_td":0,"rec_tgt":2,"rec":2,"rec_yd":32,"rec_td":1,"target_share":3.8,"team_pass_rate":60.9,"team_tgt":53,"team_pass_att":42},"pos_rank":17,"opp_rank_vs_pos":29,"game_status":"active","score":{"tm":27,"opp":31,"r":"L"}},{"week":3,"opp":"HOU","stats":{"pts_ppr":8.1,"pts_half_ppr":8.1,"off_snp":12,"tm_off_snp":70,"rush_att":6,"rush_yd":21,"rush_td":1,"rec_tgt":1,"rec":0,"rec_yd":0,"rec_td":0,"target_share":2.4,"team_pass_rate":62.5,"team_tgt":42,"team_pass_att":40},"pos_rank":27,"opp_rank_vs_pos":8,"game_status":"active","score":{"tm":17,"opp":10,"r":"W"}},{"week":4,"opp":"SF","stats":{"pts_ppr":3.2,"pts_half_ppr":2.7,"off_snp":16,"tm_off_snp":68,"rush_att":4,"rush_yd":14,"rush_td":0,"rec_tgt":1,"rec":1,"rec_yd":8,"rec_td":0,"target_share":2.7,"team_pass_rate":49.2,"team_tgt":37,"team_pass_att":31},"pos_rank":55,"opp_rank_vs_pos":16,"game_status":"active","score":{"tm":26,"opp":21,"r":"W"}},{"week":5,"opp":"KC","stats":{"pts_ppr":2.1,"pts_half_ppr":1.6,"off_snp":12,"tm_off_snp":58,"rush_att":4,"rush_yd":6,"rush_td":0,"rec_tgt":1,"rec":1,"rec_yd":5,"rec_td":0,"target_share":3.2,"team_pass_rate":49,"team_tgt":31,"team_pass_att":25},"pos_rank":62,"opp_rank_vs_pos":7,"game_status":"active","score":{"tm":31,"opp":28,"r":"W"}},{"week":6,"opp":"SEA","stats":{"pts_ppr":4.8,"pts_half_ppr":3.8,"off_snp":11,"tm_off_snp":76,"rush_att":2,"rush_yd":14,"rush_td":0,"rec_tgt":3,"rec":2,"rec_yd":14,"rec_td":0,"target_share":6.5,"team_pass_rate":67.7,"team_tgt":46,"team_pass_att":42},"pos_rank":46,"opp_rank_vs_pos":1,"game_status":"active","score":{"tm":12,"opp":20,"r":"L"}},{"week":7,"opp":"LAR","stats":{"pts_ppr":2.2,"pts_half_ppr":2.2,"off_snp":22,"tm_off_snp":77,"rush_att":5,"rush_yd":22,"rush_td":0,"rec_tgt":0,"rec":0,"rec_yd":0,"rec_td":0,"target_share":0,"team_pass_rate":71.6,"team_tgt":47,"team_pass_att":48},"pos_rank":48,"opp_rank_vs_pos":10,"game_status":"active","score":{"tm":7,"opp":35,"r":"L"}},{"week":8,"opp":"BYE","stats":{"pts_ppr":0},"game_status":"bye"},{"week":9,"opp":"LV","stats":{"pts_ppr":9.6,"pts_half_ppr":9.1,"off_snp":20,"tm_off_snp":80,"rush_att":9,"rush_yd":29,"rush_td":1,"rec_tgt":1,"rec":1,"rec_yd":-3,"rec_td":0,"target_share":2.6,"team_pass_rate":44.7,"team_tgt":39,"team_pass_att":34},"pos_rank":23,"opp_rank_vs_pos":11,"game_status":"active","score":{"tm":30,"opp":29,"r":"W"}},{"week":10,"opp":"HOU","stats":{"pts_ppr":2,"pts_half_ppr":1.5,"off_snp":17,"tm_off_snp":62,"rush_att":4,"rush_yd":5,"rush_td":0,"rec_tgt":2,"rec":1,"rec_yd":5,"rec_td":0,"target_share":8.7,"team_pass_rate":46,"team_tgt":23,"team_pass_att":23},"pos_rank":53,"opp_rank_vs_pos":8,"game_status":"active","score":{"tm":29,"opp":36,"r":"L"}},{"week":11,"opp":"LAC","stats":{"pts_ppr":13.4,"pts_half_ppr":13.4,"off_snp":23,"tm_off_snp":71,"rush_att":15,"rush_yd":74,"rush_td":1,"rec_tgt":0,"rec":0,"rec_yd":0,"rec_td":0,"target_share":0,"team_pass_rate":31.9,"team_tgt":22,"team_pass_att":22},"pos_rank":15,"opp_rank_vs_pos":4,"game_status":"active","score":{"tm":35,"opp":6,"r":"W"}},{"week":12,"opp":"ARI","stats":{"pts_ppr":1.7,"pts_half_ppr":1.7,"off_snp":13,"tm_off_snp":62,"rush_att":7,"rush_yd":17,"rush_td":0,"rec_tgt":1,"rec":0,"rec_yd":0,"rec_td":0,"target_share":3.3,"team_pass_rate":51.7,"team_tgt":30,"team_pass_att":30},"pos_rank":50,"opp_rank_vs_pos":30,"game_status":"active","score":{"tm":27,"opp":24,"r":"W"}},{"week":13,"opp":"TEN","stats":{"pts_ppr":8.9,"pts_half_ppr":8.4,"off_snp":18,"tm_off_snp":63,"rush_att":8,"rush_yd":17,"rush_td":1,"rec_tgt":1,"rec":1,"rec_yd":2,"rec_td":0,"target_share":4,"team_pass_rate":50,"team_tgt":25,"team_pass_att":27},"pos_rank":36,"opp_rank_vs_pos":22,"game_status":"active","score":{"tm":25,"opp":3,"r":"W"}},{"week":14,"opp":"IND","stats":{"pts_ppr":-1.5,"pts_half_ppr":-1.5,"off_snp":2,"tm_off_snp":64,"rush_att":2,"rush_yd":5,"rush_td":0,"rec_tgt":0,"rec":0,"rec_yd":0,"rec_td":0,"target_share":0,"team_pass_rate":49.2,"team_tgt":31,"team_pass_att":31},"pos_rank":66,"opp_rank_vs_pos":9,"game_status":"active","score":{"tm":36,"opp":19,"r":"W"}},{"week":15,"opp":"NYJ","stats":{"pts_ppr":9.3,"pts_half_ppr":8.8,"off_snp":11,"tm_off_snp":62,"rush_att":1,"rush_yd":7,"rush_td":0,"rec_tgt":1,"rec":1,"rec_yd":16,"rec_td":1,"target_share":3.6,"team_pass_rate":54.2,"team_tgt":28,"team_pass_att":32},"pos_rank":29,"opp_rank_vs_pos":32,"game_status":"active","score":{"tm":48,"opp":20,"r":"W"}},{"week":16,"opp":"—","stats":{"pts_ppr":0},"game_status":"out"},{"week":17,"opp":"—","stats":{"pts_ppr":0},"game_status":"out"},{"week":18,"opp":"TEN","stats":{"pts_ppr":8.3,"pts_half_ppr":8.3,"off_snp":0,"tm_off_snp":0,"rush_att":5,"rush_yd":23,"rush_td":1,"rec_tgt":0,"rec":0,"rec_yd":0,"rec_td":0,"target_share":0,"team_pass_rate":57.1,"team_tgt":31,"team_pass_att":32},"pos_rank":22,"opp_rank_vs_pos":22,"game_status":"active","score":{"tm":41,"opp":7,"r":"W"}}]