{"id":"12490","name":"Bhayshul Tuten","slug":"bhayshul-tuten","position":"RB","team":"JAX","status":"Active","injury_status":null,"age":24,"height":"69","weight":"209","number":33,"depth_chart_order":2,"years_exp":1,"headshotUrl":null,"season":2025,"seasonLabel":"2025 Season Final","seasonRank":57,"trends":{"weeklyFantasyPoints":[1.1,14.4,8.1,2.7,1.6,3.8,2.2,9.1,1.5,13.4,1.7,8.4,-1.5,8.8,8.3]},"gameLog":[{"week":1,"opp":"CAR","stats":{"pts_ppr":1.1,"pts_half_ppr":1.1,"off_snp":4,"tm_off_snp":66,"rush_att":3,"rush_yd":11,"rush_td":0,"rec_tgt":0,"rec":0,"rec_yd":0,"rec_td":0,"target_share":0,"team_pass_rate":53.4,"team_tgt":39,"team_pass_att":31},"pos_rank":64,"opp_rank_vs_pos":19,"game_status":"active","score":{"tm":26,"opp":10,"r":"W"}},{"week":2,"opp":"CIN","stats":{"pts_ppr":15.4,"pts_half_ppr":14.4,"off_snp":18,"tm_off_snp":71,"rush_att":8,"rush_yd":42,"rush_td":0,"rec_tgt":2,"rec":2,"rec_yd":32,"rec_td":1,"target_share":3.8,"team_pass_rate":60.9,"team_tgt":53,"team_pass_att":42},"pos_rank":18,"opp_rank_vs_pos":30,"game_status":"active","score":{"tm":27,"opp":31,"r":"L"}},{"week":3,"opp":"HOU","stats":{"pts_ppr":8.1,"pts_half_ppr":8.1,"off_snp":12,"tm_off_snp":70,"rush_att":6,"rush_yd":21,"rush_td":1,"rec_tgt":1,"rec":0,"rec_yd":0,"rec_td":0,"target_share":2.4,"team_pass_rate":62.5,"team_tgt":42,"team_pass_att":40},"pos_rank":30,"opp_rank_vs_pos":9,"game_status":"active","score":{"tm":17,"opp":10,"r":"W"}},{"week":4,"opp":"SF","stats":{"pts_ppr":3.2,"pts_half_ppr":2.7,"off_snp":16,"tm_off_snp":68,"rush_att":4,"rush_yd":14,"rush_td":0,"rec_tgt":1,"rec":1,"rec_yd":8,"rec_td":0,"target_share":2.7,"team_pass_rate":49.2,"team_tgt":37,"team_pass_att":31},"pos_rank":54,"opp_rank_vs_pos":22,"game_status":"active","score":{"tm":26,"opp":21,"r":"W"}},{"week":5,"opp":"KC","stats":{"pts_ppr":2.1,"pts_half_ppr":1.6,"off_snp":12,"tm_off_snp":58,"rush_att":4,"rush_yd":6,"rush_td":0,"rec_tgt":1,"rec":1,"rec_yd":5,"rec_td":0,"target_share":3.2,"team_pass_rate":49,"team_tgt":31,"team_pass_att":25},"pos_rank":57,"opp_rank_vs_pos":6,"game_status":"active","score":{"tm":31,"opp":28,"r":"W"}},{"week":6,"opp":"SEA","stats":{"pts_ppr":4.8,"pts_half_ppr":3.8,"off_snp":11,"tm_off_snp":76,"rush_att":2,"rush_yd":14,"rush_td":0,"rec_tgt":3,"rec":2,"rec_yd":14,"rec_td":0,"target_share":6.5,"team_pass_rate":67.7,"team_tgt":46,"team_pass_att":42},"pos_rank":45,"opp_rank_vs_pos":4,"game_status":"active","score":{"tm":12,"opp":20,"r":"L"}},{"week":7,"opp":"LAR","stats":{"pts_ppr":2.2,"pts_half_ppr":2.2,"off_snp":22,"tm_off_snp":77,"rush_att":5,"rush_yd":22,"rush_td":0,"rec_tgt":0,"rec":0,"rec_yd":0,"rec_td":0,"target_share":0,"team_pass_rate":71.6,"team_tgt":47,"team_pass_att":48},"pos_rank":51,"opp_rank_vs_pos":10,"game_status":"active","score":{"tm":7,"opp":35,"r":"L"}},{"week":8,"opp":"BYE","stats":{"pts_ppr":0},"game_status":"bye"},{"week":9,"opp":"LV","stats":{"pts_ppr":9.6,"pts_half_ppr":9.1,"off_snp":20,"tm_off_snp":80,"rush_att":9,"rush_yd":29,"rush_td":1,"rec_tgt":1,"rec":1,"rec_yd":-3,"rec_td":0,"target_share":2.6,"team_pass_rate":44.7,"team_tgt":39,"team_pass_att":34},"pos_rank":23,"opp_rank_vs_pos":13,"game_status":"active","score":{"tm":30,"opp":29,"r":"W"}},{"week":10,"opp":"HOU","stats":{"pts_ppr":2,"pts_half_ppr":1.5,"off_snp":17,"tm_off_snp":62,"rush_att":4,"rush_yd":5,"rush_td":0,"rec_tgt":2,"rec":1,"rec_yd":5,"rec_td":0,"target_share":8.7,"team_pass_rate":46,"team_tgt":23,"team_pass_att":23},"pos_rank":53,"opp_rank_vs_pos":9,"game_status":"active","score":{"tm":29,"opp":36,"r":"L"}},{"week":11,"opp":"LAC","stats":{"pts_ppr":13.4,"pts_half_ppr":13.4,"off_snp":23,"tm_off_snp":71,"rush_att":15,"rush_yd":74,"rush_td":1,"rec_tgt":0,"rec":0,"rec_yd":0,"rec_td":0,"target_share":0,"team_pass_rate":31.9,"team_tgt":22,"team_pass_att":22},"pos_rank":18,"opp_rank_vs_pos":2,"game_status":"active","score":{"tm":35,"opp":6,"r":"W"}},{"week":12,"opp":"ARI","stats":{"pts_ppr":1.7,"pts_half_ppr":1.7,"off_snp":13,"tm_off_snp":62,"rush_att":7,"rush_yd":17,"rush_td":0,"rec_tgt":1,"rec":0,"rec_yd":0,"rec_td":0,"target_share":3.3,"team_pass_rate":51.7,"team_tgt":30,"team_pass_att":30},"pos_rank":52,"opp_rank_vs_pos":29,"game_status":"active","score":{"tm":27,"opp":24,"r":"W"}},{"week":13,"opp":"TEN","stats":{"pts_ppr":8.9,"pts_half_ppr":8.4,"off_snp":18,"tm_off_snp":63,"rush_att":8,"rush_yd":17,"rush_td":1,"rec_tgt":1,"rec":1,"rec_yd":2,"rec_td":0,"target_share":4,"team_pass_rate":50,"team_tgt":25,"team_pass_att":27},"pos_rank":40,"opp_rank_vs_pos":18,"game_status":"active","score":{"tm":25,"opp":3,"r":"W"}},{"week":14,"opp":"IND","stats":{"pts_ppr":-1.5,"pts_half_ppr":-1.5,"off_snp":2,"tm_off_snp":64,"rush_att":2,"rush_yd":5,"rush_td":0,"rec_tgt":0,"rec":0,"rec_yd":0,"rec_td":0,"target_share":0,"team_pass_rate":49.2,"team_tgt":31,"team_pass_att":31},"pos_rank":77,"opp_rank_vs_pos":8,"game_status":"active","score":{"tm":36,"opp":19,"r":"W"}},{"week":15,"opp":"NYJ","stats":{"pts_ppr":9.3,"pts_half_ppr":8.8,"off_snp":11,"tm_off_snp":62,"rush_att":1,"rush_yd":7,"rush_td":0,"rec_tgt":1,"rec":1,"rec_yd":16,"rec_td":1,"target_share":3.6,"team_pass_rate":54.2,"team_tgt":28,"team_pass_att":32},"pos_rank":31,"opp_rank_vs_pos":32,"game_status":"active","score":{"tm":48,"opp":20,"r":"W"}},{"week":16,"opp":"—","stats":{"pts_ppr":0},"game_status":"out"},{"week":17,"opp":"—","stats":{"pts_ppr":0},"game_status":"out"},{"week":18,"opp":"TEN","stats":{"pts_ppr":8.3,"pts_half_ppr":8.3,"off_snp":0,"tm_off_snp":0,"rush_att":5,"rush_yd":23,"rush_td":1,"rec_tgt":0,"rec":0,"rec_yd":0,"rec_td":0,"target_share":0,"team_pass_rate":57.1,"team_tgt":31,"team_pass_att":32},"pos_rank":24,"opp_rank_vs_pos":18,"game_status":"active","score":{"tm":41,"opp":7,"r":"W"}}],"news":[],"availableSeasons":[2025,2024,2023],"multiSeasonStats":[{"season":2025,"ppg":5.573333333333334,"gamesPlayed":15,"pos1Pct":0,"pos2Pct":26.666666666666668,"pos3Pct":13.333333333333334,"bustPct":60}],"careerProfile":null,"dynasty":{"rank":106,"positionalRank":27,"value":4427,"overallTier":10,"positionalTier":8,"trend30":3,"trend7":-1,"posTrend30":3,"posTrend7":2,"age":23,"position":"RB","team":"JAC","adp":23,"startupAdp":117,"tradeCount":51,"ageCurveTier":"Prime","ktcSlug":"bhayshul-tuten-1752","draftRound":4,"draftPick":2,"draftYear":2025,"sf":{"rank":127,"positionalRank":29,"value":3461,"overallTier":15,"positionalTier":8,"trend30":-2,"trend7":-6,"posTrend30":1,"posTrend7":0,"adp":23,"startupAdp":119,"tradeCount":154}},"productionRiskBenchmarks":{"position":"RB","season":2025,"qualifiedThreshold":20,"posAvg":{"yardsPerCatch":7.66027689030884,"catchPct":77.89299046038988,"tdPerTarget":3.7328909166321025,"fpPerUsage":null},"posStdDev":{"tdPerTarget":2.831404276675168},"percentile":null,"playerQualified":false},"bio":{"snapshot_bullets":["Drafted 2025: Round 4, Pick 104 (JAX)","Entered the league in 2025 and developed into a weekly fantasy option.","Career peak: 2025 (5.9 PPG).","Enters 2026 as the Jacksonville Jaguars RB with a clear role in the offense."],"style":{"how_he_wins":"Primarily a rushing-based producer whose weekly output is tied to carries and touchdown opportunities.","how_he_wins_tags":["Volume runner"],"fantasy_translation":"Fantasy production tracks directly with carry volume and TD opportunities. Standard/half formats benefit most.","fantasy_translation_tags":["Rushing floor","TD equity"]},"timeline":[{"label":"2025","badge":"Drafted","text":"Selected Round 4, Pick 104 by Jacksonville Jaguars out of Virginia Tech."},{"label":"2025","badge":"Peak","text":"Career-high fantasy production with 5.9 PPG across 15 games."}],"career_context_tiles":[{"title":"Floor driver","text":"Carry volume"},{"title":"Ceiling driver","text":"Goal-line equity + big plays"},{"title":"Stability","text":"Stable role in offense"},{"title":"Risk note","text":"Scheme/usage swings"}],"narrative_paragraphs":["Bhayshul Tuten entered the NFL as a 4th-round pick (104 overall) in 2025 out of Virginia Tech. By 2026, he was seeing meaningful snaps, setting the foundation for his fantasy profile.","For fantasy managers, his floor is driven by carry volume, while his ceiling spikes when goal-line equity + big plays hit in the same week."],"last_updated":"2026-02-28","sources":[{"label":"Sleeper","url":"https://sleeper.com"},{"label":"NFL","url":"https://www.nfl.com/players/"},{"label":"Pro-Football-Reference","url":"https://www.pro-football-reference.com"}]}}