{"neighbors":[{"id":"5995","name":"Justice Hill","slug":"justice-hill","team":"BAL","position":"RB","posRank":55,"ppg":6.5},{"id":"6130","name":"Devin Singletary","slug":"devin-singletary","team":"NYG","position":"RB","posRank":56,"ppg":6.4},{"id":"9506","name":"Sean Tucker","slug":"sean-tucker","team":"TB","position":"RB","posRank":57,"ppg":6.1},{"id":"6039","name":"Ty Johnson","slug":"ty-johnson","team":"BUF","position":"RB","posRank":59,"ppg":5.9},{"id":"4988","name":"Nick Chubb","slug":"nick-chubb","team":"HOU","position":"RB","posRank":60,"ppg":5.9},{"id":"12469","name":"Dylan Sampson","slug":"dylan-sampson","team":"CLE","position":"RB","posRank":61,"ppg":5.8}],"currentRank":58,"season":2025,"format":"ppr","position":"RB"}