{"neighbors":[{"id":"11588","name":"Jawhar Jordan","slug":"jawhar-jordan","team":"HOU","position":"RB","posRank":48,"ppg":5.7},{"id":"11589","name":"Trey Benson","slug":"trey-benson","team":"ARI","position":"RB","posRank":49,"ppg":5.6},{"id":"9506","name":"Sean Tucker","slug":"sean-tucker","team":"TB","position":"RB","posRank":50,"ppg":5.6},{"id":"8205","name":"Isiah Pacheco","slug":"isiah-pacheco","team":"KC","position":"RB","posRank":52,"ppg":5.3},{"id":"6130","name":"Devin Singletary","slug":"devin-singletary","team":"NYG","position":"RB","posRank":53,"ppg":5.2},{"id":"6151","name":"Miles Sanders","slug":"miles-sanders","team":"DAL","position":"RB","posRank":54,"ppg":5.2}],"currentRank":51,"season":2025,"format":"standard","position":"RB"}