[{"week":1,"opp":"GB","stats":{"pts_ppr":22.9,"pts_half_ppr":20.4,"off_snp":72,"tm_off_snp":76,"rec_tgt":10,"rec":5,"rec_yd":119,"rec_td":1,"rush_att":0,"rush_yd":0,"rush_td":0,"target_share":34.5,"team_pass_rate":40,"team_tgt":29,"team_pass_att":34},"pos_rank":9,"opp_rank_vs_pos":8,"game_status":"active","score":{"tm":34,"opp":29,"r":"W"}},{"week":2,"opp":"—","stats":{"pts_ppr":0},"game_status":"out"},{"week":3,"opp":"—","stats":{"pts_ppr":0},"game_status":"out"},{"week":4,"opp":"—","stats":{"pts_ppr":0},"game_status":"out"},{"week":5,"opp":"BYE","stats":{"pts_ppr":0},"game_status":"bye"},{"week":6,"opp":"CLE","stats":{"pts_ppr":23.6,"pts_half_ppr":20.6,"off_snp":57,"tm_off_snp":62,"rec_tgt":9,"rec":6,"rec_yd":116,"rec_td":1,"rush_att":0,"rush_yd":0,"rush_td":0,"target_share":37.5,"team_pass_rate":38.5,"team_tgt":24,"team_pass_att":25},"pos_rank":3,"opp_rank_vs_pos":31,"game_status":"active","score":{"tm":20,"opp":16,"r":"W"}},{"week":7,"opp":"NYG","stats":{"pts_ppr":19.9,"pts_half_ppr":17.4,"off_snp":51,"tm_off_snp":66,"rec_tgt":5,"rec":5,"rec_yd":89,"rec_td":1,"rush_att":0,"rush_yd":0,"rush_td":0,"target_share":33.3,"team_pass_rate":17.9,"team_tgt":15,"team_pass_att":14},"pos_rank":6,"opp_rank_vs_pos":16,"game_status":"active","score":{"tm":28,"opp":3,"r":"W"}},{"week":8,"opp":"CIN","stats":{"pts_ppr":13.4,"pts_half_ppr":10.9,"off_snp":50,"tm_off_snp":61,"rec_tgt":6,"rec":5,"rec_yd":84,"rec_td":0,"rush_att":0,"rush_yd":0,"rush_td":0,"target_share":26.1,"team_pass_rate":27,"team_tgt":23,"team_pass_att":20},"pos_rank":36,"opp_rank_vs_pos":9,"game_status":"active","score":{"tm":37,"opp":17,"r":"W"}},{"week":9,"opp":"JAX","stats":{"pts_ppr":5.6,"pts_half_ppr":4.6,"off_snp":37,"tm_off_snp":79,"rec_tgt":4,"rec":2,"rec_yd":36,"rec_td":0,"rush_att":0,"rush_yd":0,"rush_td":0,"target_share":18.2,"team_pass_rate":32,"team_tgt":22,"team_pass_att":24},"pos_rank":56,"opp_rank_vs_pos":24,"game_status":"active","score":{"tm":28,"opp":23,"r":"W"}},{"week":10,"opp":"DAL","stats":{"pts_ppr":15.9,"pts_half_ppr":13.4,"off_snp":50,"tm_off_snp":68,"rec_tgt":7,"rec":5,"rec_yd":109,"rec_td":0,"rush_att":0,"rush_yd":0,"rush_td":0,"target_share":36.8,"team_pass_rate":37,"team_tgt":19,"team_pass_att":20},"pos_rank":14,"opp_rank_vs_pos":28,"game_status":"active","score":{"tm":34,"opp":6,"r":"W"}},{"week":11,"opp":"WAS","stats":{"pts_ppr":11.5,"pts_half_ppr":9,"off_snp":69,"tm_off_snp":71,"rec_tgt":8,"rec":5,"rec_yd":65,"rec_td":0,"rush_att":0,"rush_yd":0,"rush_td":0,"target_share":28.6,"team_pass_rate":43.1,"team_tgt":28,"team_pass_att":28},"pos_rank":39,"opp_rank_vs_pos":12,"game_status":"active","score":{"tm":26,"opp":18,"r":"W"}},{"week":12,"opp":"LAR","stats":{"pts_ppr":22.9,"pts_half_ppr":19.9,"off_snp":65,"tm_off_snp":73,"rec_tgt":7,"rec":6,"rec_yd":109,"rec_td":1,"rush_att":0,"rush_yd":0,"rush_td":0,"target_share":30.4,"team_pass_rate":36.1,"team_tgt":23,"team_pass_att":22},"pos_rank":5,"opp_rank_vs_pos":29,"game_status":"active","score":{"tm":37,"opp":20,"r":"W"}},{"week":13,"opp":"BAL","stats":{"pts_ppr":11.6,"pts_half_ppr":9.1,"off_snp":54,"tm_off_snp":56,"rec_tgt":6,"rec":5,"rec_yd":66,"rec_td":0,"rush_att":0,"rush_yd":0,"rush_td":0,"target_share":30,"team_pass_rate":32.2,"team_tgt":20,"team_pass_att":19},"pos_rank":43,"opp_rank_vs_pos":30,"game_status":"active","score":{"tm":24,"opp":19,"r":"W"}},{"week":14,"opp":"CAR","stats":{"pts_ppr":8.3,"pts_half_ppr":6.3,"off_snp":55,"tm_off_snp":58,"rec_tgt":4,"rec":4,"rec_yd":43,"rec_td":0,"rush_att":0,"rush_yd":0,"rush_td":0,"target_share":21.1,"team_pass_rate":31.3,"team_tgt":19,"team_pass_att":21},"pos_rank":47,"opp_rank_vs_pos":27,"game_status":"active","score":{"tm":22,"opp":16,"r":"W"}},{"week":15,"opp":"PIT","stats":{"pts_ppr":25,"pts_half_ppr":21,"off_snp":73,"tm_off_snp":80,"rec_tgt":11,"rec":8,"rec_yd":110,"rec_td":1,"rush_att":0,"rush_yd":0,"rush_td":0,"target_share":33.3,"team_pass_rate":49.5,"team_tgt":33,"team_pass_att":46},"pos_rank":8,"opp_rank_vs_pos":21,"game_status":"active","score":{"tm":27,"opp":13,"r":"W"}},{"week":16,"opp":"WAS","stats":{"pts_ppr":23.7,"pts_half_ppr":19.7,"off_snp":74,"tm_off_snp":74,"rec_tgt":15,"rec":8,"rec_yd":97,"rec_td":1,"rush_att":0,"rush_yd":0,"rush_td":0,"target_share":60,"team_pass_rate":8.3,"team_tgt":25,"team_pass_att":4},"pos_rank":10,"opp_rank_vs_pos":12,"game_status":"active","score":{"tm":33,"opp":36,"r":"L"}},{"week":17,"opp":"DAL","stats":{"pts_ppr":12.6,"pts_half_ppr":11.1,"off_snp":59,"tm_off_snp":65,"rec_tgt":5,"rec":3,"rec_yd":36,"rec_td":1,"rush_att":0,"rush_yd":0,"rush_td":0,"target_share":22.7,"team_pass_rate":8.3,"team_tgt":22,"team_pass_att":4},"pos_rank":31,"opp_rank_vs_pos":28,"game_status":"active","score":{"tm":41,"opp":7,"r":"W"}},{"week":18,"opp":"—","stats":{"pts_ppr":0},"game_status":"out"}]