[{"week":1,"opp":"NE","stats":{"pts_ppr":14.9,"pts_half_ppr":11.4,"off_snp":60,"tm_off_snp":66,"rec_tgt":10,"rec":7,"rec_yd":79,"rec_td":0,"rush_att":0,"rush_yd":0,"rush_td":0,"target_share":22.7,"team_pass_rate":59.8,"team_tgt":44,"team_pass_att":64},"pos_rank":24,"opp_rank_vs_pos":13,"game_status":"active","score":{"tm":25,"opp":20,"r":"W"}},{"week":2,"opp":"MIN","stats":{"pts_ppr":6.9,"pts_half_ppr":4.9,"off_snp":74,"tm_off_snp":77,"rec_tgt":6,"rec":4,"rec_yd":29,"rec_td":0,"rush_att":0,"rush_yd":0,"rush_td":0,"target_share":17.1,"team_pass_rate":57.4,"team_tgt":35,"team_pass_att":62},"pos_rank":71,"opp_rank_vs_pos":28,"game_status":"active","score":{"tm":34,"opp":28,"r":"W"}},{"week":3,"opp":"TB","stats":{"pts_ppr":22.1,"pts_half_ppr":17.6,"off_snp":66,"tm_off_snp":80,"rec_tgt":14,"rec":9,"rec_yd":131,"rec_td":0,"rush_att":0,"rush_yd":0,"rush_td":0,"target_share":40,"team_pass_rate":73.3,"team_tgt":35,"team_pass_att":66},"pos_rank":11,"opp_rank_vs_pos":26,"game_status":"active","score":{"tm":25,"opp":11,"r":"W"}},{"week":4,"opp":"WAS","stats":{"pts_ppr":38.5,"pts_half_ppr":34,"off_snp":68,"tm_off_snp":71,"rec_tgt":13,"rec":9,"rec_yd":175,"rec_td":2,"rush_att":0,"rush_yd":0,"rush_td":0,"target_share":31.7,"team_pass_rate":77.2,"team_tgt":41,"team_pass_att":78},"pos_rank":1,"opp_rank_vs_pos":32,"game_status":"active","score":{"tm":34,"opp":31,"r":"W"}},{"week":5,"opp":"LAR","stats":{"pts_ppr":18.7,"pts_half_ppr":15.7,"off_snp":78,"tm_off_snp":79,"rec_tgt":8,"rec":6,"rec_yd":127,"rec_td":0,"rush_att":0,"rush_yd":0,"rush_td":0,"target_share":23.5,"team_pass_rate":67.9,"team_tgt":34,"team_pass_att":89},"pos_rank":13,"opp_rank_vs_pos":27,"game_status":"active","score":{"tm":23,"opp":14,"r":"W"}},{"week":6,"opp":"NYJ","stats":{"pts_ppr":20.1,"pts_half_ppr":16.6,"off_snp":67,"tm_off_snp":70,"rec_tgt":9,"rec":7,"rec_yd":131,"rec_td":0,"rush_att":0,"rush_yd":0,"rush_td":0,"target_share":23.1,"team_pass_rate":63.6,"team_tgt":39,"team_pass_att":68},"pos_rank":8,"opp_rank_vs_pos":1,"game_status":"active","score":{"tm":14,"opp":20,"r":"L"}},{"week":7,"opp":"MIA","stats":{"pts_ppr":29.7,"pts_half_ppr":24.7,"off_snp":59,"tm_off_snp":72,"rec_tgt":15,"rec":10,"rec_yd":137,"rec_td":1,"rush_att":0,"rush_yd":0,"rush_td":0,"target_share":38.5,"team_pass_rate":58.9,"team_tgt":39,"team_pass_att":73},"pos_rank":2,"opp_rank_vs_pos":18,"game_status":"active","score":{"tm":31,"opp":17,"r":"W"}},{"week":8,"opp":"WAS","stats":{"pts_ppr":33,"pts_half_ppr":29,"off_snp":62,"tm_off_snp":63,"rec_tgt":8,"rec":8,"rec_yd":130,"rec_td":2,"rush_att":0,"rush_yd":0,"rush_td":0,"target_share":19,"team_pass_rate":63.4,"team_tgt":42,"team_pass_att":90},"pos_rank":3,"opp_rank_vs_pos":32,"game_status":"active","score":{"tm":38,"opp":31,"r":"W"}},{"week":9,"opp":"DAL","stats":{"pts_ppr":19.6,"pts_half_ppr":16.1,"off_snp":60,"tm_off_snp":62,"rec_tgt":9,"rec":7,"rec_yd":66,"rec_td":1,"rush_att":0,"rush_yd":0,"rush_td":0,"target_share":29,"team_pass_rate":63,"team_tgt":31,"team_pass_att":68},"pos_rank":7,"opp_rank_vs_pos":4,"game_status":"active","score":{"tm":28,"opp":23,"r":"W"}},{"week":10,"opp":"—","stats":{"pts_ppr":0},"game_status":"out"},{"week":11,"opp":"KC","stats":{"pts_ppr":1.8,"pts_half_ppr":1.3,"off_snp":53,"tm_off_snp":56,"rec_tgt":4,"rec":1,"rec_yd":8,"rec_td":0,"rush_att":0,"rush_yd":0,"rush_td":0,"target_share":16,"team_pass_rate":56.3,"team_tgt":25,"team_pass_att":67},"pos_rank":91,"opp_rank_vs_pos":5,"game_status":"active","score":{"tm":21,"opp":17,"r":"W"}},{"week":12,"opp":"BUF","stats":{"pts_ppr":14.7,"pts_half_ppr":12.2,"off_snp":62,"tm_off_snp":66,"rec_tgt":9,"rec":5,"rec_yd":37,"rec_td":1,"rush_att":0,"rush_yd":0,"rush_td":0,"target_share":30,"team_pass_rate":63.6,"team_tgt":30,"team_pass_att":75},"pos_rank":26,"opp_rank_vs_pos":7,"game_status":"active","score":{"tm":37,"opp":34,"r":"W"}},{"week":13,"opp":"SF","stats":{"pts_ppr":19.4,"pts_half_ppr":15.4,"off_snp":62,"tm_off_snp":72,"rec_tgt":13,"rec":8,"rec_yd":114,"rec_td":0,"rush_att":0,"rush_yd":0,"rush_td":0,"target_share":35.1,"team_pass_rate":69.4,"team_tgt":37,"team_pass_att":68},"pos_rank":14,"opp_rank_vs_pos":15,"game_status":"active","score":{"tm":19,"opp":42,"r":"L"}},{"week":14,"opp":"DAL","stats":{"pts_ppr":16.4,"pts_half_ppr":11.9,"off_snp":51,"tm_off_snp":55,"rec_tgt":13,"rec":9,"rec_yd":94,"rec_td":0,"rush_att":0,"rush_yd":0,"rush_td":0,"target_share":34.2,"team_pass_rate":40.3,"team_tgt":38,"team_pass_att":27},"pos_rank":22,"opp_rank_vs_pos":4,"game_status":"active","score":{"tm":13,"opp":33,"r":"L"}},{"week":15,"opp":"SEA","stats":{"pts_ppr":10.6,"pts_half_ppr":8.1,"off_snp":66,"tm_off_snp":69,"rec_tgt":10,"rec":5,"rec_yd":56,"rec_td":0,"rush_att":0,"rush_yd":0,"rush_td":0,"target_share":34.5,"team_pass_rate":67.9,"team_tgt":29,"team_pass_att":57},"pos_rank":37,"opp_rank_vs_pos":20,"game_status":"active","score":{"tm":17,"opp":20,"r":"L"}},{"week":16,"opp":"NYG","stats":{"pts_ppr":14,"pts_half_ppr":11,"off_snp":73,"tm_off_snp":75,"rec_tgt":11,"rec":6,"rec_yd":80,"rec_td":0,"rush_att":0,"rush_yd":0,"rush_td":0,"target_share":24.4,"team_pass_rate":61.2,"team_tgt":45,"team_pass_att":60},"pos_rank":31,"opp_rank_vs_pos":25,"game_status":"active","score":{"tm":33,"opp":25,"r":"W"}},{"week":17,"opp":"ARI","stats":{"pts_ppr":9.3,"pts_half_ppr":7.3,"off_snp":46,"tm_off_snp":49,"rec_tgt":5,"rec":4,"rec_yd":53,"rec_td":0,"rush_att":0,"rush_yd":0,"rush_td":0,"target_share":19.2,"team_pass_rate":57.3,"team_tgt":26,"team_pass_att":51},"pos_rank":44,"opp_rank_vs_pos":14,"game_status":"active","score":{"tm":31,"opp":35,"r":"L"}},{"week":18,"opp":"NYG","stats":{"pts_ppr":-0.1,"pts_half_ppr":-0.6,"off_snp":12,"tm_off_snp":65,"rec_tgt":1,"rec":1,"rec_yd":9,"rec_td":0,"rush_att":0,"rush_yd":0,"rush_td":0,"target_share":3.6,"team_pass_rate":61.4,"team_tgt":28,"team_pass_att":43},"pos_rank":159,"opp_rank_vs_pos":25,"game_status":"active","score":{"tm":10,"opp":27,"r":"L"}}]