[{"week":1,"opp":"DAL","stats":{"pts_ppr":1.8,"pts_half_ppr":1.3,"off_snp":55,"tm_off_snp":63,"rec_tgt":1,"rec":1,"rec_yd":8,"rec_td":0,"rush_att":0,"rush_yd":0,"rush_td":0,"target_share":5,"team_pass_rate":34.8,"team_tgt":20,"team_pass_att":23},"pos_rank":100,"opp_rank_vs_pos":32,"game_status":"active","score":{"tm":24,"opp":20,"r":"W"}},{"week":2,"opp":"KC","stats":{"pts_ppr":7.7,"pts_half_ppr":5.2,"off_snp":58,"tm_off_snp":60,"rec_tgt":8,"rec":5,"rec_yd":27,"rec_td":0,"rush_att":0,"rush_yd":0,"rush_td":0,"target_share":40,"team_pass_rate":39.3,"team_tgt":20,"team_pass_att":22},"pos_rank":67,"opp_rank_vs_pos":4,"game_status":"active","score":{"tm":20,"opp":17,"r":"W"}},{"week":3,"opp":"LAR","stats":{"pts_ppr":22.9,"pts_half_ppr":19.9,"off_snp":62,"tm_off_snp":67,"rec_tgt":10,"rec":6,"rec_yd":109,"rec_td":1,"rush_att":0,"rush_yd":0,"rush_td":0,"target_share":34.5,"team_pass_rate":54.2,"team_tgt":29,"team_pass_att":32},"pos_rank":4,"opp_rank_vs_pos":28,"game_status":"active","score":{"tm":33,"opp":26,"r":"W"}},{"week":4,"opp":"TB","stats":{"pts_ppr":2.7,"pts_half_ppr":1.7,"off_snp":55,"tm_off_snp":57,"rec_tgt":9,"rec":2,"rec_yd":7,"rec_td":0,"rush_att":0,"rush_yd":0,"rush_td":0,"target_share":40.9,"team_pass_rate":43.6,"team_tgt":22,"team_pass_att":24},"pos_rank":93,"opp_rank_vs_pos":18,"game_status":"active","score":{"tm":31,"opp":25,"r":"W"}},{"week":5,"opp":"DEN","stats":{"pts_ppr":9.3,"pts_half_ppr":6.8,"off_snp":57,"tm_off_snp":61,"rec_tgt":8,"rec":5,"rec_yd":43,"rec_td":0,"rush_att":0,"rush_yd":0,"rush_td":0,"target_share":21.6,"team_pass_rate":77.6,"team_tgt":37,"team_pass_att":38},"pos_rank":48,"opp_rank_vs_pos":9,"game_status":"active","score":{"tm":17,"opp":21,"r":"L"}},{"week":6,"opp":"NYG","stats":{"pts_ppr":14,"pts_half_ppr":11,"off_snp":55,"tm_off_snp":57,"rec_tgt":9,"rec":6,"rec_yd":80,"rec_td":0,"rush_att":0,"rush_yd":0,"rush_td":0,"target_share":28.1,"team_pass_rate":62.3,"team_tgt":32,"team_pass_att":33},"pos_rank":19,"opp_rank_vs_pos":20,"game_status":"active","score":{"tm":17,"opp":34,"r":"L"}},{"week":7,"opp":"MIN","stats":{"pts_ppr":28.1,"pts_half_ppr":26.1,"off_snp":46,"tm_off_snp":50,"rec_tgt":6,"rec":4,"rec_yd":121,"rec_td":2,"rush_att":0,"rush_yd":0,"rush_td":0,"target_share":26.1,"team_pass_rate":50,"team_tgt":23,"team_pass_att":23},"pos_rank":4,"opp_rank_vs_pos":2,"game_status":"active","score":{"tm":28,"opp":22,"r":"W"}},{"week":8,"opp":"—","stats":{"pts_ppr":0},"game_status":"out"},{"week":9,"opp":"BYE","stats":{"pts_ppr":0},"game_status":"bye"},{"week":10,"opp":"GB","stats":{"pts_ppr":3.3,"pts_half_ppr":2.3,"off_snp":49,"tm_off_snp":63,"rec_tgt":3,"rec":2,"rec_yd":13,"rec_td":0,"rush_att":0,"rush_yd":0,"rush_td":0,"target_share":13,"team_pass_rate":43.3,"team_tgt":23,"team_pass_att":26},"pos_rank":68,"opp_rank_vs_pos":23,"game_status":"active","score":{"tm":10,"opp":7,"r":"W"}},{"week":11,"opp":"DET","stats":{"pts_ppr":11.9,"pts_half_ppr":8.4,"off_snp":67,"tm_off_snp":72,"rec_tgt":11,"rec":7,"rec_yd":49,"rec_td":0,"rush_att":0,"rush_yd":0,"rush_td":0,"target_share":40.7,"team_pass_rate":41.2,"team_tgt":27,"team_pass_att":28},"pos_rank":21,"opp_rank_vs_pos":29,"game_status":"active","score":{"tm":16,"opp":9,"r":"W"}},{"week":12,"opp":"DAL","stats":{"pts_ppr":25,"pts_half_ppr":21,"off_snp":59,"tm_off_snp":63,"rec_tgt":10,"rec":8,"rec_yd":110,"rec_td":1,"rush_att":0,"rush_yd":0,"rush_td":0,"target_share":28.6,"team_pass_rate":68.4,"team_tgt":35,"team_pass_att":39},"pos_rank":5,"opp_rank_vs_pos":32,"game_status":"active","score":{"tm":21,"opp":24,"r":"L"}},{"week":13,"opp":"CHI","stats":{"pts_ppr":35.2,"pts_half_ppr":30.2,"off_snp":52,"tm_off_snp":54,"rec_tgt":12,"rec":10,"rec_yd":132,"rec_td":2,"rush_att":0,"rush_yd":0,"rush_td":0,"target_share":40,"team_pass_rate":66.7,"team_tgt":30,"team_pass_att":34},"pos_rank":1,"opp_rank_vs_pos":30,"game_status":"active","score":{"tm":15,"opp":24,"r":"L"}},{"week":14,"opp":"LAC","stats":{"pts_ppr":16,"pts_half_ppr":13,"off_snp":69,"tm_off_snp":71,"rec_tgt":13,"rec":6,"rec_yd":100,"rec_td":0,"rush_att":0,"rush_yd":0,"rush_td":0,"target_share":34.2,"team_pass_rate":61.5,"team_tgt":38,"team_pass_att":40},"pos_rank":17,"opp_rank_vs_pos":12,"game_status":"active","score":{"tm":19,"opp":22,"r":"L"}},{"week":15,"opp":"LV","stats":{"pts_ppr":12.1,"pts_half_ppr":11.1,"off_snp":50,"tm_off_snp":69,"rec_tgt":2,"rec":2,"rec_yd":41,"rec_td":1,"rush_att":0,"rush_yd":0,"rush_td":0,"target_share":11.1,"team_pass_rate":27.7,"team_tgt":18,"team_pass_att":18},"pos_rank":28,"opp_rank_vs_pos":19,"game_status":"active","score":{"tm":31,"opp":0,"r":"W"}},{"week":16,"opp":"WAS","stats":{"pts_ppr":18.5,"pts_half_ppr":14,"off_snp":61,"tm_off_snp":70,"rec_tgt":12,"rec":9,"rec_yd":95,"rec_td":0,"rush_att":0,"rush_yd":0,"rush_td":0,"target_share":41.4,"team_pass_rate":46.9,"team_tgt":29,"team_pass_att":30},"pos_rank":15,"opp_rank_vs_pos":25,"game_status":"active","score":{"tm":29,"opp":18,"r":"W"}},{"week":17,"opp":"BUF","stats":{"pts_ppr":11.8,"pts_half_ppr":9.3,"off_snp":48,"tm_off_snp":54,"rec_tgt":7,"rec":5,"rec_yd":68,"rec_td":0,"rush_att":0,"rush_yd":0,"rush_td":0,"target_share":31.8,"team_pass_rate":50.9,"team_tgt":22,"team_pass_att":27},"pos_rank":29,"opp_rank_vs_pos":5,"game_status":"active","score":{"tm":13,"opp":12,"r":"W"}},{"week":18,"opp":"—","stats":{"pts_ppr":0},"game_status":"out"}]