{"neighbors":[{"id":"8144","name":"Chris Olave","slug":"chris-olave","team":"NO","position":"WR","posRank":9,"ppg":13.7},{"id":"7569","name":"Nico Collins","slug":"nico-collins","team":"HOU","position":"WR","posRank":10,"ppg":12.7},{"id":"6801","name":"Tee Higgins","slug":"tee-higgins","team":"CIN","position":"WR","posRank":11,"ppg":12.1},{"id":"11632","name":"Malik Nabers","slug":"malik-nabers","team":"NYG","position":"WR","posRank":13,"ppg":12},{"id":"9997","name":"Zay Flowers","slug":"zay-flowers","team":"BAL","position":"WR","posRank":14,"ppg":11.8},{"id":"6786","name":"CeeDee Lamb","slug":"ceedee-lamb","team":"DAL","position":"WR","posRank":15,"ppg":11.7}],"currentRank":12,"season":2025,"format":"half","position":"WR"}