{"neighbors":[{"id":"11632","name":"Malik Nabers","slug":"malik-nabers","team":"NYG","position":"WR","posRank":12,"ppg":9.8},{"id":"8167","name":"Christian Watson","slug":"christian-watson","team":"GB","position":"WR","posRank":13,"ppg":9.7},{"id":"9997","name":"Zay Flowers","slug":"zay-flowers","team":"BAL","position":"WR","posRank":14,"ppg":9.6},{"id":"8148","name":"Jameson Williams","slug":"jameson-williams","team":"DET","position":"WR","posRank":16,"ppg":9.1},{"id":"8142","name":"Alec Pierce","slug":"alec-pierce","team":"IND","position":"WR","posRank":17,"ppg":9.1},{"id":"8146","name":"Garrett Wilson","slug":"garrett-wilson","team":"NYJ","position":"WR","posRank":18,"ppg":9.1}],"currentRank":15,"season":2025,"format":"standard","position":"WR"}