{"neighbors":[{"id":"3161","name":"Carson Wentz","slug":"carson-wentz","team":"MIN","position":"QB","posRank":24,"ppg":15.1},{"id":"12545","name":"Tyler Shough","slug":"tyler-shough","team":"NO","position":"QB","posRank":25,"ppg":14.9},{"id":"4943","name":"Sam Darnold","slug":"sam-darnold","team":"SEA","position":"QB","posRank":26,"ppg":14.7},{"id":"9228","name":"Bryce Young","slug":"bryce-young","team":"CAR","position":"QB","posRank":28,"ppg":14.3},{"id":"11565","name":"J.J. McCarthy","slug":"jj-mccarthy","team":"MIN","position":"QB","posRank":29,"ppg":13.7},{"id":"11559","name":"Michael Penix","slug":"michael-penix","team":"ATL","position":"QB","posRank":30,"ppg":13.7}],"currentRank":27,"season":2025,"format":"ppr","position":"QB"}