{"neighbors":[{"id":"12545","name":"Tyler Shough","slug":"tyler-shough","team":"NO","position":"QB","posRank":25,"ppg":15.1},{"id":"9228","name":"Bryce Young","slug":"bryce-young","team":"CAR","position":"QB","posRank":26,"ppg":14.7},{"id":"3161","name":"Carson Wentz","slug":"carson-wentz","team":"MIN","position":"QB","posRank":27,"ppg":14.7},{"id":"11565","name":"J.J. McCarthy","slug":"jj-mccarthy","team":"MIN","position":"QB","posRank":29,"ppg":13.9},{"id":"11559","name":"Michael Penix","slug":"michael-penix","team":"ATL","position":"QB","posRank":30,"ppg":13.9},{"id":"8161","name":"Malik Willis","slug":"malik-willis","team":"GB","position":"QB","posRank":31,"ppg":13.3}],"currentRank":28,"season":2025,"format":"standard","position":"QB"}