{"id":"6427","name":"Ashton Dulin","slug":"ashton-dulin","position":"WR","team":"IND","status":"Active","injury_status":null,"age":28,"height":"74","weight":"215","number":16,"depth_chart_order":4,"years_exp":7,"headshotUrl":null,"season":2025,"seasonLabel":"2025 Season Final","seasonRank":158,"trends":{"weeklyFantasyPoints":[1.5,0,0,2.8,7.5,0,0.2,0,2.2,5.8,0,0]},"gameLog":[{"week":1,"opp":"MIA","stats":{"pts_ppr":1.5,"pts_half_ppr":1.5,"off_snp":10,"tm_off_snp":73,"rec_tgt":0,"rec":0,"rec_yd":0,"rec_td":0,"rush_att":1,"rush_yd":15,"rush_td":0,"target_share":0,"team_pass_rate":42,"team_tgt":27,"team_pass_att":29},"pos_rank":105,"opp_rank_vs_pos":13,"game_status":"active","score":{"tm":33,"opp":8,"r":"W"}},{"week":2,"opp":"DEN","stats":{"pts_ppr":0,"pts_half_ppr":null,"off_snp":10,"tm_off_snp":71,"rec_tgt":0,"rec":0,"rec_yd":0,"rec_td":0,"rush_att":0,"rush_yd":0,"rush_td":0,"target_share":0,"team_pass_rate":51.5,"team_tgt":29,"team_pass_att":34},"pos_rank":132,"opp_rank_vs_pos":9,"game_status":"active","score":{"tm":29,"opp":28,"r":"W"}},{"week":3,"opp":"TEN","stats":{"pts_ppr":0,"pts_half_ppr":null,"off_snp":9,"tm_off_snp":57,"rec_tgt":0,"rec":0,"rec_yd":0,"rec_td":0,"rush_att":0,"rush_yd":0,"rush_td":0,"target_share":0,"team_pass_rate":47.2,"team_tgt":23,"team_pass_att":25},"pos_rank":126,"opp_rank_vs_pos":21,"game_status":"active","score":{"tm":41,"opp":20,"r":"W"}},{"week":4,"opp":"LAR","stats":{"pts_ppr":2.8,"pts_half_ppr":2.3,"off_snp":12,"tm_off_snp":61,"rec_tgt":1,"rec":1,"rec_yd":11,"rec_td":0,"rush_att":1,"rush_yd":7,"rush_td":0,"target_share":3.6,"team_pass_rate":61.1,"team_tgt":28,"team_pass_att":33},"pos_rank":90,"opp_rank_vs_pos":28,"game_status":"active","score":{"tm":20,"opp":27,"r":"L"}},{"week":5,"opp":"LV","stats":{"pts_ppr":7.5,"pts_half_ppr":6.5,"off_snp":47,"tm_off_snp":66,"rec_tgt":5,"rec":2,"rec_yd":55,"rec_td":0,"rush_att":0,"rush_yd":0,"rush_td":0,"target_share":17.9,"team_pass_rate":55.4,"team_tgt":28,"team_pass_att":31},"pos_rank":55,"opp_rank_vs_pos":19,"game_status":"active","score":{"tm":40,"opp":6,"r":"W"}},{"week":6,"opp":"ARI","stats":{"pts_ppr":0,"pts_half_ppr":null,"off_snp":1,"tm_off_snp":59,"rec_tgt":0,"rec":0,"rec_yd":0,"rec_td":0,"rush_att":0,"rush_yd":0,"rush_td":0,"target_share":0,"team_pass_rate":52.6,"team_tgt":30,"team_pass_att":30},"pos_rank":108,"opp_rank_vs_pos":15,"game_status":"active","score":{"tm":31,"opp":27,"r":"W"}},{"week":7,"opp":"—","stats":{"pts_ppr":0},"game_status":"out"},{"week":8,"opp":"TEN","stats":{"pts_ppr":0.2,"pts_half_ppr":-0.3,"off_snp":13,"tm_off_snp":53,"rec_tgt":1,"rec":1,"rec_yd":-8,"rec_td":0,"rush_att":0,"rush_yd":0,"rush_td":0,"target_share":3.7,"team_pass_rate":63.3,"team_tgt":27,"team_pass_att":31},"pos_rank":96,"opp_rank_vs_pos":21,"game_status":"active","score":{"tm":38,"opp":14,"r":"W"}},{"week":9,"opp":"PIT","stats":{"pts_ppr":0,"pts_half_ppr":null,"off_snp":6,"tm_off_snp":78,"rec_tgt":0,"rec":0,"rec_yd":0,"rec_td":0,"rush_att":0,"rush_yd":0,"rush_td":0,"target_share":0,"team_pass_rate":73.5,"team_tgt":47,"team_pass_att":50},"pos_rank":107,"opp_rank_vs_pos":31,"game_status":"active","score":{"tm":20,"opp":27,"r":"L"}},{"week":10,"opp":"ATL","stats":{"pts_ppr":2.2,"pts_half_ppr":2.2,"off_snp":15,"tm_off_snp":77,"rec_tgt":0,"rec":0,"rec_yd":0,"rec_td":0,"rush_att":1,"rush_yd":22,"rush_td":0,"target_share":0,"team_pass_rate":38.8,"team_tgt":26,"team_pass_att":26},"pos_rank":81,"opp_rank_vs_pos":22,"game_status":"active","score":{"tm":31,"opp":25,"r":"W"}},{"week":11,"opp":"BYE","stats":{"pts_ppr":0},"game_status":"bye"},{"week":12,"opp":"KC","stats":{"pts_ppr":5.8,"pts_half_ppr":5.3,"off_snp":9,"tm_off_snp":51,"rec_tgt":1,"rec":1,"rec_yd":48,"rec_td":0,"rush_att":0,"rush_yd":0,"rush_td":0,"target_share":3.2,"team_pass_rate":62,"team_tgt":31,"team_pass_att":31},"pos_rank":50,"opp_rank_vs_pos":4,"game_status":"active","score":{"tm":20,"opp":23,"r":"L"}},{"week":13,"opp":"—","stats":{"pts_ppr":0},"game_status":"out"},{"week":14,"opp":"—","stats":{"pts_ppr":0},"game_status":"out"},{"week":15,"opp":"—","stats":{"pts_ppr":0},"game_status":"out"},{"week":16,"opp":"—","stats":{"pts_ppr":0},"game_status":"out"},{"week":17,"opp":"JAX","stats":{"pts_ppr":0,"pts_half_ppr":null,"off_snp":7,"tm_off_snp":57,"rec_tgt":0,"rec":0,"rec_yd":0,"rec_td":0,"rush_att":0,"rush_yd":0,"rush_td":0,"target_share":0,"team_pass_rate":58.5,"team_tgt":29,"team_pass_att":31},"pos_rank":125,"opp_rank_vs_pos":17,"game_status":"active","score":{"tm":17,"opp":23,"r":"L"}},{"week":18,"opp":"HOU","stats":{"pts_ppr":0,"pts_half_ppr":null,"off_snp":0,"tm_off_snp":0,"rec_tgt":2,"rec":0,"rec_yd":0,"rec_td":0,"rush_att":0,"rush_yd":0,"rush_td":0,"target_share":6.1,"team_pass_rate":54.8,"team_tgt":33,"team_pass_att":34},"pos_rank":112,"opp_rank_vs_pos":1,"game_status":"active","score":{"tm":30,"opp":38,"r":"L"}}],"news":[],"availableSeasons":[2025,2024,2023],"multiSeasonStats":[{"season":2025,"ppg":1.6666666666666667,"gamesPlayed":12,"pos1Pct":0,"pos2Pct":0,"pos3Pct":0,"bustPct":100},{"season":2024,"ppg":1.28,"gamesPlayed":15,"pos1Pct":0,"pos2Pct":0,"pos3Pct":6.666666666666667,"bustPct":93.33333333333333}],"careerProfile":{"ppg":1.451851851851852,"gamesPlayed":27,"maxGames":34,"durabilityPct":79.41176470588235,"pos1Pct":0,"pos2Pct":0,"pos3Pct":3.7037037037037033,"bustPct":96.29629629629629,"volatility":2.8597162810281027,"volatilityLabel":"Low","seasons":2,"seasonPpgs":[{"season":2025,"ppg":1.6666666666666667},{"season":2024,"ppg":1.28}],"smallSample":false},"dynasty":null,"productionRiskBenchmarks":{"position":"WR","season":2025,"qualifiedThreshold":30,"posAvg":{"yardsPerCatch":12.673226111636708,"catchPct":62.692763938315544,"tdPerTarget":4.875444839857651,"fpPerUsage":null},"posStdDev":{"tdPerTarget":2.782068497049174},"percentile":null,"playerQualified":false}}