{"neighbors":[{"id":"12523","name":"Jimmy Horn","slug":"jimmy-horn","team":"CAR","position":"WR","posRank":149,"ppg":1.4},{"id":"11806","name":"Casey Washington","slug":"casey-washington","team":"ATL","position":"WR","posRank":150,"ppg":1.3},{"id":"5185","name":"Allen Lazard","slug":"allen-lazard","team":"FA","position":"WR","posRank":151,"ppg":1.3},{"id":"11633","name":"Jamari Thrash","slug":"jamari-thrash","team":"CLE","position":"WR","posRank":153,"ppg":1.2},{"id":"1689","name":"Adam Thielen","slug":"adam-thielen","team":"FA","position":"WR","posRank":154,"ppg":1.2},{"id":"5096","name":"Ray-Ray McCloud","slug":"ray-ray-mccloud","team":"FA","position":"WR","posRank":155,"ppg":1.2}],"currentRank":152,"season":2025,"format":"standard","position":"WR"}