[{"week":1,"opp":"NYG","stats":{"pts_ppr":0,"pts_half_ppr":null,"off_snp":8,"tm_off_snp":70,"rec_tgt":0,"rec":0,"rec_yd":0,"rec_td":0,"rush_att":0,"rush_yd":0,"rush_td":0,"target_share":0,"team_pass_rate":48.4,"team_tgt":29,"team_pass_att":30},"pos_rank":89,"opp_rank_vs_pos":5,"game_status":"active","score":{"tm":21,"opp":6,"r":"W"}},{"week":2,"opp":"GB","stats":{"pts_ppr":1.7,"pts_half_ppr":1.2,"off_snp":3,"tm_off_snp":69,"rec_tgt":1,"rec":1,"rec_yd":7,"rec_td":0,"rush_att":0,"rush_yd":0,"rush_td":0,"target_share":2.5,"team_pass_rate":68.9,"team_tgt":40,"team_pass_att":42},"pos_rank":48,"opp_rank_vs_pos":6,"game_status":"active","score":{"tm":18,"opp":27,"r":"L"}},{"week":3,"opp":"LV","stats":{"pts_ppr":0,"pts_half_ppr":null,"off_snp":33,"tm_off_snp":58,"rec_tgt":0,"rec":0,"rec_yd":0,"rec_td":0,"rush_att":0,"rush_yd":0,"rush_td":0,"target_share":0,"team_pass_rate":39.6,"team_tgt":18,"team_pass_att":21},"pos_rank":90,"opp_rank_vs_pos":4,"game_status":"active","score":{"tm":41,"opp":24,"r":"W"}},{"week":4,"opp":"ATL","stats":{"pts_ppr":0,"pts_half_ppr":null,"off_snp":27,"tm_off_snp":57,"rec_tgt":0,"rec":0,"rec_yd":0,"rec_td":0,"rush_att":0,"rush_yd":0,"rush_td":0,"target_share":0,"team_pass_rate":55.1,"team_tgt":23,"team_pass_att":27},"pos_rank":94,"opp_rank_vs_pos":3,"game_status":"active","score":{"tm":27,"opp":34,"r":"L"}},{"week":5,"opp":"LAC","stats":{"pts_ppr":0,"pts_half_ppr":null,"off_snp":19,"tm_off_snp":59,"rec_tgt":0,"rec":0,"rec_yd":0,"rec_td":0,"rush_att":0,"rush_yd":0,"rush_td":0,"target_share":0,"team_pass_rate":48.1,"team_tgt":22,"team_pass_att":26},"pos_rank":82,"opp_rank_vs_pos":9,"game_status":"active","score":{"tm":27,"opp":10,"r":"W"}},{"week":6,"opp":"CHI","stats":{"pts_ppr":0,"pts_half_ppr":null,"off_snp":17,"tm_off_snp":65,"rec_tgt":0,"rec":0,"rec_yd":0,"rec_td":0,"rush_att":0,"rush_yd":0,"rush_td":0,"target_share":0,"team_pass_rate":45.6,"team_tgt":24,"team_pass_att":26},"pos_rank":89,"opp_rank_vs_pos":13,"game_status":"active","score":{"tm":24,"opp":25,"r":"L"}},{"week":7,"opp":"DAL","stats":{"pts_ppr":0,"pts_half_ppr":null,"off_snp":20,"tm_off_snp":67,"rec_tgt":0,"rec":0,"rec_yd":0,"rec_td":0,"rush_att":0,"rush_yd":0,"rush_td":0,"target_share":0,"team_pass_rate":53.3,"team_tgt":27,"team_pass_att":32},"pos_rank":83,"opp_rank_vs_pos":11,"game_status":"active","score":{"tm":22,"opp":44,"r":"L"}},{"week":8,"opp":"KC","stats":{"pts_ppr":3.2,"pts_half_ppr":2.7,"off_snp":11,"tm_off_snp":53,"rec_tgt":1,"rec":1,"rec_yd":22,"rec_td":0,"rush_att":0,"rush_yd":0,"rush_td":0,"target_share":3.3,"team_pass_rate":60,"team_tgt":30,"team_pass_att":30},"pos_rank":30,"opp_rank_vs_pos":10,"game_status":"active","score":{"tm":7,"opp":28,"r":"L"}},{"week":9,"opp":"SEA","stats":{"pts_ppr":0,"pts_half_ppr":null,"off_snp":17,"tm_off_snp":65,"rec_tgt":0,"rec":0,"rec_yd":0,"rec_td":0,"rush_att":0,"rush_yd":0,"rush_td":0,"target_share":0,"team_pass_rate":37.9,"team_tgt":21,"team_pass_att":22},"pos_rank":76,"opp_rank_vs_pos":20,"game_status":"active","score":{"tm":14,"opp":38,"r":"L"}},{"week":10,"opp":"DET","stats":{"pts_ppr":7.4,"pts_half_ppr":6.9,"off_snp":21,"tm_off_snp":54,"rec_tgt":1,"rec":1,"rec_yd":4,"rec_td":1,"rush_att":0,"rush_yd":0,"rush_td":0,"target_share":5.6,"team_pass_rate":44.9,"team_tgt":18,"team_pass_att":22},"pos_rank":14,"opp_rank_vs_pos":18,"game_status":"active","score":{"tm":22,"opp":44,"r":"L"}},{"week":11,"opp":"—","stats":{"pts_ppr":0},"game_status":"out"},{"week":12,"opp":"BYE","stats":{"pts_ppr":0},"game_status":"bye"},{"week":13,"opp":"DEN","stats":{"pts_ppr":0,"pts_half_ppr":null,"off_snp":15,"tm_off_snp":90,"rec_tgt":0,"rec":0,"rec_yd":0,"rec_td":0,"rush_att":0,"rush_yd":0,"rush_td":0,"target_share":0,"team_pass_rate":60.2,"team_tgt":45,"team_pass_att":50},"pos_rank":92,"opp_rank_vs_pos":17,"game_status":"active","score":{"tm":26,"opp":27,"r":"L"}},{"week":14,"opp":"MIN","stats":{"pts_ppr":1.8,"pts_half_ppr":1.3,"off_snp":13,"tm_off_snp":52,"rec_tgt":1,"rec":1,"rec_yd":8,"rec_td":0,"rush_att":0,"rush_yd":0,"rush_td":0,"target_share":5,"team_pass_rate":51.1,"team_tgt":20,"team_pass_att":24},"pos_rank":48,"opp_rank_vs_pos":8,"game_status":"active","score":{"tm":0,"opp":31,"r":"L"}},{"week":15,"opp":"NYG","stats":{"pts_ppr":4.6,"pts_half_ppr":4.1,"off_snp":35,"tm_off_snp":61,"rec_tgt":1,"rec":1,"rec_yd":36,"rec_td":0,"rush_att":0,"rush_yd":0,"rush_td":0,"target_share":6.3,"team_pass_rate":33.9,"team_tgt":16,"team_pass_att":19},"pos_rank":22,"opp_rank_vs_pos":5,"game_status":"active","score":{"tm":29,"opp":21,"r":"W"}},{"week":16,"opp":"PHI","stats":{"pts_ppr":1.5,"pts_half_ppr":1,"off_snp":37,"tm_off_snp":54,"rec_tgt":2,"rec":1,"rec_yd":5,"rec_td":0,"rush_att":0,"rush_yd":0,"rush_td":0,"target_share":10,"team_pass_rate":46.9,"team_tgt":20,"team_pass_att":23},"pos_rank":57,"opp_rank_vs_pos":1,"game_status":"active","score":{"tm":18,"opp":29,"r":"L"}},{"week":17,"opp":"DAL","stats":{"pts_ppr":5.9,"pts_half_ppr":4.4,"off_snp":27,"tm_off_snp":44,"rec_tgt":4,"rec":3,"rec_yd":29,"rec_td":0,"rush_att":0,"rush_yd":0,"rush_td":0,"target_share":19,"team_pass_rate":59,"team_tgt":21,"team_pass_att":23},"pos_rank":27,"opp_rank_vs_pos":11,"game_status":"active","score":{"tm":23,"opp":30,"r":"L"}},{"week":18,"opp":"PHI","stats":{"pts_ppr":2.3,"pts_half_ppr":1.3,"off_snp":0,"tm_off_snp":0,"rec_tgt":2,"rec":2,"rec_yd":3,"rec_td":0,"rush_att":0,"rush_yd":0,"rush_td":0,"target_share":10.5,"team_pass_rate":34.9,"team_tgt":19,"team_pass_att":22},"pos_rank":59,"opp_rank_vs_pos":1,"game_status":"active","score":{"tm":24,"opp":17,"r":"W"}}]