[{"week":1,"opp":"TB","stats":{"pts_ppr":0,"pts_half_ppr":null,"off_snp":13,"tm_off_snp":59,"rec_tgt":0,"rec":0,"rec_yd":0,"rec_td":0,"rush_att":0,"rush_yd":0,"rush_td":0,"target_share":0,"team_pass_rate":46.2,"team_tgt":27,"team_pass_att":24},"pos_rank":94,"opp_rank_vs_pos":26,"game_status":"active","score":{"tm":20,"opp":37,"r":"L"}},{"week":2,"opp":"NYG","stats":{"pts_ppr":0,"pts_half_ppr":null,"off_snp":13,"tm_off_snp":72,"rec_tgt":0,"rec":0,"rec_yd":0,"rec_td":0,"rush_att":0,"rush_yd":0,"rush_td":0,"target_share":0,"team_pass_rate":59.2,"team_tgt":30,"team_pass_att":29},"pos_rank":88,"opp_rank_vs_pos":6,"game_status":"active","score":{"tm":21,"opp":18,"r":"W"}},{"week":3,"opp":"CIN","stats":{"pts_ppr":0,"pts_half_ppr":null,"off_snp":26,"tm_off_snp":59,"rec_tgt":0,"rec":0,"rec_yd":0,"rec_td":0,"rush_att":0,"rush_yd":0,"rush_td":0,"target_share":0,"team_pass_rate":59,"team_tgt":22,"team_pass_att":23},"pos_rank":91,"opp_rank_vs_pos":32,"game_status":"active","score":{"tm":38,"opp":33,"r":"W"}},{"week":4,"opp":"ARI","stats":{"pts_ppr":0,"pts_half_ppr":null,"off_snp":30,"tm_off_snp":72,"rec_tgt":0,"rec":0,"rec_yd":0,"rec_td":0,"rush_att":0,"rush_yd":0,"rush_td":0,"target_share":0,"team_pass_rate":63.3,"team_tgt":26,"team_pass_att":31},"pos_rank":94,"opp_rank_vs_pos":3,"game_status":"active","score":{"tm":42,"opp":14,"r":"W"}},{"week":5,"opp":"CLE","stats":{"pts_ppr":0,"pts_half_ppr":null,"off_snp":24,"tm_off_snp":67,"rec_tgt":0,"rec":0,"rec_yd":0,"rec_td":0,"rush_att":0,"rush_yd":0,"rush_td":0,"target_share":0,"team_pass_rate":48.3,"team_tgt":24,"team_pass_att":28},"pos_rank":81,"opp_rank_vs_pos":25,"game_status":"active","score":{"tm":34,"opp":13,"r":"W"}},{"week":6,"opp":"BAL","stats":{"pts_ppr":0,"pts_half_ppr":null,"off_snp":11,"tm_off_snp":59,"rec_tgt":0,"rec":0,"rec_yd":0,"rec_td":0,"rush_att":0,"rush_yd":0,"rush_td":0,"target_share":0,"team_pass_rate":61.4,"team_tgt":32,"team_pass_att":35},"pos_rank":85,"opp_rank_vs_pos":19,"game_status":"active","score":{"tm":23,"opp":30,"r":"L"}},{"week":7,"opp":"CAR","stats":{"pts_ppr":8.6,"pts_half_ppr":7.6,"off_snp":31,"tm_off_snp":69,"rec_tgt":2,"rec":2,"rec_yd":6,"rec_td":1,"rush_att":0,"rush_yd":0,"rush_td":0,"target_share":12.5,"team_pass_rate":50,"team_tgt":16,"team_pass_att":25},"pos_rank":13,"opp_rank_vs_pos":31,"game_status":"active","score":{"tm":40,"opp":7,"r":"W"}},{"week":8,"opp":"CHI","stats":{"pts_ppr":0,"pts_half_ppr":null,"off_snp":16,"tm_off_snp":74,"rec_tgt":0,"rec":0,"rec_yd":0,"rec_td":0,"rush_att":0,"rush_yd":0,"rush_td":0,"target_share":0,"team_pass_rate":65.5,"team_tgt":39,"team_pass_att":38},"pos_rank":101,"opp_rank_vs_pos":20,"game_status":"active","score":{"tm":18,"opp":15,"r":"W"}},{"week":9,"opp":"NYG","stats":{"pts_ppr":2.2,"pts_half_ppr":1.7,"off_snp":24,"tm_off_snp":62,"rec_tgt":1,"rec":1,"rec_yd":12,"rec_td":0,"rush_att":0,"rush_yd":0,"rush_td":0,"target_share":6.3,"team_pass_rate":34.9,"team_tgt":16,"team_pass_att":22},"pos_rank":38,"opp_rank_vs_pos":6,"game_status":"active","score":{"tm":27,"opp":22,"r":"W"}},{"week":10,"opp":"PIT","stats":{"pts_ppr":0,"pts_half_ppr":null,"off_snp":13,"tm_off_snp":64,"rec_tgt":0,"rec":0,"rec_yd":0,"rec_td":0,"rush_att":0,"rush_yd":0,"rush_td":0,"target_share":0,"team_pass_rate":57.6,"team_tgt":32,"team_pass_att":34},"pos_rank":85,"opp_rank_vs_pos":24,"game_status":"active","score":{"tm":27,"opp":28,"r":"L"}},{"week":11,"opp":"PHI","stats":{"pts_ppr":0,"pts_half_ppr":null,"off_snp":6,"tm_off_snp":66,"rec_tgt":0,"rec":0,"rec_yd":0,"rec_td":0,"rush_att":0,"rush_yd":0,"rush_td":0,"target_share":0,"team_pass_rate":71.1,"team_tgt":34,"team_pass_att":32},"pos_rank":80,"opp_rank_vs_pos":5,"game_status":"active","score":{"tm":18,"opp":26,"r":"L"}},{"week":12,"opp":"DAL","stats":{"pts_ppr":0,"pts_half_ppr":null,"off_snp":21,"tm_off_snp":70,"rec_tgt":0,"rec":0,"rec_yd":0,"rec_td":0,"rush_att":0,"rush_yd":0,"rush_td":0,"target_share":0,"team_pass_rate":66.7,"team_tgt":33,"team_pass_att":38},"pos_rank":76,"opp_rank_vs_pos":14,"game_status":"active","score":{"tm":26,"opp":34,"r":"L"}},{"week":13,"opp":"TEN","stats":{"pts_ppr":1.3,"pts_half_ppr":0.8,"off_snp":24,"tm_off_snp":83,"rec_tgt":1,"rec":1,"rec_yd":3,"rec_td":0,"rush_att":0,"rush_yd":0,"rush_td":0,"target_share":3.8,"team_pass_rate":51.7,"team_tgt":26,"team_pass_att":30},"pos_rank":59,"opp_rank_vs_pos":1,"game_status":"active","score":{"tm":42,"opp":19,"r":"W"}},{"week":14,"opp":"BYE","stats":{"pts_ppr":0},"game_status":"bye"},{"week":15,"opp":"NO","stats":{"pts_ppr":1.7,"pts_half_ppr":1.2,"off_snp":42,"tm_off_snp":78,"rec_tgt":1,"rec":1,"rec_yd":7,"rec_td":0,"rush_att":0,"rush_yd":0,"rush_td":0,"target_share":4.2,"team_pass_rate":64.6,"team_tgt":24,"team_pass_att":31},"pos_rank":51,"opp_rank_vs_pos":10,"game_status":"active","score":{"tm":20,"opp":19,"r":"W"}},{"week":16,"opp":"PHI","stats":{"pts_ppr":0,"pts_half_ppr":null,"off_snp":5,"tm_off_snp":68,"rec_tgt":0,"rec":0,"rec_yd":0,"rec_td":0,"rush_att":0,"rush_yd":0,"rush_td":0,"target_share":0,"team_pass_rate":67.2,"team_tgt":25,"team_pass_att":39},"pos_rank":95,"opp_rank_vs_pos":5,"game_status":"active","score":{"tm":36,"opp":33,"r":"W"}},{"week":17,"opp":"ATL","stats":{"pts_ppr":0,"pts_half_ppr":null,"off_snp":8,"tm_off_snp":83,"rec_tgt":0,"rec":0,"rec_yd":0,"rec_td":0,"rush_att":0,"rush_yd":0,"rush_td":0,"target_share":0,"team_pass_rate":60.3,"team_tgt":20,"team_pass_att":38},"pos_rank":94,"opp_rank_vs_pos":22,"game_status":"active","score":{"tm":30,"opp":24,"r":"W"}},{"week":18,"opp":"DAL","stats":{"pts_ppr":0,"pts_half_ppr":null,"off_snp":4,"tm_off_snp":58,"rec_tgt":0,"rec":0,"rec_yd":0,"rec_td":0,"rush_att":0,"rush_yd":0,"rush_td":0,"target_share":0,"team_pass_rate":71.4,"team_tgt":20,"team_pass_att":30},"pos_rank":94,"opp_rank_vs_pos":14,"game_status":"active","score":{"tm":23,"opp":19,"r":"W"}}]