{"id":"11596","name":"Ben Sinnott","slug":"ben-sinnott","position":"TE","team":"WAS","status":"Active","injury_status":null,"age":23,"height":"76","weight":"245","number":82,"depth_chart_order":2,"years_exp":2,"headshotUrl":null,"season":2025,"seasonLabel":"2025 Season Final","seasonRank":73,"trends":{"weeklyFantasyPoints":[0,1.2,0,0,0,0,0,2.7,0,6.9,0,1.3,4.1,1,4.4,1.3]},"gameLog":[{"week":1,"opp":"NYG","stats":{"pts_ppr":0,"pts_half_ppr":null,"off_snp":8,"tm_off_snp":70,"rec_tgt":0,"rec":0,"rec_yd":0,"rec_td":0,"rush_att":0,"rush_yd":0,"rush_td":0,"target_share":0,"team_pass_rate":48.4,"team_tgt":29,"team_pass_att":30},"pos_rank":89,"opp_rank_vs_pos":6,"game_status":"active","score":{"tm":21,"opp":6,"r":"W"}},{"week":2,"opp":"GB","stats":{"pts_ppr":1.7,"pts_half_ppr":1.2,"off_snp":3,"tm_off_snp":69,"rec_tgt":1,"rec":1,"rec_yd":7,"rec_td":0,"rush_att":0,"rush_yd":0,"rush_td":0,"target_share":2.5,"team_pass_rate":68.9,"team_tgt":40,"team_pass_att":42},"pos_rank":49,"opp_rank_vs_pos":9,"game_status":"active","score":{"tm":18,"opp":27,"r":"L"}},{"week":3,"opp":"LV","stats":{"pts_ppr":0,"pts_half_ppr":null,"off_snp":33,"tm_off_snp":58,"rec_tgt":0,"rec":0,"rec_yd":0,"rec_td":0,"rush_att":0,"rush_yd":0,"rush_td":0,"target_share":0,"team_pass_rate":39.6,"team_tgt":18,"team_pass_att":21},"pos_rank":91,"opp_rank_vs_pos":4,"game_status":"active","score":{"tm":41,"opp":24,"r":"W"}},{"week":4,"opp":"ATL","stats":{"pts_ppr":0,"pts_half_ppr":null,"off_snp":27,"tm_off_snp":57,"rec_tgt":0,"rec":0,"rec_yd":0,"rec_td":0,"rush_att":0,"rush_yd":0,"rush_td":0,"target_share":0,"team_pass_rate":55.1,"team_tgt":23,"team_pass_att":27},"pos_rank":94,"opp_rank_vs_pos":3,"game_status":"active","score":{"tm":27,"opp":34,"r":"L"}},{"week":5,"opp":"LAC","stats":{"pts_ppr":0,"pts_half_ppr":null,"off_snp":19,"tm_off_snp":59,"rec_tgt":0,"rec":0,"rec_yd":0,"rec_td":0,"rush_att":0,"rush_yd":0,"rush_td":0,"target_share":0,"team_pass_rate":48.1,"team_tgt":22,"team_pass_att":26},"pos_rank":84,"opp_rank_vs_pos":7,"game_status":"active","score":{"tm":27,"opp":10,"r":"W"}},{"week":6,"opp":"CHI","stats":{"pts_ppr":0,"pts_half_ppr":null,"off_snp":17,"tm_off_snp":65,"rec_tgt":0,"rec":0,"rec_yd":0,"rec_td":0,"rush_att":0,"rush_yd":0,"rush_td":0,"target_share":0,"team_pass_rate":45.6,"team_tgt":24,"team_pass_att":26},"pos_rank":90,"opp_rank_vs_pos":16,"game_status":"active","score":{"tm":24,"opp":25,"r":"L"}},{"week":7,"opp":"DAL","stats":{"pts_ppr":0,"pts_half_ppr":null,"off_snp":20,"tm_off_snp":67,"rec_tgt":0,"rec":0,"rec_yd":0,"rec_td":0,"rush_att":0,"rush_yd":0,"rush_td":0,"target_share":0,"team_pass_rate":53.3,"team_tgt":27,"team_pass_att":32},"pos_rank":83,"opp_rank_vs_pos":12,"game_status":"active","score":{"tm":22,"opp":44,"r":"L"}},{"week":8,"opp":"KC","stats":{"pts_ppr":3.2,"pts_half_ppr":2.7,"off_snp":11,"tm_off_snp":53,"rec_tgt":1,"rec":1,"rec_yd":22,"rec_td":0,"rush_att":0,"rush_yd":0,"rush_td":0,"target_share":3.3,"team_pass_rate":60,"team_tgt":30,"team_pass_att":30},"pos_rank":35,"opp_rank_vs_pos":10,"game_status":"active","score":{"tm":7,"opp":28,"r":"L"}},{"week":9,"opp":"SEA","stats":{"pts_ppr":0,"pts_half_ppr":null,"off_snp":17,"tm_off_snp":65,"rec_tgt":0,"rec":0,"rec_yd":0,"rec_td":0,"rush_att":0,"rush_yd":0,"rush_td":0,"target_share":0,"team_pass_rate":37.9,"team_tgt":21,"team_pass_att":22},"pos_rank":76,"opp_rank_vs_pos":23,"game_status":"active","score":{"tm":14,"opp":38,"r":"L"}},{"week":10,"opp":"DET","stats":{"pts_ppr":7.4,"pts_half_ppr":6.9,"off_snp":21,"tm_off_snp":54,"rec_tgt":1,"rec":1,"rec_yd":4,"rec_td":1,"rush_att":0,"rush_yd":0,"rush_td":0,"target_share":5.6,"team_pass_rate":44.9,"team_tgt":18,"team_pass_att":22},"pos_rank":17,"opp_rank_vs_pos":18,"game_status":"active","score":{"tm":22,"opp":44,"r":"L"}},{"week":11,"opp":"—","stats":{"pts_ppr":0},"game_status":"out"},{"week":12,"opp":"BYE","stats":{"pts_ppr":0},"game_status":"bye"},{"week":13,"opp":"DEN","stats":{"pts_ppr":0,"pts_half_ppr":null,"off_snp":15,"tm_off_snp":90,"rec_tgt":0,"rec":0,"rec_yd":0,"rec_td":0,"rush_att":0,"rush_yd":0,"rush_td":0,"target_share":0,"team_pass_rate":60.2,"team_tgt":45,"team_pass_att":50},"pos_rank":92,"opp_rank_vs_pos":17,"game_status":"active","score":{"tm":26,"opp":27,"r":"L"}},{"week":14,"opp":"MIN","stats":{"pts_ppr":1.8,"pts_half_ppr":1.3,"off_snp":13,"tm_off_snp":52,"rec_tgt":1,"rec":1,"rec_yd":8,"rec_td":0,"rush_att":0,"rush_yd":0,"rush_td":0,"target_share":5,"team_pass_rate":51.1,"team_tgt":20,"team_pass_att":24},"pos_rank":48,"opp_rank_vs_pos":5,"game_status":"active","score":{"tm":0,"opp":31,"r":"L"}},{"week":15,"opp":"NYG","stats":{"pts_ppr":4.6,"pts_half_ppr":4.1,"off_snp":35,"tm_off_snp":61,"rec_tgt":1,"rec":1,"rec_yd":36,"rec_td":0,"rush_att":0,"rush_yd":0,"rush_td":0,"target_share":6.3,"team_pass_rate":33.9,"team_tgt":16,"team_pass_att":19},"pos_rank":28,"opp_rank_vs_pos":6,"game_status":"active","score":{"tm":29,"opp":21,"r":"W"}},{"week":16,"opp":"PHI","stats":{"pts_ppr":1.5,"pts_half_ppr":1,"off_snp":37,"tm_off_snp":54,"rec_tgt":2,"rec":1,"rec_yd":5,"rec_td":0,"rush_att":0,"rush_yd":0,"rush_td":0,"target_share":10,"team_pass_rate":46.9,"team_tgt":20,"team_pass_att":23},"pos_rank":58,"opp_rank_vs_pos":2,"game_status":"active","score":{"tm":18,"opp":29,"r":"L"}},{"week":17,"opp":"DAL","stats":{"pts_ppr":5.9,"pts_half_ppr":4.4,"off_snp":27,"tm_off_snp":44,"rec_tgt":4,"rec":3,"rec_yd":29,"rec_td":0,"rush_att":0,"rush_yd":0,"rush_td":0,"target_share":19,"team_pass_rate":59,"team_tgt":21,"team_pass_att":23},"pos_rank":27,"opp_rank_vs_pos":12,"game_status":"active","score":{"tm":23,"opp":30,"r":"L"}},{"week":18,"opp":"PHI","stats":{"pts_ppr":2.3,"pts_half_ppr":1.3,"off_snp":0,"tm_off_snp":0,"rec_tgt":2,"rec":2,"rec_yd":3,"rec_td":0,"rush_att":0,"rush_yd":0,"rush_td":0,"target_share":10.5,"team_pass_rate":34.9,"team_tgt":19,"team_pass_att":22},"pos_rank":50,"opp_rank_vs_pos":2,"game_status":"active","score":{"tm":24,"opp":17,"r":"W"}}],"news":[],"availableSeasons":[2025,2024,2023],"multiSeasonStats":[{"season":2025,"ppg":1.4312500000000001,"gamesPlayed":16,"pos1Pct":0,"pos2Pct":6.25,"pos3Pct":18.75,"bustPct":75},{"season":2024,"ppg":0.6647058823529411,"gamesPlayed":17,"pos1Pct":0,"pos2Pct":5.88235294117647,"pos3Pct":0,"bustPct":94.11764705882352}],"careerProfile":{"ppg":1.0363636363636364,"gamesPlayed":33,"maxGames":34,"durabilityPct":97.05882352941177,"pos1Pct":0,"pos2Pct":6.0606060606060606,"pos3Pct":9.090909090909092,"bustPct":84.84848484848484,"volatility":1.969901358859465,"volatilityLabel":"Low","seasons":2,"seasonPpgs":[{"season":2025,"ppg":1.4312500000000001},{"season":2024,"ppg":0.6647058823529411}],"smallSample":false},"dynasty":{"rank":269,"positionalRank":39,"value":2416,"overallTier":16,"positionalTier":10,"trend30":-20,"trend7":-26,"posTrend30":-3,"posTrend7":-4,"age":23.7,"position":"TE","team":"WAS","adp":142,"startupAdp":214,"tradeCount":12,"ageCurveTier":"Rising","ktcSlug":"ben-sinnott-1615","draftRound":2,"draftPick":21,"draftYear":2024,"sf":{"rank":260,"positionalRank":35,"value":2115,"overallTier":15,"positionalTier":8,"trend30":-21,"trend7":-18,"posTrend30":-4,"posTrend7":-1,"adp":141,"startupAdp":187,"tradeCount":67}},"productionRiskBenchmarks":{"position":"TE","season":2025,"qualifiedThreshold":20,"posAvg":{"yardsPerCatch":10.353010625737898,"catchPct":72.70386266094421,"tdPerTarget":5.836909871244635,"fpPerUsage":null},"posStdDev":{"tdPerTarget":3.750250597745987},"percentile":null,"playerQualified":false},"bio":{"snapshot_bullets":["Drafted 2024: Round 2, Pick 53 (WAS)","Entered the league in 2024 and developed into a weekly fantasy option.","Career peak: 2025 (1.8 PPG).","Generally available year-to-year, averaging 16.5 games over the last 2 seasons.","Enters 2026 as the Washington Commanders TE with a clear role in the offense."],"style":{"how_he_wins":"Functions as a secondary receiving option with blocking duties, generating situational fantasy value.","how_he_wins_tags":["Complementary role"],"fantasy_translation":"Streaming candidate whose value comes from TD-dependent weeks and favorable matchups.","fantasy_translation_tags":["TD-dependent","Streaming option"]},"timeline":[{"label":"2024","badge":"Drafted","text":"Selected Round 2, Pick 53 by Washington Commanders out of Kansas State."},{"label":"2025","badge":"Peak","text":"Career-high fantasy production with 1.8 PPG across 16 games."}],"career_context_tiles":[{"title":"Floor driver","text":"Red-zone usage"},{"title":"Ceiling driver","text":"Red-zone TDs"},{"title":"Stability","text":"Stable role in offense"},{"title":"Risk note","text":"Scheme/usage swings"}],"narrative_paragraphs":["Ben Sinnott entered the NFL as a 2nd-round pick (53 overall) in 2024 out of Kansas State. By 2025, he was seeing meaningful snaps, setting the foundation for his fantasy profile."," His peak arrived in 2025, delivering his best combination of volume and fantasy output (1.8 PPG across 16 games).","For fantasy managers, his floor is driven by red-zone usage, while his ceiling spikes when red-zone tds hit in the same week."],"last_updated":"2026-02-28","sources":[{"label":"Sleeper","url":"https://sleeper.com"},{"label":"NFL","url":"https://www.nfl.com/players/"},{"label":"Pro-Football-Reference","url":"https://www.pro-football-reference.com"}]}}