{"neighbors":[{"id":"7842","name":"Luke Farrell","slug":"luke-farrell","team":"SF","position":"TE","posRank":65,"ppg":1.2},{"id":"10212","name":"Josh Whyle","slug":"josh-whyle","team":"GB","position":"TE","posRank":66,"ppg":1.2},{"id":"7828","name":"Noah Gray","slug":"noah-gray","team":"KC","position":"TE","posRank":67,"ppg":1.1},{"id":"7716","name":"John Bates","slug":"john-bates","team":"WAS","position":"TE","posRank":69,"ppg":1.1},{"id":"5010","name":"Will Dissly","slug":"will-dissly","team":"LAC","position":"TE","posRank":70,"ppg":1.1},{"id":"4054","name":"Mo Alie-Cox","slug":"mo-alie-cox","team":"IND","position":"TE","posRank":71,"ppg":1}],"currentRank":68,"season":2025,"format":"standard","position":"TE"}