{"neighbors":[{"id":"8849","name":"Tanner Conner","slug":"tanner-conner","team":"NYG","position":"TE","posRank":70,"ppg":1.5},{"id":"7716","name":"John Bates","slug":"john-bates","team":"WAS","position":"TE","posRank":71,"ppg":1.5},{"id":"6001","name":"Drew Sample","slug":"drew-sample","team":"CIN","position":"TE","posRank":72,"ppg":1.4},{"id":"4054","name":"Mo Alie-Cox","slug":"mo-alie-cox","team":"IND","position":"TE","posRank":74,"ppg":1.4},{"id":"7842","name":"Luke Farrell","slug":"luke-farrell","team":"SF","position":"TE","posRank":75,"ppg":1.4},{"id":"5133","name":"Tyler Conklin","slug":"tyler-conklin","team":"LAC","position":"TE","posRank":76,"ppg":1.4}],"currentRank":73,"season":2025,"format":"half","position":"TE"}