{"neighbors":[{"id":"1339","name":"Zach Ertz","slug":"zach-ertz","team":"WAS","position":"TE","posRank":19,"ppg":5.7},{"id":"5001","name":"Dalton Schultz","slug":"dalton-schultz","team":"HOU","position":"TE","posRank":20,"ppg":5.6},{"id":"12493","name":"Oronde Gadsden","slug":"oronde-gadsden","team":"LAC","position":"TE","posRank":21,"ppg":5.6},{"id":"11597","name":"Theo Johnson","slug":"theo-johnson","team":"NYG","position":"TE","posRank":23,"ppg":5.5},{"id":"5012","name":"Mark Andrews","slug":"mark-andrews","team":"BAL","position":"TE","posRank":24,"ppg":4.9},{"id":"3271","name":"Tyler Higbee","slug":"tyler-higbee","team":"LAR","position":"TE","posRank":25,"ppg":4.6}],"currentRank":22,"season":2025,"format":"standard","position":"TE"}