{"neighbors":[{"id":"9480","name":"Brenton Strange","slug":"brenton-strange","team":"JAX","position":"TE","posRank":18,"ppg":9.8},{"id":"1339","name":"Zach Ertz","slug":"zach-ertz","team":"WAS","position":"TE","posRank":19,"ppg":9.7},{"id":"12493","name":"Oronde Gadsden","slug":"oronde-gadsden","team":"LAC","position":"TE","posRank":20,"ppg":8.8},{"id":"6865","name":"Colby Parkinson","slug":"colby-parkinson","team":"LAR","position":"TE","posRank":22,"ppg":8.7},{"id":"11597","name":"Theo Johnson","slug":"theo-johnson","team":"NYG","position":"TE","posRank":23,"ppg":8.5},{"id":"5012","name":"Mark Andrews","slug":"mark-andrews","team":"BAL","position":"TE","posRank":24,"ppg":7.7}],"currentRank":21,"season":2025,"format":"ppr","position":"TE"}