[{"week":1,"opp":"—","stats":{"pts_ppr":0},"game_status":"out"},{"week":2,"opp":"NO","stats":{"pts_ppr":0,"pts_half_ppr":null,"off_snp":1,"tm_off_snp":60,"pass_att":0,"pass_cmp":0,"pass_yd":0,"pass_td":0,"pass_int":0,"rush_att":0,"rush_yd":0,"rush_td":0,"target_share":0,"team_pass_rate":75,"team_tgt":6,"team_pass_att":33},"pos_rank":34,"opp_rank_vs_pos":12,"game_status":"active","score":{"tm":17,"opp":20,"r":"L"}},{"week":3,"opp":"SEA","stats":{"pts_ppr":23.54,"pts_half_ppr":23.54,"off_snp":79,"tm_off_snp":79,"pass_att":58,"pass_cmp":34,"pass_yd":361,"pass_td":2,"pass_int":0,"rush_att":2,"rush_yd":11,"rush_td":0,"target_share":0,"team_pass_rate":89.2,"team_tgt":7,"team_pass_att":58},"pos_rank":6,"opp_rank_vs_pos":18,"game_status":"active","score":{"tm":27,"opp":37,"r":"L"}},{"week":4,"opp":"—","stats":{"pts_ppr":0},"game_status":"out"},{"week":5,"opp":"DET","stats":{"pts_ppr":0.1,"pts_half_ppr":0.1,"off_snp":1,"tm_off_snp":71,"pass_att":0,"pass_cmp":0,"pass_yd":0,"pass_td":0,"pass_int":0,"rush_att":1,"rush_yd":1,"rush_td":0,"target_share":0,"team_pass_rate":71.9,"team_tgt":4,"team_pass_att":41},"pos_rank":33,"opp_rank_vs_pos":27,"game_status":"active","score":{"tm":24,"opp":42,"r":"L"}},{"week":6,"opp":"—","stats":{"pts_ppr":0},"game_status":"out"},{"week":7,"opp":"BYE","stats":{"pts_ppr":0},"game_status":"bye"},{"week":8,"opp":"—","stats":{"pts_ppr":0},"game_status":"out"},{"week":9,"opp":"—","stats":{"pts_ppr":0},"game_status":"out"},{"week":10,"opp":"—","stats":{"pts_ppr":0},"game_status":"out"},{"week":11,"opp":"—","stats":{"pts_ppr":0},"game_status":"out"},{"week":12,"opp":"—","stats":{"pts_ppr":0},"game_status":"out"},{"week":13,"opp":"—","stats":{"pts_ppr":0},"game_status":"out"},{"week":14,"opp":"—","stats":{"pts_ppr":0},"game_status":"out"},{"week":15,"opp":"—","stats":{"pts_ppr":0},"game_status":"out"},{"week":16,"opp":"—","stats":{"pts_ppr":0},"game_status":"out"},{"week":17,"opp":"—","stats":{"pts_ppr":0},"game_status":"out"},{"week":18,"opp":"—","stats":{"pts_ppr":0},"game_status":"out"}]