{"id":"829","name":"Andy Dalton","slug":"andy-dalton","position":"QB","team":"CAR","status":"Active","injury_status":null,"age":38,"height":"74","weight":"220","number":14,"depth_chart_order":2,"years_exp":15,"headshotUrl":null,"season":2025,"seasonLabel":"2025 Season (Through Week 8)","seasonRank":55,"trends":{"weeklyFantasyPoints":[-0.1,6.32,2.2,6.1]},"gameLog":[{"week":1,"opp":"—","stats":{"pts_ppr":0},"game_status":"out"},{"week":2,"opp":"—","stats":{"pts_ppr":0},"game_status":"out"},{"week":3,"opp":"ATL","stats":{"pts_ppr":-0.1,"pts_half_ppr":-0.1,"off_snp":1,"tm_off_snp":58,"pass_att":0,"pass_cmp":0,"pass_yd":0,"pass_td":0,"pass_int":0,"rush_att":1,"rush_yd":-1,"rush_td":0,"target_share":0,"team_pass_rate":44.4,"team_tgt":20,"team_pass_att":24},"pos_rank":41,"opp_rank_vs_pos":22,"game_status":"active","score":{"tm":30,"opp":0,"r":"W"}},{"week":4,"opp":"NE","stats":{"pts_ppr":6.32,"pts_half_ppr":6.32,"off_snp":13,"tm_off_snp":69,"pass_att":6,"pass_cmp":5,"pass_yd":58,"pass_td":1,"pass_int":0,"rush_att":0,"rush_yd":0,"rush_td":0,"target_share":0,"team_pass_rate":56.3,"team_tgt":30,"team_pass_att":36},"pos_rank":30,"opp_rank_vs_pos":9,"game_status":"active","score":{"tm":13,"opp":42,"r":"L"}},{"week":5,"opp":"—","stats":{"pts_ppr":0},"game_status":"out"},{"week":6,"opp":"—","stats":{"pts_ppr":0},"game_status":"out"},{"week":7,"opp":"NYJ","stats":{"pts_ppr":2.2,"pts_half_ppr":2.2,"off_snp":22,"tm_off_snp":71,"pass_att":7,"pass_cmp":4,"pass_yd":60,"pass_td":0,"pass_int":0,"rush_att":2,"rush_yd":-2,"rush_td":0,"target_share":0,"team_pass_rate":47.1,"team_tgt":31,"team_pass_att":32},"pos_rank":32,"opp_rank_vs_pos":27,"game_status":"active","score":{"tm":13,"opp":6,"r":"W"}},{"week":8,"opp":"BUF","stats":{"pts_ppr":2.1,"pts_half_ppr":2.1,"off_snp":61,"tm_off_snp":61,"pass_att":24,"pass_cmp":16,"pass_yd":175,"pass_td":0,"pass_int":1,"rush_att":2,"rush_yd":1,"rush_td":0,"target_share":0,"team_pass_rate":46.2,"team_tgt":23,"team_pass_att":24},"pos_rank":25,"opp_rank_vs_pos":5,"game_status":"active","score":{"tm":9,"opp":40,"r":"L"}},{"week":9,"opp":"—","stats":{"pts_ppr":0},"game_status":"out"},{"week":10,"opp":"—","stats":{"pts_ppr":0},"game_status":"out"},{"week":11,"opp":"—","stats":{"pts_ppr":0},"game_status":"out"},{"week":12,"opp":"—","stats":{"pts_ppr":0},"game_status":"out"},{"week":13,"opp":"—","stats":{"pts_ppr":0},"game_status":"out"},{"week":14,"opp":"BYE","stats":{"pts_ppr":0},"game_status":"bye"},{"week":15,"opp":"—","stats":{"pts_ppr":0},"game_status":"out"},{"week":16,"opp":"—","stats":{"pts_ppr":0},"game_status":"out"},{"week":17,"opp":"—","stats":{"pts_ppr":0},"game_status":"out"},{"week":18,"opp":"—","stats":{"pts_ppr":0},"game_status":"out"}],"news":[],"availableSeasons":[2025,2024,2023],"multiSeasonStats":[{"season":2025,"ppg":3.6300000000000003,"gamesPlayed":4,"pos1Pct":0,"pos2Pct":0,"pos3Pct":75,"bustPct":25},{"season":2024,"ppg":10.826666666666666,"gamesPlayed":6,"pos1Pct":16.666666666666664,"pos2Pct":33.33333333333333,"pos3Pct":50,"bustPct":0},{"season":2023,"ppg":7.88,"gamesPlayed":3,"pos1Pct":33.33333333333333,"pos2Pct":0,"pos3Pct":66.66666666666666,"bustPct":0}],"careerProfile":{"ppg":7.932307692307693,"gamesPlayed":13,"maxGames":51,"durabilityPct":25.49019607843137,"pos1Pct":15.384615384615385,"pos2Pct":15.384615384615385,"pos3Pct":61.53846153846154,"bustPct":7.6923076923076925,"volatility":9.19129856063708,"volatilityLabel":"High","seasons":3,"seasonPpgs":[{"season":2025,"ppg":3.6300000000000003},{"season":2024,"ppg":10.826666666666666},{"season":2023,"ppg":7.88}],"smallSample":false},"dynasty":null,"productionRiskBenchmarks":{"position":"QB","season":2025,"qualifiedThreshold":20,"posAvg":{"yardsPerCatch":7.033895368980252,"catchPct":64.41274974015475,"tdPerTarget":4.648342764753436,"fpPerUsage":0.42695141138361864},"posStdDev":{"tdPerTarget":2.004365903887098,"fpPerUsage":0.11956056698809349},"percentile":{"yardsPerCatch":88,"catchPct":77,"tdPerTarget":18,"fpPerUsage":17},"playerQualified":true}}