{"neighbors":[{"id":"7610","name":"Trey Lance","slug":"trey-lance","team":"LAC","position":"QB","posRank":53,"ppg":3.6},{"id":"4972","name":"Mason Rudolph","slug":"mason-rudolph","team":"PIT","position":"QB","posRank":54,"ppg":3.4},{"id":"11557","name":"Joe Milton","slug":"joe-milton","team":"DAL","position":"QB","posRank":55,"ppg":3.1},{"id":"8160","name":"Kenny Pickett","slug":"kenny-pickett","team":"LV","position":"QB","posRank":57,"ppg":1.6},{"id":"4574","name":"Cooper Rush","slug":"cooper-rush","team":"BAL","position":"QB","posRank":58,"ppg":1.4},{"id":"12775","name":"Max Brosmer","slug":"max-brosmer","team":"MIN","position":"QB","posRank":59,"ppg":1.2}],"currentRank":56,"season":2025,"format":"half","position":"QB"}