[{"week":1,"opp":"MIN","stats":{"pts_ppr":16.02,"pts_half_ppr":16.02,"off_snp":68,"tm_off_snp":68,"pass_att":34,"pass_cmp":21,"pass_yd":173,"pass_td":2,"pass_int":0,"rush_att":8,"rush_yd":11,"rush_td":0,"target_share":0,"team_pass_rate":53.1,"team_tgt":27,"team_pass_att":34},"pos_rank":14,"opp_rank_vs_pos":23,"game_status":"active","score":{"tm":20,"opp":17,"r":"W"}},{"week":2,"opp":"CHI","stats":{"pts_ppr":18.38,"pts_half_ppr":18.38,"off_snp":71,"tm_off_snp":71,"pass_att":34,"pass_cmp":26,"pass_yd":317,"pass_td":1,"pass_int":0,"rush_att":6,"rush_yd":17,"rush_td":0,"target_share":0,"team_pass_rate":52.3,"team_tgt":28,"team_pass_att":34},"pos_rank":18,"opp_rank_vs_pos":14,"game_status":"active","score":{"tm":27,"opp":17,"r":"W"}},{"week":3,"opp":"PHI","stats":{"pts_ppr":11.04,"pts_half_ppr":11.04,"off_snp":47,"tm_off_snp":47,"pass_att":25,"pass_cmp":15,"pass_yd":146,"pass_td":1,"pass_int":1,"rush_att":1,"rush_yd":2,"rush_td":0,"target_share":0,"team_pass_rate":59.5,"team_tgt":20,"team_pass_att":25},"pos_rank":26,"opp_rank_vs_pos":30,"game_status":"active","score":{"tm":11,"opp":25,"r":"L"}},{"week":4,"opp":"NO","stats":{"pts_ppr":23.94,"pts_half_ppr":23.94,"off_snp":71,"tm_off_snp":71,"pass_att":32,"pass_cmp":25,"pass_yd":246,"pass_td":3,"pass_int":1,"rush_att":8,"rush_yd":31,"rush_td":0,"target_share":0,"team_pass_rate":58.2,"team_tgt":22,"team_pass_att":32},"pos_rank":7,"opp_rank_vs_pos":12,"game_status":"active","score":{"tm":26,"opp":9,"r":"W"}},{"week":5,"opp":"BYE","stats":{"pts_ppr":0},"game_status":"bye"},{"week":6,"opp":"DET","stats":{"pts_ppr":7.84,"pts_half_ppr":7.84,"off_snp":56,"tm_off_snp":56,"pass_att":37,"pass_cmp":19,"pass_yd":206,"pass_td":0,"pass_int":1,"rush_att":2,"rush_yd":6,"rush_td":0,"target_share":0,"team_pass_rate":80.4,"team_tgt":24,"team_pass_att":37},"pos_rank":27,"opp_rank_vs_pos":27,"game_status":"active","score":{"tm":6,"opp":20,"r":"L"}},{"week":7,"opp":"ATL","stats":{"pts_ppr":17.2,"pts_half_ppr":17.2,"off_snp":73,"tm_off_snp":73,"pass_att":42,"pass_cmp":27,"pass_yd":275,"pass_td":1,"pass_int":1,"rush_att":3,"rush_yd":32,"rush_td":0,"target_share":0,"team_pass_rate":72.4,"team_tgt":34,"team_pass_att":42},"pos_rank":11,"opp_rank_vs_pos":20,"game_status":"active","score":{"tm":13,"opp":16,"r":"L"}},{"week":8,"opp":"BUF","stats":{"pts_ppr":21.38,"pts_half_ppr":21.38,"off_snp":68,"tm_off_snp":68,"pass_att":42,"pass_cmp":25,"pass_yd":237,"pass_td":2,"pass_int":0,"rush_att":3,"rush_yd":19,"rush_td":0,"target_share":0,"team_pass_rate":76.4,"team_tgt":27,"team_pass_att":42},"pos_rank":14,"opp_rank_vs_pos":16,"game_status":"active","score":{"tm":18,"opp":24,"r":"L"}},{"week":9,"opp":"HOU","stats":{"pts_ppr":19,"pts_half_ppr":19,"off_snp":66,"tm_off_snp":66,"pass_att":30,"pass_cmp":21,"pass_yd":265,"pass_td":2,"pass_int":0,"rush_att":4,"rush_yd":4,"rush_td":0,"target_share":0,"team_pass_rate":55.6,"team_tgt":24,"team_pass_att":30},"pos_rank":8,"opp_rank_vs_pos":15,"game_status":"active","score":{"tm":37,"opp":39,"r":"L"}},{"week":10,"opp":"TEN","stats":{"pts_ppr":19.32,"pts_half_ppr":19.32,"off_snp":64,"tm_off_snp":65,"pass_att":29,"pass_cmp":18,"pass_yd":278,"pass_td":2,"pass_int":1,"rush_att":3,"rush_yd":12,"rush_td":0,"target_share":0,"team_pass_rate":55.8,"team_tgt":26,"team_pass_att":29},"pos_rank":10,"opp_rank_vs_pos":5,"game_status":"active","score":{"tm":20,"opp":6,"r":"W"}},{"week":11,"opp":"SF","stats":{"pts_ppr":11.34,"pts_half_ppr":11.34,"off_snp":71,"tm_off_snp":71,"pass_att":45,"pass_cmp":29,"pass_yd":246,"pass_td":1,"pass_int":1,"rush_att":3,"rush_yd":5,"rush_td":0,"target_share":0,"team_pass_rate":78.9,"team_tgt":36,"team_pass_att":45},"pos_rank":20,"opp_rank_vs_pos":8,"game_status":"active","score":{"tm":14,"opp":27,"r":"L"}},{"week":12,"opp":"IND","stats":{"pts_ppr":14.36,"pts_half_ppr":14.36,"off_snp":58,"tm_off_snp":60,"pass_att":30,"pass_cmp":20,"pass_yd":199,"pass_td":2,"pass_int":1,"rush_att":3,"rush_yd":14,"rush_td":0,"target_share":0,"team_pass_rate":62.5,"team_tgt":26,"team_pass_att":30},"pos_rank":14,"opp_rank_vs_pos":10,"game_status":"active","score":{"tm":20,"opp":27,"r":"L"}},{"week":13,"opp":"CAR","stats":{"pts_ppr":10.88,"pts_half_ppr":10.88,"off_snp":62,"tm_off_snp":62,"pass_att":29,"pass_cmp":14,"pass_yd":202,"pass_td":1,"pass_int":1,"rush_att":2,"rush_yd":-2,"rush_td":0,"target_share":0,"team_pass_rate":55.8,"team_tgt":20,"team_pass_att":29},"pos_rank":20,"opp_rank_vs_pos":1,"game_status":"active","score":{"tm":21,"opp":18,"r":"W"}},{"week":14,"opp":"ATL","stats":{"pts_ppr":20.06,"pts_half_ppr":20.06,"off_snp":68,"tm_off_snp":68,"pass_att":29,"pass_cmp":14,"pass_yd":144,"pass_td":2,"pass_int":0,"rush_att":3,"rush_yd":3,"rush_td":1,"target_share":0,"team_pass_rate":50.9,"team_tgt":25,"team_pass_att":29},"pos_rank":12,"opp_rank_vs_pos":20,"game_status":"active","score":{"tm":29,"opp":25,"r":"W"}},{"week":15,"opp":"GB","stats":{"pts_ppr":29.04,"pts_half_ppr":29.04,"off_snp":62,"tm_off_snp":62,"pass_att":28,"pass_cmp":22,"pass_yd":381,"pass_td":4,"pass_int":0,"rush_att":2,"rush_yd":-2,"rush_td":0,"target_share":0,"team_pass_rate":54.9,"team_tgt":23,"team_pass_att":28},"pos_rank":2,"opp_rank_vs_pos":13,"game_status":"active","score":{"tm":34,"opp":20,"r":"W"}},{"week":16,"opp":"JAX","stats":{"pts_ppr":19.82,"pts_half_ppr":19.82,"off_snp":74,"tm_off_snp":74,"pass_att":35,"pass_cmp":26,"pass_yd":283,"pass_td":2,"pass_int":0,"rush_att":5,"rush_yd":5,"rush_td":0,"target_share":0,"team_pass_rate":57.4,"team_tgt":28,"team_pass_att":35},"pos_rank":14,"opp_rank_vs_pos":25,"game_status":"active","score":{"tm":30,"opp":12,"r":"W"}},{"week":17,"opp":"NO","stats":{"pts_ppr":18.26,"pts_half_ppr":18.26,"off_snp":56,"tm_off_snp":56,"pass_att":33,"pass_cmp":22,"pass_yd":309,"pass_td":2,"pass_int":2,"rush_att":1,"rush_yd":-1,"rush_td":0,"target_share":0,"team_pass_rate":73.3,"team_tgt":20,"team_pass_att":33},"pos_rank":13,"opp_rank_vs_pos":12,"game_status":"active","score":{"tm":13,"opp":23,"r":"L"}},{"week":18,"opp":"CAR","stats":{"pts_ppr":6.18,"pts_half_ppr":6.18,"off_snp":65,"tm_off_snp":65,"pass_att":32,"pass_cmp":20,"pass_yd":137,"pass_td":0,"pass_int":0,"rush_att":5,"rush_yd":7,"rush_td":0,"target_share":0,"team_pass_rate":55.2,"team_tgt":27,"team_pass_att":32},"pos_rank":29,"opp_rank_vs_pos":1,"game_status":"active","score":{"tm":9,"opp":0,"r":"W"}}]