[{"week":1,"opp":"WAS","stats":{"pts_ppr":29.66,"pts_half_ppr":29.66,"off_snp":62,"tm_off_snp":64,"pass_att":30,"pass_cmp":24,"pass_yd":289,"pass_td":4,"pass_int":0,"rush_att":3,"rush_yd":21,"rush_td":0,"target_share":0,"team_pass_rate":51.7,"team_tgt":28,"team_pass_att":30},"pos_rank":2,"opp_rank_vs_pos":3,"game_status":"active","score":{"tm":37,"opp":20,"r":"W"}},{"week":2,"opp":"DET","stats":{"pts_ppr":19.8,"pts_half_ppr":19.8,"off_snp":48,"tm_off_snp":48,"pass_att":19,"pass_cmp":12,"pass_yd":185,"pass_td":1,"pass_int":1,"rush_att":5,"rush_yd":34,"rush_td":1,"target_share":0,"team_pass_rate":45.2,"team_tgt":19,"team_pass_att":19},"pos_rank":5,"opp_rank_vs_pos":26,"game_status":"active","score":{"tm":20,"opp":16,"r":"W"}},{"week":3,"opp":"DEN","stats":{"pts_ppr":9.52,"pts_half_ppr":9.52,"off_snp":57,"tm_off_snp":57,"pass_att":33,"pass_cmp":25,"pass_yd":163,"pass_td":1,"pass_int":1,"rush_att":0,"rush_yd":0,"rush_td":0,"target_share":0,"team_pass_rate":67.3,"team_tgt":31,"team_pass_att":33},"pos_rank":27,"opp_rank_vs_pos":4,"game_status":"active","score":{"tm":7,"opp":26,"r":"L"}},{"week":4,"opp":"PHI","stats":{"pts_ppr":28.88,"pts_half_ppr":28.88,"off_snp":77,"tm_off_snp":77,"pass_att":47,"pass_cmp":30,"pass_yd":347,"pass_td":2,"pass_int":0,"rush_att":4,"rush_yd":10,"rush_td":1,"target_share":0,"team_pass_rate":65.3,"team_tgt":44,"team_pass_att":47},"pos_rank":3,"opp_rank_vs_pos":2,"game_status":"active","score":{"tm":33,"opp":16,"r":"W"}},{"week":5,"opp":"ATL","stats":{"pts_ppr":23.4,"pts_half_ppr":23.4,"off_snp":53,"tm_off_snp":53,"pass_att":24,"pass_cmp":19,"pass_yd":180,"pass_td":3,"pass_int":0,"rush_att":6,"rush_yd":42,"rush_td":0,"target_share":0,"team_pass_rate":48,"team_tgt":24,"team_pass_att":24},"pos_rank":7,"opp_rank_vs_pos":30,"game_status":"active","score":{"tm":30,"opp":36,"r":"L"}},{"week":6,"opp":"NO","stats":{"pts_ppr":28.9,"pts_half_ppr":28.9,"off_snp":77,"tm_off_snp":77,"pass_att":36,"pass_cmp":24,"pass_yd":325,"pass_td":4,"pass_int":3,"rush_att":3,"rush_yd":29,"rush_td":0,"target_share":0,"team_pass_rate":50.7,"team_tgt":35,"team_pass_att":36},"pos_rank":2,"opp_rank_vs_pos":8,"game_status":"active","score":{"tm":51,"opp":27,"r":"W"}},{"week":7,"opp":"BAL","stats":{"pts_ppr":29,"pts_half_ppr":29,"off_snp":82,"tm_off_snp":82,"pass_att":45,"pass_cmp":31,"pass_yd":370,"pass_td":3,"pass_int":2,"rush_att":5,"rush_yd":22,"rush_td":0,"target_share":0,"team_pass_rate":60,"team_tgt":42,"team_pass_att":45},"pos_rank":2,"opp_rank_vs_pos":19,"game_status":"active","score":{"tm":31,"opp":41,"r":"L"}},{"week":8,"opp":"ATL","stats":{"pts_ppr":24.3,"pts_half_ppr":24.3,"off_snp":73,"tm_off_snp":73,"pass_att":50,"pass_cmp":37,"pass_yd":330,"pass_td":3,"pass_int":2,"rush_att":3,"rush_yd":11,"rush_td":0,"target_share":0,"team_pass_rate":70.4,"team_tgt":36,"team_pass_att":50},"pos_rank":7,"opp_rank_vs_pos":30,"game_status":"active","score":{"tm":26,"opp":31,"r":"L"}},{"week":9,"opp":"KC","stats":{"pts_ppr":18,"pts_half_ppr":18,"off_snp":55,"tm_off_snp":55,"pass_att":31,"pass_cmp":23,"pass_yd":200,"pass_td":2,"pass_int":0,"rush_att":4,"rush_yd":20,"rush_td":0,"target_share":0,"team_pass_rate":62,"team_tgt":23,"team_pass_att":31},"pos_rank":16,"opp_rank_vs_pos":18,"game_status":"active","score":{"tm":24,"opp":30,"r":"L"}},{"week":10,"opp":"SF","stats":{"pts_ppr":8.94,"pts_half_ppr":8.94,"off_snp":61,"tm_off_snp":61,"pass_att":29,"pass_cmp":18,"pass_yd":116,"pass_td":1,"pass_int":0,"rush_att":3,"rush_yd":3,"rush_td":0,"target_share":0,"team_pass_rate":51.8,"team_tgt":21,"team_pass_att":29},"pos_rank":23,"opp_rank_vs_pos":7,"game_status":"active","score":{"tm":20,"opp":23,"r":"L"}},{"week":11,"opp":"—","stats":{"pts_ppr":0},"game_status":"out"},{"week":12,"opp":"NYG","stats":{"pts_ppr":18.66,"pts_half_ppr":18.66,"off_snp":65,"tm_off_snp":65,"pass_att":30,"pass_cmp":24,"pass_yd":294,"pass_td":0,"pass_int":0,"rush_att":4,"rush_yd":29,"rush_td":1,"target_share":0,"team_pass_rate":48.4,"team_tgt":27,"team_pass_att":30},"pos_rank":9,"opp_rank_vs_pos":15,"game_status":"active","score":{"tm":30,"opp":7,"r":"W"}},{"week":13,"opp":"CAR","stats":{"pts_ppr":12.2,"pts_half_ppr":12.2,"off_snp":78,"tm_off_snp":80,"pass_att":33,"pass_cmp":21,"pass_yd":235,"pass_td":1,"pass_int":2,"rush_att":3,"rush_yd":8,"rush_td":0,"target_share":0,"team_pass_rate":45.8,"team_tgt":33,"team_pass_att":33},"pos_rank":28,"opp_rank_vs_pos":23,"game_status":"active","score":{"tm":26,"opp":23,"r":"W"}},{"week":14,"opp":"LV","stats":{"pts_ppr":21,"pts_half_ppr":21,"off_snp":62,"tm_off_snp":62,"pass_att":29,"pass_cmp":18,"pass_yd":295,"pass_td":3,"pass_int":2,"rush_att":2,"rush_yd":12,"rush_td":0,"target_share":0,"team_pass_rate":52.7,"team_tgt":28,"team_pass_att":29},"pos_rank":8,"opp_rank_vs_pos":32,"game_status":"active","score":{"tm":28,"opp":13,"r":"W"}},{"week":15,"opp":"LAC","stats":{"pts_ppr":29.02,"pts_half_ppr":29.02,"off_snp":68,"tm_off_snp":72,"pass_att":27,"pass_cmp":22,"pass_yd":288,"pass_td":4,"pass_int":1,"rush_att":2,"rush_yd":25,"rush_td":0,"target_share":0,"team_pass_rate":40.9,"team_tgt":25,"team_pass_att":27},"pos_rank":5,"opp_rank_vs_pos":12,"game_status":"active","score":{"tm":40,"opp":17,"r":"W"}},{"week":16,"opp":"DAL","stats":{"pts_ppr":23.32,"pts_half_ppr":23.32,"off_snp":72,"tm_off_snp":72,"pass_att":43,"pass_cmp":31,"pass_yd":303,"pass_td":2,"pass_int":1,"rush_att":3,"rush_yd":42,"rush_td":0,"target_share":0,"team_pass_rate":65.2,"team_tgt":36,"team_pass_att":43},"pos_rank":6,"opp_rank_vs_pos":28,"game_status":"active","score":{"tm":24,"opp":26,"r":"L"}},{"week":17,"opp":"CAR","stats":{"pts_ppr":34.56,"pts_half_ppr":34.56,"off_snp":66,"tm_off_snp":77,"pass_att":32,"pass_cmp":27,"pass_yd":359,"pass_td":5,"pass_int":0,"rush_att":1,"rush_yd":2,"rush_td":0,"target_share":0,"team_pass_rate":46.4,"team_tgt":27,"team_pass_att":32},"pos_rank":2,"opp_rank_vs_pos":23,"game_status":"active","score":{"tm":48,"opp":14,"r":"W"}},{"week":18,"opp":"NO","stats":{"pts_ppr":22.64,"pts_half_ppr":22.64,"off_snp":67,"tm_off_snp":67,"pass_att":32,"pass_cmp":21,"pass_yd":221,"pass_td":2,"pass_int":1,"rush_att":9,"rush_yd":68,"rush_td":0,"target_share":0,"team_pass_rate":50.8,"team_tgt":31,"team_pass_att":32},"pos_rank":11,"opp_rank_vs_pos":8,"game_status":"active","score":{"tm":27,"opp":19,"r":"W"}}]