{"id":"4892","name":"Baker Mayfield","slug":"baker-mayfield","position":"QB","team":"TB","status":"Active","injury_status":null,"age":30,"height":"73","weight":"215","number":6,"depth_chart_order":1,"years_exp":8,"headshotUrl":null,"season":2025,"seasonLabel":"2025 Season Final","seasonRank":19,"trends":{"weeklyFantasyPoints":[22.58,19.9,17.72,19.86,26.66,19.64,12.12,4.08,22.92,17.82,5.54,14.46,12.08,20.18,13.7,19.44,14.22]},"gameLog":[{"week":1,"opp":"ATL","stats":{"pts_ppr":22.58,"pts_half_ppr":22.58,"off_snp":58,"tm_off_snp":58,"pass_att":32,"pass_cmp":17,"pass_yd":167,"pass_td":3,"pass_int":0,"rush_att":5,"rush_yd":39,"rush_td":0,"target_share":0,"team_pass_rate":58.2,"team_tgt":29,"team_pass_att":32},"pos_rank":12,"opp_rank_vs_pos":23,"game_status":"active","score":{"tm":23,"opp":20,"r":"W"}},{"week":2,"opp":"HOU","stats":{"pts_ppr":19.9,"pts_half_ppr":19.9,"off_snp":80,"tm_off_snp":80,"pass_att":38,"pass_cmp":25,"pass_yd":215,"pass_td":2,"pass_int":0,"rush_att":3,"rush_yd":33,"rush_td":0,"target_share":0,"team_pass_rate":55.9,"team_tgt":35,"team_pass_att":38},"pos_rank":15,"opp_rank_vs_pos":16,"game_status":"active","score":{"tm":20,"opp":19,"r":"W"}},{"week":3,"opp":"NYJ","stats":{"pts_ppr":17.72,"pts_half_ppr":17.72,"off_snp":72,"tm_off_snp":72,"pass_att":29,"pass_cmp":19,"pass_yd":233,"pass_td":1,"pass_int":0,"rush_att":4,"rush_yd":44,"rush_td":0,"target_share":0,"team_pass_rate":46,"team_tgt":27,"team_pass_att":29},"pos_rank":8,"opp_rank_vs_pos":26,"game_status":"active","score":{"tm":29,"opp":27,"r":"W"}},{"week":4,"opp":"PHI","stats":{"pts_ppr":19.86,"pts_half_ppr":19.86,"off_snp":72,"tm_off_snp":72,"pass_att":40,"pass_cmp":22,"pass_yd":289,"pass_td":2,"pass_int":1,"rush_att":2,"rush_yd":13,"rush_td":0,"target_share":0,"team_pass_rate":60.6,"team_tgt":39,"team_pass_att":40},"pos_rank":10,"opp_rank_vs_pos":14,"game_status":"active","score":{"tm":25,"opp":31,"r":"L"}},{"week":5,"opp":"SEA","stats":{"pts_ppr":26.66,"pts_half_ppr":26.66,"off_snp":61,"tm_off_snp":61,"pass_att":33,"pass_cmp":29,"pass_yd":379,"pass_td":2,"pass_int":0,"rush_att":5,"rush_yd":15,"rush_td":0,"target_share":0,"team_pass_rate":57.9,"team_tgt":32,"team_pass_att":33},"pos_rank":6,"opp_rank_vs_pos":8,"game_status":"active","score":{"tm":38,"opp":35,"r":"W"}},{"week":6,"opp":"SF","stats":{"pts_ppr":19.64,"pts_half_ppr":19.64,"off_snp":53,"tm_off_snp":53,"pass_att":23,"pass_cmp":17,"pass_yd":256,"pass_td":2,"pass_int":0,"rush_att":3,"rush_yd":14,"rush_td":0,"target_share":0,"team_pass_rate":46.9,"team_tgt":23,"team_pass_att":23},"pos_rank":11,"opp_rank_vs_pos":24,"game_status":"active","score":{"tm":30,"opp":19,"r":"W"}},{"week":7,"opp":"DET","stats":{"pts_ppr":12.12,"pts_half_ppr":12.12,"off_snp":68,"tm_off_snp":69,"pass_att":50,"pass_cmp":28,"pass_yd":228,"pass_td":1,"pass_int":1,"rush_att":0,"rush_yd":0,"rush_td":0,"target_share":0,"team_pass_rate":80.6,"team_tgt":49,"team_pass_att":50},"pos_rank":20,"opp_rank_vs_pos":25,"game_status":"active","score":{"tm":9,"opp":24,"r":"L"}},{"week":8,"opp":"NO","stats":{"pts_ppr":4.08,"pts_half_ppr":4.08,"off_snp":56,"tm_off_snp":58,"pass_att":24,"pass_cmp":15,"pass_yd":152,"pass_td":0,"pass_int":0,"rush_att":0,"rush_yd":0,"rush_td":0,"target_share":0,"team_pass_rate":45.3,"team_tgt":24,"team_pass_att":24},"pos_rank":26,"opp_rank_vs_pos":10,"game_status":"active","score":{"tm":23,"opp":3,"r":"W"}},{"week":9,"opp":"—","stats":{"pts_ppr":0},"game_status":"out"},{"week":10,"opp":"NE","stats":{"pts_ppr":22.92,"pts_half_ppr":22.92,"off_snp":69,"tm_off_snp":69,"pass_att":43,"pass_cmp":28,"pass_yd":273,"pass_td":3,"pass_int":0,"rush_att":0,"rush_yd":0,"rush_td":0,"target_share":0,"team_pass_rate":67.2,"team_tgt":43,"team_pass_att":43},"pos_rank":7,"opp_rank_vs_pos":9,"game_status":"active","score":{"tm":23,"opp":28,"r":"L"}},{"week":11,"opp":"BUF","stats":{"pts_ppr":17.82,"pts_half_ppr":17.82,"off_snp":69,"tm_off_snp":70,"pass_att":28,"pass_cmp":16,"pass_yd":173,"pass_td":1,"pass_int":1,"rush_att":5,"rush_yd":39,"rush_td":1,"target_share":0,"team_pass_rate":41.8,"team_tgt":27,"team_pass_att":28},"pos_rank":7,"opp_rank_vs_pos":5,"game_status":"active","score":{"tm":32,"opp":44,"r":"L"}},{"week":12,"opp":"LAR","stats":{"pts_ppr":5.54,"pts_half_ppr":5.54,"off_snp":39,"tm_off_snp":70,"pass_att":19,"pass_cmp":9,"pass_yd":41,"pass_td":1,"pass_int":2,"rush_att":4,"rush_yd":19,"rush_td":0,"target_share":0,"team_pass_rate":54,"team_tgt":31,"team_pass_att":34},"pos_rank":27,"opp_rank_vs_pos":20,"game_status":"active","score":{"tm":7,"opp":34,"r":"L"}},{"week":13,"opp":"ARI","stats":{"pts_ppr":14.46,"pts_half_ppr":14.46,"off_snp":61,"tm_off_snp":61,"pass_att":28,"pass_cmp":18,"pass_yd":194,"pass_td":1,"pass_int":0,"rush_att":6,"rush_yd":27,"rush_td":0,"target_share":0,"team_pass_rate":50.9,"team_tgt":25,"team_pass_att":28},"pos_rank":18,"opp_rank_vs_pos":13,"game_status":"active","score":{"tm":20,"opp":17,"r":"W"}},{"week":14,"opp":"NO","stats":{"pts_ppr":12.08,"pts_half_ppr":12.08,"off_snp":74,"tm_off_snp":74,"pass_att":30,"pass_cmp":14,"pass_yd":122,"pass_td":1,"pass_int":1,"rush_att":6,"rush_yd":42,"rush_td":0,"target_share":0,"team_pass_rate":43.5,"team_tgt":28,"team_pass_att":30},"pos_rank":19,"opp_rank_vs_pos":10,"game_status":"active","score":{"tm":20,"opp":24,"r":"L"}},{"week":15,"opp":"ATL","stats":{"pts_ppr":20.18,"pts_half_ppr":20.18,"off_snp":69,"tm_off_snp":69,"pass_att":34,"pass_cmp":19,"pass_yd":277,"pass_td":2,"pass_int":1,"rush_att":1,"rush_yd":1,"rush_td":0,"target_share":0,"team_pass_rate":60.7,"team_tgt":32,"team_pass_att":34},"pos_rank":14,"opp_rank_vs_pos":23,"game_status":"active","score":{"tm":28,"opp":29,"r":"L"}},{"week":16,"opp":"CAR","stats":{"pts_ppr":13.7,"pts_half_ppr":13.7,"off_snp":64,"tm_off_snp":64,"pass_att":26,"pass_cmp":18,"pass_yd":145,"pass_td":1,"pass_int":1,"rush_att":4,"rush_yd":49,"rush_td":0,"target_share":0,"team_pass_rate":44.1,"team_tgt":25,"team_pass_att":26},"pos_rank":20,"opp_rank_vs_pos":3,"game_status":"active","score":{"tm":20,"opp":23,"r":"L"}},{"week":17,"opp":"MIA","stats":{"pts_ppr":19.44,"pts_half_ppr":19.44,"off_snp":67,"tm_off_snp":67,"pass_att":44,"pass_cmp":33,"pass_yd":346,"pass_td":2,"pass_int":2,"rush_att":3,"rush_yd":16,"rush_td":0,"target_share":0,"team_pass_rate":73.3,"team_tgt":44,"team_pass_att":44},"pos_rank":12,"opp_rank_vs_pos":21,"game_status":"active","score":{"tm":17,"opp":20,"r":"L"}},{"week":18,"opp":"CAR","stats":{"pts_ppr":14.22,"pts_half_ppr":14.22,"off_snp":67,"tm_off_snp":67,"pass_att":22,"pass_cmp":16,"pass_yd":203,"pass_td":1,"pass_int":1,"rush_att":4,"rush_yd":31,"rush_td":0,"target_share":0,"team_pass_rate":34.4,"team_tgt":22,"team_pass_att":22},"pos_rank":17,"opp_rank_vs_pos":3,"game_status":"active","score":{"tm":16,"opp":14,"r":"W"}}],"news":[],"availableSeasons":[2025,2024,2023],"multiSeasonStats":[{"season":2025,"ppg":16.642352941176476,"gamesPlayed":17,"pos1Pct":47.05882352941176,"pos2Pct":41.17647058823529,"pos3Pct":11.76470588235294,"bustPct":0},{"season":2024,"ppg":22.458823529411763,"gamesPlayed":17,"pos1Pct":76.47058823529412,"pos2Pct":11.76470588235294,"pos3Pct":11.76470588235294,"bustPct":0},{"season":2023,"ppg":16.709411764705884,"gamesPlayed":17,"pos1Pct":47.05882352941176,"pos2Pct":35.294117647058826,"pos3Pct":17.647058823529413,"bustPct":0}],"careerProfile":{"ppg":18.60352941176471,"gamesPlayed":51,"maxGames":51,"durabilityPct":100,"pos1Pct":56.86274509803921,"pos2Pct":29.411764705882355,"pos3Pct":13.725490196078432,"bustPct":0,"volatility":6.891141799013981,"volatilityLabel":"Moderate","seasons":3,"seasonPpgs":[{"season":2025,"ppg":16.642352941176476},{"season":2024,"ppg":22.458823529411763},{"season":2023,"ppg":16.709411764705884}],"smallSample":false},"dynasty":{"rank":108,"positionalRank":16,"value":4386,"overallTier":10,"positionalTier":5,"trend30":-18,"trend7":-15,"posTrend30":-3,"posTrend7":-2,"age":30.9,"position":"QB","team":"TBB","adp":104,"startupAdp":86,"tradeCount":28,"ageCurveTier":"Prime","ktcSlug":"baker-mayfield-215","draftRound":1,"draftPick":1,"draftYear":2018,"sf":{"rank":73,"positionalRank":20,"value":4769,"overallTier":10,"positionalTier":5,"trend30":-5,"trend7":-7,"posTrend30":-2,"posTrend7":-1,"adp":127,"startupAdp":37,"tradeCount":170}},"productionRiskBenchmarks":{"position":"QB","season":2025,"qualifiedThreshold":20,"posAvg":{"yardsPerCatch":7.033895368980252,"catchPct":64.41274974015475,"tdPerTarget":4.648342764753436,"fpPerUsage":0.42695141138361864},"posStdDev":{"tdPerTarget":2.004365903887098,"fpPerUsage":0.11956056698809349},"percentile":{"yardsPerCatch":50,"catchPct":44,"tdPerTarget":69,"fpPerUsage":66},"playerQualified":true},"bio":{"snapshot_bullets":["Drafted 2018: Round 1, Pick 1 (CLE)","Entered the league in 2018 and developed into a weekly fantasy option.","Broke out in 2024, establishing QB1-level fantasy production.","Generally available year-to-year, averaging 17.0 games over the last 3 seasons.","Enters 2026 as the Tampa Bay Buccaneers QB with a clear role in the offense."],"style":{"how_he_wins":"Wins with pocket passing and volume-driven production when the offense is operating efficiently.","how_he_wins_tags":["Pocket passer","Red-zone threat","Scrambler"],"fantasy_translation":"Value is tied closely to passing efficiency and TD production. Volume games create the ceiling.","fantasy_translation_tags":["TD-driven","Volume-dependent","Solid starter"]},"timeline":[{"label":"2018","badge":"Drafted","text":"Selected Round 1, Pick 1 by Cleveland Browns out of Oklahoma."},{"label":"2024","badge":"Breakout","text":"Production climbed into QB-starter territory (22.5 PPG across 17 games)."},{"label":"2025","badge":"Downtrend","text":"Recent production has dipped, posting 16.6 PPG in 2025."}],"career_context_tiles":[{"title":"Floor driver","text":"Passing volume/efficiency"},{"title":"Ceiling driver","text":"Multi-TD games + rushing TDs"},{"title":"Stability","text":"Moderate role in offense"},{"title":"Risk note","text":"Role decline risk"}],"narrative_paragraphs":["Baker Mayfield entered the NFL as a 1st-round pick (1 overall) in 2018 out of Oklahoma.","The turning point came in 2024, when his production climbed into QB-starter territory (22.5 PPG).","For fantasy managers, his floor is driven by passing volume/efficiency, while his ceiling spikes when multi-td games + rushing tds hit in the same week.","The main variable going forward is role decline risk, which can create week-to-week variance even when the overall role remains intact."],"last_updated":"2026-02-28","sources":[{"label":"Sleeper","url":"https://sleeper.com"},{"label":"NFL","url":"https://www.nfl.com/players/"},{"label":"Pro-Football-Reference","url":"https://www.pro-football-reference.com"}]}}