{"neighbors":[{"id":"4881","name":"Lamar Jackson","slug":"lamar-jackson","team":"BAL","position":"QB","posRank":16,"ppg":17.1},{"id":"3257","name":"Jacoby Brissett","slug":"jacoby-brissett","team":"ARI","position":"QB","posRank":17,"ppg":16.8},{"id":"11566","name":"Jayden Daniels","slug":"jayden-daniels","team":"WAS","position":"QB","posRank":18,"ppg":16.8},{"id":"5849","name":"Kyler Murray","slug":"kyler-murray","team":"ARI","position":"QB","posRank":20,"ppg":16.2},{"id":"6804","name":"Jordan Love","slug":"jordan-love","team":"GB","position":"QB","posRank":21,"ppg":16.1},{"id":"7591","name":"Justin Fields","slug":"justin-fields","team":"NYJ","position":"QB","posRank":22,"ppg":16}],"currentRank":19,"season":2025,"format":"ppr","position":"QB"}