[{"week":1,"opp":"CHI","stats":{"pts_ppr":0,"pts_half_ppr":null,"off_snp":9,"tm_off_snp":60,"rec_tgt":0,"rec":0,"rec_yd":0,"rec_td":0,"rush_att":0,"rush_yd":0,"rush_td":0,"target_share":0,"team_pass_rate":0,"team_tgt":38,"team_pass_att":0},"pos_rank":96,"opp_rank_vs_pos":20,"game_status":"active","score":{"tm":17,"opp":20,"r":"L"}},{"week":2,"opp":"ATL","stats":{"pts_ppr":0,"pts_half_ppr":null,"off_snp":5,"tm_off_snp":50,"rec_tgt":0,"rec":0,"rec_yd":0,"rec_td":0,"rush_att":0,"rush_yd":0,"rush_td":0,"target_share":0,"team_pass_rate":0,"team_tgt":32,"team_pass_att":0},"pos_rank":94,"opp_rank_vs_pos":23,"game_status":"active","score":{"tm":28,"opp":34,"r":"L"}},{"week":3,"opp":"NO","stats":{"pts_ppr":0,"pts_half_ppr":null,"off_snp":3,"tm_off_snp":79,"rec_tgt":0,"rec":0,"rec_yd":0,"rec_td":0,"rush_att":0,"rush_yd":0,"rush_td":0,"target_share":0,"team_pass_rate":0,"team_tgt":42,"team_pass_att":0},"pos_rank":91,"opp_rank_vs_pos":15,"game_status":"active","score":{"tm":24,"opp":28,"r":"L"}},{"week":4,"opp":"DET","stats":{"pts_ppr":0,"pts_half_ppr":null,"off_snp":6,"tm_off_snp":57,"rec_tgt":0,"rec":0,"rec_yd":0,"rec_td":0,"rush_att":0,"rush_yd":0,"rush_td":0,"target_share":0,"team_pass_rate":0,"team_tgt":18,"team_pass_att":0},"pos_rank":98,"opp_rank_vs_pos":27,"game_status":"active","score":{"tm":21,"opp":13,"r":"W"}},{"week":5,"opp":"LV","stats":{"pts_ppr":2.2,"pts_half_ppr":1.7,"off_snp":9,"tm_off_snp":58,"rec_tgt":1,"rec":1,"rec_yd":12,"rec_td":0,"rush_att":0,"rush_yd":0,"rush_td":0,"target_share":3.1,"team_pass_rate":0,"team_tgt":32,"team_pass_att":0},"pos_rank":48,"opp_rank_vs_pos":9,"game_status":"active","score":{"tm":20,"opp":27,"r":"L"}},{"week":6,"opp":"—","stats":{"pts_ppr":0},"game_status":"out"},{"week":7,"opp":"DEN","stats":{"pts_ppr":1.2,"pts_half_ppr":0.7,"off_snp":4,"tm_off_snp":64,"rec_tgt":1,"rec":1,"rec_yd":2,"rec_td":0,"rush_att":0,"rush_yd":0,"rush_td":0,"target_share":2.9,"team_pass_rate":0,"team_tgt":35,"team_pass_att":0},"pos_rank":42,"opp_rank_vs_pos":32,"game_status":"active","score":{"tm":22,"opp":17,"r":"W"}},{"week":8,"opp":"MIN","stats":{"pts_ppr":0,"pts_half_ppr":null,"off_snp":5,"tm_off_snp":68,"rec_tgt":0,"rec":0,"rec_yd":0,"rec_td":0,"rush_att":0,"rush_yd":0,"rush_td":0,"target_share":0,"team_pass_rate":50,"team_tgt":25,"team_pass_att":10},"pos_rank":90,"opp_rank_vs_pos":10,"game_status":"active","score":{"tm":24,"opp":10,"r":"W"}},{"week":9,"opp":"LAR","stats":{"pts_ppr":0,"pts_half_ppr":null,"off_snp":5,"tm_off_snp":72,"rec_tgt":0,"rec":0,"rec_yd":0,"rec_td":0,"rush_att":0,"rush_yd":0,"rush_td":0,"target_share":0,"team_pass_rate":50.9,"team_tgt":29,"team_pass_att":28},"pos_rank":85,"opp_rank_vs_pos":29,"game_status":"active","score":{"tm":31,"opp":28,"r":"W"}},{"week":10,"opp":"PIT","stats":{"pts_ppr":0,"pts_half_ppr":null,"off_snp":0,"tm_off_snp":68,"rec_tgt":0,"rec":0,"rec_yd":0,"rec_td":0,"rush_att":0,"rush_yd":0,"rush_td":0,"target_share":0,"team_pass_rate":0,"team_tgt":37,"team_pass_att":0},"pos_rank":null,"opp_rank_vs_pos":21,"game_status":"active","score":{"tm":27,"opp":19,"r":"W"}},{"week":11,"opp":"LAC","stats":{"pts_ppr":0,"pts_half_ppr":null,"off_snp":16,"tm_off_snp":72,"rec_tgt":0,"rec":0,"rec_yd":0,"rec_td":0,"rush_att":0,"rush_yd":0,"rush_td":0,"target_share":0,"team_pass_rate":0,"team_tgt":24,"team_pass_att":0},"pos_rank":83,"opp_rank_vs_pos":18,"game_status":"active","score":{"tm":20,"opp":21,"r":"L"}},{"week":12,"opp":"DET","stats":{"pts_ppr":0,"pts_half_ppr":null,"off_snp":14,"tm_off_snp":56,"rec_tgt":1,"rec":0,"rec_yd":0,"rec_td":0,"rush_att":0,"rush_yd":0,"rush_td":0,"target_share":4.5,"team_pass_rate":0,"team_tgt":22,"team_pass_att":0},"pos_rank":95,"opp_rank_vs_pos":27,"game_status":"active","score":{"tm":10,"opp":12,"r":"L"}},{"week":13,"opp":"KC","stats":{"pts_ppr":7.1,"pts_half_ppr":6.6,"off_snp":20,"tm_off_snp":64,"rec_tgt":1,"rec":1,"rec_yd":1,"rec_td":1,"rush_att":0,"rush_yd":0,"rush_td":0,"target_share":33.3,"team_pass_rate":0,"team_tgt":3,"team_pass_att":0},"pos_rank":16,"opp_rank_vs_pos":11,"game_status":"active","score":null},{"week":14,"opp":"NYG","stats":{"pts_ppr":0,"pts_half_ppr":null,"off_snp":10,"tm_off_snp":68,"rec_tgt":0,"rec":0,"rec_yd":0,"rec_td":0,"rush_att":0,"rush_yd":0,"rush_td":0,"target_share":0,"team_pass_rate":0,"team_tgt":24,"team_pass_att":0},"pos_rank":89,"opp_rank_vs_pos":6,"game_status":"active","score":{"tm":3,"opp":0,"r":"W"}},{"week":15,"opp":"TB","stats":{"pts_ppr":0,"pts_half_ppr":null,"off_snp":10,"tm_off_snp":60,"rec_tgt":1,"rec":0,"rec_yd":0,"rec_td":0,"rush_att":0,"rush_yd":0,"rush_td":0,"target_share":2.7,"team_pass_rate":0,"team_tgt":37,"team_pass_att":0},"pos_rank":95,"opp_rank_vs_pos":31,"game_status":"active","score":{"tm":24,"opp":27,"r":"L"}},{"week":16,"opp":"CAR","stats":{"pts_ppr":0,"pts_half_ppr":null,"off_snp":20,"tm_off_snp":66,"rec_tgt":0,"rec":0,"rec_yd":0,"rec_td":0,"rush_att":0,"rush_yd":0,"rush_td":0,"target_share":0,"team_pass_rate":0,"team_tgt":26,"team_pass_att":0},"pos_rank":93,"opp_rank_vs_pos":4,"game_status":"active","score":{"tm":24,"opp":30,"r":"L"}},{"week":17,"opp":"MIN","stats":{"pts_ppr":1.6,"pts_half_ppr":1.1,"off_snp":41,"tm_off_snp":74,"rec_tgt":1,"rec":1,"rec_yd":6,"rec_td":0,"rush_att":0,"rush_yd":0,"rush_td":0,"target_share":3.8,"team_pass_rate":0,"team_tgt":26,"team_pass_att":0},"pos_rank":55,"opp_rank_vs_pos":10,"game_status":"active","score":{"tm":10,"opp":33,"r":"L"}},{"week":18,"opp":"CHI","stats":{"pts_ppr":0,"pts_half_ppr":null,"off_snp":12,"tm_off_snp":60,"rec_tgt":0,"rec":0,"rec_yd":0,"rec_td":0,"rush_att":0,"rush_yd":0,"rush_td":0,"target_share":0,"team_pass_rate":28.9,"team_tgt":39,"team_pass_att":24},"pos_rank":91,"opp_rank_vs_pos":20,"game_status":"active","score":{"tm":20,"opp":30,"r":"L"}}]