{"id":"11082","name":"Ben Sims","slug":"ben-sims","position":"TE","team":"MIN","status":"Active","injury_status":null,"age":25,"height":"77","weight":"250","number":89,"depth_chart_order":4,"years_exp":3,"headshotUrl":null,"season":2025,"seasonLabel":"2025 Season Final","seasonRank":97,"trends":{"weeklyFantasyPoints":[0,0,0,0,0,0,0.9,0,0,0.3,1.8]},"gameLog":[{"week":1,"opp":"—","stats":{"pts_ppr":0},"game_status":"out"},{"week":2,"opp":"—","stats":{"pts_ppr":0},"game_status":"out"},{"week":3,"opp":"CLE","stats":{"pts_ppr":0,"pts_half_ppr":null,"off_snp":0,"tm_off_snp":65,"rec_tgt":0,"rec":0,"rec_yd":0,"rec_td":0,"rush_att":0,"rush_yd":0,"rush_td":0,"target_share":0,"team_pass_rate":48,"team_tgt":21,"team_pass_att":24},"pos_rank":null,"opp_rank_vs_pos":15,"game_status":"active","score":{"tm":48,"opp":10,"r":"W"}},{"week":4,"opp":"DAL","stats":{"pts_ppr":0,"pts_half_ppr":null,"off_snp":0,"tm_off_snp":83,"rec_tgt":0,"rec":0,"rec_yd":0,"rec_td":0,"rush_att":0,"rush_yd":0,"rush_td":0,"target_share":0,"team_pass_rate":69.7,"team_tgt":40,"team_pass_att":46},"pos_rank":null,"opp_rank_vs_pos":11,"game_status":"active","score":{"tm":21,"opp":24,"r":"L"}},{"week":5,"opp":"—","stats":{"pts_ppr":0},"game_status":"out"},{"week":6,"opp":"CIN","stats":{"pts_ppr":0,"pts_half_ppr":null,"off_snp":1,"tm_off_snp":61,"rec_tgt":0,"rec":0,"rec_yd":0,"rec_td":0,"rush_att":0,"rush_yd":0,"rush_td":0,"target_share":null,"team_pass_rate":null,"team_tgt":0,"team_pass_att":0},"pos_rank":86,"opp_rank_vs_pos":32,"game_status":"active","score":null},{"week":7,"opp":"—","stats":{"pts_ppr":0},"game_status":"out"},{"week":8,"opp":"—","stats":{"pts_ppr":0},"game_status":"out"},{"week":9,"opp":"—","stats":{"pts_ppr":0},"game_status":"out"},{"week":10,"opp":"BAL","stats":{"pts_ppr":0,"pts_half_ppr":null,"off_snp":6,"tm_off_snp":65,"rec_tgt":0,"rec":0,"rec_yd":0,"rec_td":0,"rush_att":0,"rush_yd":0,"rush_td":0,"target_share":0,"team_pass_rate":70,"team_tgt":38,"team_pass_att":42},"pos_rank":78,"opp_rank_vs_pos":7,"game_status":"active","score":{"tm":19,"opp":27,"r":"L"}},{"week":11,"opp":"—","stats":{"pts_ppr":0},"game_status":"out"},{"week":12,"opp":"GB","stats":{"pts_ppr":0,"pts_half_ppr":null,"off_snp":1,"tm_off_snp":44,"rec_tgt":0,"rec":0,"rec_yd":0,"rec_td":0,"rush_att":0,"rush_yd":0,"rush_td":0,"target_share":0,"team_pass_rate":48.7,"team_tgt":17,"team_pass_att":19},"pos_rank":80,"opp_rank_vs_pos":6,"game_status":"active","score":{"tm":6,"opp":23,"r":"L"}},{"week":13,"opp":"SEA","stats":{"pts_ppr":0,"pts_half_ppr":null,"off_snp":3,"tm_off_snp":52,"rec_tgt":0,"rec":0,"rec_yd":0,"rec_td":0,"rush_att":0,"rush_yd":0,"rush_td":0,"target_share":0,"team_pass_rate":65.2,"team_tgt":29,"team_pass_att":30},"pos_rank":87,"opp_rank_vs_pos":20,"game_status":"active","score":{"tm":0,"opp":26,"r":"L"}},{"week":14,"opp":"WAS","stats":{"pts_ppr":1.9,"pts_half_ppr":1.4,"off_snp":19,"tm_off_snp":64,"rec_tgt":1,"rec":1,"rec_yd":9,"rec_td":0,"rush_att":0,"rush_yd":0,"rush_td":0,"target_share":4.3,"team_pass_rate":40.4,"team_tgt":23,"team_pass_att":23},"pos_rank":45,"opp_rank_vs_pos":30,"game_status":"active","score":{"tm":31,"opp":0,"r":"W"}},{"week":15,"opp":"DAL","stats":{"pts_ppr":0,"pts_half_ppr":null,"off_snp":9,"tm_off_snp":55,"rec_tgt":0,"rec":0,"rec_yd":0,"rec_td":0,"rush_att":0,"rush_yd":0,"rush_td":0,"target_share":0,"team_pass_rate":47.1,"team_tgt":24,"team_pass_att":24},"pos_rank":88,"opp_rank_vs_pos":11,"game_status":"active","score":{"tm":34,"opp":26,"r":"W"}},{"week":16,"opp":"NYG","stats":{"pts_ppr":0,"pts_half_ppr":null,"off_snp":8,"tm_off_snp":61,"rec_tgt":0,"rec":0,"rec_yd":0,"rec_td":0,"rush_att":0,"rush_yd":0,"rush_td":0,"target_share":0,"team_pass_rate":43.4,"team_tgt":23,"team_pass_att":23},"pos_rank":87,"opp_rank_vs_pos":5,"game_status":"active","score":{"tm":16,"opp":13,"r":"W"}},{"week":17,"opp":"DET","stats":{"pts_ppr":1.3,"pts_half_ppr":0.8,"off_snp":14,"tm_off_snp":54,"rec_tgt":1,"rec":1,"rec_yd":3,"rec_td":0,"rush_att":0,"rush_yd":0,"rush_td":0,"target_share":7.1,"team_pass_rate":36.4,"team_tgt":14,"team_pass_att":16},"pos_rank":56,"opp_rank_vs_pos":18,"game_status":"active","score":{"tm":23,"opp":10,"r":"W"}},{"week":18,"opp":"GB","stats":{"pts_ppr":2.8,"pts_half_ppr":2.3,"off_snp":0,"tm_off_snp":0,"rec_tgt":4,"rec":1,"rec_yd":18,"rec_td":0,"rush_att":0,"rush_yd":0,"rush_td":0,"target_share":13.8,"team_pass_rate":50.8,"team_tgt":29,"team_pass_att":31},"pos_rank":36,"opp_rank_vs_pos":6,"game_status":"active","score":{"tm":16,"opp":3,"r":"W"}}],"news":[],"availableSeasons":[2025,2024,2023],"multiSeasonStats":[{"season":2025,"ppg":0.3333333333333333,"gamesPlayed":9,"pos1Pct":0,"pos2Pct":0,"pos3Pct":11.11111111111111,"bustPct":88.88888888888889},{"season":2024,"ppg":0.24705882352941178,"gamesPlayed":17,"pos1Pct":0,"pos2Pct":5.88235294117647,"pos3Pct":0,"bustPct":94.11764705882352},{"season":2023,"ppg":0.50625,"gamesPlayed":16,"pos1Pct":0,"pos2Pct":6.25,"pos3Pct":0,"bustPct":93.75}],"careerProfile":{"ppg":0.36428571428571427,"gamesPlayed":42,"maxGames":51,"durabilityPct":82.35294117647058,"pos1Pct":0,"pos2Pct":4.761904761904762,"pos3Pct":2.380952380952381,"bustPct":92.85714285714286,"volatility":1.1276613893626195,"volatilityLabel":"Low","seasons":3,"seasonPpgs":[{"season":2025,"ppg":0.3333333333333333},{"season":2024,"ppg":0.24705882352941178},{"season":2023,"ppg":0.50625}],"smallSample":false},"dynasty":null,"productionRiskBenchmarks":{"position":"TE","season":2025,"qualifiedThreshold":20,"posAvg":{"yardsPerCatch":10.353010625737898,"catchPct":72.70386266094421,"tdPerTarget":5.836909871244635,"fpPerUsage":null},"posStdDev":{"tdPerTarget":3.750250597745987},"percentile":null,"playerQualified":false}}