{"neighbors":[{"id":"8489","name":"Drew Ogletree","slug":"drew-ogletree","team":"IND","position":"TE","posRank":96,"ppg":0.8},{"id":"7075","name":"Charlie Woerner","slug":"charlie-woerner","team":"ATL","position":"TE","posRank":97,"ppg":0.8},{"id":"11820","name":"Devin Culp","slug":"devin-culp","team":"TB","position":"TE","posRank":98,"ppg":0.8},{"id":"7602","name":"Kylen Granson","slug":"kylen-granson","team":"PHI","position":"TE","posRank":100,"ppg":0.6},{"id":"12480","name":"Moliki Matavao","slug":"moliki-matavao","team":"NO","position":"TE","posRank":101,"ppg":0.6},{"id":"12062","name":"Cam Grandy","slug":"cam-grandy","team":"CIN","position":"TE","posRank":102,"ppg":0.5}],"currentRank":99,"season":2025,"format":"ppr","position":"TE"}