[{"week":1,"opp":"PIT","stats":{"pts_ppr":16.1,"pts_half_ppr":13.6,"off_snp":50,"tm_off_snp":56,"rush_att":18,"rush_yd":68,"rush_td":0,"rec_tgt":5,"rec":5,"rec_yd":43,"rec_td":0,"target_share":31.3,"team_pass_rate":54.2,"team_tgt":16,"team_pass_att":26},"pos_rank":20,"opp_rank_vs_pos":10,"game_status":"active","score":{"tm":10,"opp":18,"r":"L"}},{"week":2,"opp":"PHI","stats":{"pts_ppr":16.2,"pts_half_ppr":14.2,"off_snp":46,"tm_off_snp":61,"rush_att":14,"rush_yd":97,"rush_td":0,"rec_tgt":5,"rec":4,"rec_yd":25,"rec_td":0,"target_share":20.8,"team_pass_rate":51.8,"team_tgt":24,"team_pass_att":29},"pos_rank":15,"opp_rank_vs_pos":2,"game_status":"active","score":{"tm":22,"opp":21,"r":"W"}},{"week":3,"opp":"KC","stats":{"pts_ppr":13.2,"pts_half_ppr":12.2,"off_snp":50,"tm_off_snp":61,"rush_att":16,"rush_yd":31,"rush_td":1,"rec_tgt":2,"rec":2,"rec_yd":21,"rec_td":0,"target_share":8.3,"team_pass_rate":54.7,"team_tgt":24,"team_pass_att":29},"pos_rank":17,"opp_rank_vs_pos":1,"game_status":"active","score":{"tm":17,"opp":22,"r":"L"}},{"week":4,"opp":"NO","stats":{"pts_ppr":11.4,"pts_half_ppr":9.4,"off_snp":36,"tm_off_snp":56,"rush_att":7,"rush_yd":28,"rush_td":0,"rec_tgt":4,"rec":4,"rec_yd":46,"rec_td":0,"target_share":13.3,"team_pass_rate":70,"team_tgt":30,"team_pass_att":35},"pos_rank":29,"opp_rank_vs_pos":28,"game_status":"active","score":{"tm":26,"opp":24,"r":"W"}},{"week":5,"opp":"TB","stats":{"pts_ppr":10.7,"pts_half_ppr":9.2,"off_snp":58,"tm_off_snp":87,"rush_att":12,"rush_yd":61,"rush_td":0,"rec_tgt":3,"rec":3,"rec_yd":16,"rec_td":0,"target_share":6.3,"team_pass_rate":76.3,"team_tgt":48,"team_pass_att":58},"pos_rank":27,"opp_rank_vs_pos":9,"game_status":"active","score":{"tm":36,"opp":30,"r":"W"}},{"week":6,"opp":"CAR","stats":{"pts_ppr":25.5,"pts_half_ppr":24,"off_snp":39,"tm_off_snp":70,"rush_att":15,"rush_yd":95,"rush_td":2,"rec_tgt":4,"rec":3,"rec_yd":10,"rec_td":0,"target_share":16,"team_pass_rate":44.8,"team_tgt":25,"team_pass_att":30},"pos_rank":4,"opp_rank_vs_pos":32,"game_status":"active","score":{"tm":38,"opp":20,"r":"W"}},{"week":7,"opp":"SEA","stats":{"pts_ppr":23.3,"pts_half_ppr":21.8,"off_snp":50,"tm_off_snp":73,"rush_att":21,"rush_yd":103,"rush_td":1,"rec_tgt":5,"rec":3,"rec_yd":40,"rec_td":0,"target_share":15.6,"team_pass_rate":57.1,"team_tgt":32,"team_pass_att":36},"pos_rank":10,"opp_rank_vs_pos":8,"game_status":"active","score":{"tm":14,"opp":34,"r":"L"}},{"week":8,"opp":"TB","stats":{"pts_ppr":23.6,"pts_half_ppr":20.1,"off_snp":42,"tm_off_snp":62,"rush_att":13,"rush_yd":63,"rush_td":0,"rec_tgt":7,"rec":7,"rec_yd":43,"rec_td":1,"target_share":28,"team_pass_rate":50.9,"team_tgt":25,"team_pass_att":29},"pos_rank":8,"opp_rank_vs_pos":9,"game_status":"active","score":{"tm":31,"opp":26,"r":"W"}},{"week":9,"opp":"DAL","stats":{"pts_ppr":21.5,"pts_half_ppr":18,"off_snp":42,"tm_off_snp":57,"rush_att":19,"rush_yd":86,"rush_td":0,"rec_tgt":7,"rec":7,"rec_yd":59,"rec_td":0,"target_share":33.3,"team_pass_rate":44.4,"team_tgt":21,"team_pass_att":24},"pos_rank":11,"opp_rank_vs_pos":19,"game_status":"active","score":{"tm":27,"opp":21,"r":"W"}},{"week":10,"opp":"NO","stats":{"pts_ppr":29.4,"pts_half_ppr":27.9,"off_snp":61,"tm_off_snp":78,"rush_att":20,"rush_yd":116,"rush_td":2,"rec_tgt":4,"rec":3,"rec_yd":28,"rec_td":0,"target_share":12.1,"team_pass_rate":55.1,"team_tgt":33,"team_pass_att":38},"pos_rank":1,"opp_rank_vs_pos":28,"game_status":"active","score":{"tm":17,"opp":20,"r":"L"}},{"week":11,"opp":"DEN","stats":{"pts_ppr":10.3,"pts_half_ppr":8.3,"off_snp":42,"tm_off_snp":59,"rush_att":12,"rush_yd":35,"rush_td":0,"rec_tgt":4,"rec":4,"rec_yd":28,"rec_td":0,"target_share":18.2,"team_pass_rate":70.5,"team_tgt":22,"team_pass_att":31},"pos_rank":27,"opp_rank_vs_pos":16,"game_status":"active","score":{"tm":6,"opp":38,"r":"L"}},{"week":12,"opp":"BYE","stats":{"pts_ppr":0},"game_status":"bye"},{"week":13,"opp":"LAC","stats":{"pts_ppr":25.5,"pts_half_ppr":22.5,"off_snp":61,"tm_off_snp":81,"rush_att":26,"rush_yd":102,"rush_td":1,"rec_tgt":6,"rec":6,"rec_yd":33,"rec_td":0,"target_share":18.2,"team_pass_rate":52,"team_tgt":33,"team_pass_att":39},"pos_rank":2,"opp_rank_vs_pos":5,"game_status":"active","score":{"tm":13,"opp":17,"r":"L"}},{"week":14,"opp":"MIN","stats":{"pts_ppr":20.1,"pts_half_ppr":19.1,"off_snp":63,"tm_off_snp":74,"rush_att":22,"rush_yd":92,"rush_td":1,"rec_tgt":2,"rec":2,"rec_yd":9,"rec_td":0,"target_share":7.4,"team_pass_rate":54.4,"team_tgt":27,"team_pass_att":37},"pos_rank":8,"opp_rank_vs_pos":11,"game_status":"active","score":{"tm":21,"opp":42,"r":"L"}},{"week":15,"opp":"LV","stats":{"pts_ppr":14.5,"pts_half_ppr":14,"off_snp":44,"tm_off_snp":58,"rush_att":22,"rush_yd":125,"rush_td":0,"rec_tgt":2,"rec":1,"rec_yd":10,"rec_td":0,"target_share":15.4,"team_pass_rate":31.5,"team_tgt":13,"team_pass_att":17},"pos_rank":14,"opp_rank_vs_pos":13,"game_status":"active","score":{"tm":15,"opp":9,"r":"W"}},{"week":16,"opp":"NYG","stats":{"pts_ppr":24.3,"pts_half_ppr":23.3,"off_snp":50,"tm_off_snp":67,"rush_att":22,"rush_yd":94,"rush_td":2,"rec_tgt":2,"rec":2,"rec_yd":9,"rec_td":0,"target_share":9.1,"team_pass_rate":41.5,"team_tgt":22,"team_pass_att":27},"pos_rank":8,"opp_rank_vs_pos":27,"game_status":"active","score":{"tm":34,"opp":7,"r":"W"}},{"week":17,"opp":"WAS","stats":{"pts_ppr":24.8,"pts_half_ppr":23.3,"off_snp":58,"tm_off_snp":64,"rush_att":17,"rush_yd":90,"rush_td":2,"rec_tgt":5,"rec":3,"rec_yd":8,"rec_td":0,"target_share":14.3,"team_pass_rate":61.4,"team_tgt":35,"team_pass_att":35},"pos_rank":4,"opp_rank_vs_pos":29,"game_status":"active","score":{"tm":24,"opp":30,"r":"L"}},{"week":18,"opp":"CAR","stats":{"pts_ppr":31.3,"pts_half_ppr":30.3,"off_snp":69,"tm_off_snp":79,"rush_att":28,"rush_yd":170,"rush_td":2,"rec_tgt":5,"rec":2,"rec_yd":3,"rec_td":0,"target_share":13.9,"team_pass_rate":50,"team_tgt":36,"team_pass_att":38},"pos_rank":2,"opp_rank_vs_pos":32,"game_status":"active","score":{"tm":38,"opp":44,"r":"L"}}]