[{"week":1,"opp":"SEA","stats":{"pts_ppr":0,"pts_half_ppr":null,"off_snp":24,"tm_off_snp":69,"rec_tgt":1,"rec":0,"rec_yd":0,"rec_td":0,"rush_att":0,"rush_yd":0,"rush_td":0,"target_share":3.7,"team_pass_rate":61.8,"team_tgt":27,"team_pass_att":42},"pos_rank":65,"opp_rank_vs_pos":13,"game_status":"active","score":{"tm":20,"opp":26,"r":"L"}},{"week":2,"opp":"PIT","stats":{"pts_ppr":0,"pts_half_ppr":null,"off_snp":25,"tm_off_snp":61,"rec_tgt":0,"rec":0,"rec_yd":0,"rec_td":0,"rush_att":0,"rush_yd":0,"rush_td":0,"target_share":0,"team_pass_rate":54.7,"team_tgt":16,"team_pass_att":35},"pos_rank":66,"opp_rank_vs_pos":24,"game_status":"active","score":{"tm":6,"opp":13,"r":"L"}},{"week":3,"opp":"TB","stats":{"pts_ppr":2.3,"pts_half_ppr":1.8,"off_snp":46,"tm_off_snp":68,"rec_tgt":1,"rec":1,"rec_yd":13,"rec_td":0,"rush_att":0,"rush_yd":0,"rush_td":0,"target_share":3,"team_pass_rate":47.4,"team_tgt":33,"team_pass_att":36},"pos_rank":37,"opp_rank_vs_pos":26,"game_status":"active","score":{"tm":26,"opp":7,"r":"W"}},{"week":4,"opp":"NYJ","stats":{"pts_ppr":0,"pts_half_ppr":null,"off_snp":28,"tm_off_snp":61,"rec_tgt":0,"rec":0,"rec_yd":0,"rec_td":0,"rush_att":0,"rush_yd":0,"rush_td":0,"target_share":0,"team_pass_rate":46.3,"team_tgt":22,"team_pass_att":25},"pos_rank":66,"opp_rank_vs_pos":8,"game_status":"active","score":{"tm":10,"opp":9,"r":"W"}},{"week":5,"opp":"LV","stats":{"pts_ppr":2.9,"pts_half_ppr":2.4,"off_snp":34,"tm_off_snp":63,"rec_tgt":1,"rec":1,"rec_yd":19,"rec_td":0,"rush_att":0,"rush_yd":0,"rush_td":0,"target_share":5.9,"team_pass_rate":64.3,"team_tgt":17,"team_pass_att":27},"pos_rank":34,"opp_rank_vs_pos":28,"game_status":"active","score":{"tm":34,"opp":18,"r":"W"}},{"week":6,"opp":"LAC","stats":{"pts_ppr":0,"pts_half_ppr":null,"off_snp":17,"tm_off_snp":55,"rec_tgt":0,"rec":0,"rec_yd":0,"rec_td":0,"rush_att":0,"rush_yd":0,"rush_td":0,"target_share":0,"team_pass_rate":48.5,"team_tgt":32,"team_pass_att":33},"pos_rank":62,"opp_rank_vs_pos":4,"game_status":"active","score":{"tm":16,"opp":23,"r":"L"}},{"week":7,"opp":"NO","stats":{"pts_ppr":0,"pts_half_ppr":null,"off_snp":40,"tm_off_snp":65,"rec_tgt":3,"rec":0,"rec_yd":0,"rec_td":0,"rush_att":0,"rush_yd":0,"rush_td":0,"target_share":11.1,"team_pass_rate":46.4,"team_tgt":27,"team_pass_att":26},"pos_rank":66,"opp_rank_vs_pos":10,"game_status":"active","score":{"tm":33,"opp":10,"r":"W"}},{"week":8,"opp":"CAR","stats":{"pts_ppr":18.5,"pts_half_ppr":16.5,"off_snp":41,"tm_off_snp":73,"rec_tgt":4,"rec":4,"rec_yd":85,"rec_td":1,"rush_att":0,"rush_yd":0,"rush_td":0,"target_share":9.8,"team_pass_rate":54.4,"team_tgt":41,"team_pass_att":37},"pos_rank":5,"opp_rank_vs_pos":31,"game_status":"active","score":{"tm":28,"opp":14,"r":"W"}},{"week":9,"opp":"BAL","stats":{"pts_ppr":1.4,"pts_half_ppr":0.9,"off_snp":44,"tm_off_snp":72,"rec_tgt":1,"rec":1,"rec_yd":4,"rec_td":0,"rush_att":0,"rush_yd":0,"rush_td":0,"target_share":2.6,"team_pass_rate":56.9,"team_tgt":38,"team_pass_att":33},"pos_rank":50,"opp_rank_vs_pos":19,"game_status":"active","score":{"tm":10,"opp":41,"r":"L"}},{"week":10,"opp":"KC","stats":{"pts_ppr":4.4,"pts_half_ppr":3.9,"off_snp":34,"tm_off_snp":58,"rec_tgt":1,"rec":1,"rec_yd":34,"rec_td":0,"rush_att":0,"rush_yd":0,"rush_td":0,"target_share":3,"team_pass_rate":56.6,"team_tgt":33,"team_pass_att":30},"pos_rank":21,"opp_rank_vs_pos":29,"game_status":"active","score":{"tm":14,"opp":16,"r":"L"}},{"week":11,"opp":"ATL","stats":{"pts_ppr":0,"pts_half_ppr":null,"off_snp":37,"tm_off_snp":62,"rec_tgt":1,"rec":0,"rec_yd":0,"rec_td":0,"rush_att":0,"rush_yd":0,"rush_td":0,"target_share":3.6,"team_pass_rate":57.9,"team_tgt":28,"team_pass_att":33},"pos_rank":64,"opp_rank_vs_pos":22,"game_status":"active","score":{"tm":38,"opp":6,"r":"W"}},{"week":12,"opp":"LV","stats":{"pts_ppr":1.3,"pts_half_ppr":0.8,"off_snp":36,"tm_off_snp":68,"rec_tgt":2,"rec":1,"rec_yd":3,"rec_td":0,"rush_att":0,"rush_yd":0,"rush_td":0,"target_share":6.7,"team_pass_rate":72.4,"team_tgt":30,"team_pass_att":42},"pos_rank":44,"opp_rank_vs_pos":28,"game_status":"active","score":{"tm":29,"opp":19,"r":"W"}},{"week":13,"opp":"CLE","stats":{"pts_ppr":0,"pts_half_ppr":null,"off_snp":37,"tm_off_snp":66,"rec_tgt":1,"rec":0,"rec_yd":0,"rec_td":0,"rush_att":0,"rush_yd":0,"rush_td":0,"target_share":2.9,"team_pass_rate":66,"team_tgt":34,"team_pass_att":35},"pos_rank":72,"opp_rank_vs_pos":25,"game_status":"active","score":{"tm":41,"opp":32,"r":"W"}},{"week":14,"opp":"BYE","stats":{"pts_ppr":0},"game_status":"bye"},{"week":15,"opp":"IND","stats":{"pts_ppr":10,"pts_half_ppr":9,"off_snp":27,"tm_off_snp":63,"rec_tgt":2,"rec":2,"rec_yd":20,"rec_td":1,"rush_att":0,"rush_yd":0,"rush_td":0,"target_share":7.4,"team_pass_rate":67.3,"team_tgt":27,"team_pass_att":33},"pos_rank":9,"opp_rank_vs_pos":27,"game_status":"active","score":{"tm":31,"opp":13,"r":"W"}},{"week":16,"opp":"LAC","stats":{"pts_ppr":1.5,"pts_half_ppr":1,"off_snp":28,"tm_off_snp":64,"rec_tgt":1,"rec":1,"rec_yd":5,"rec_td":0,"rush_att":0,"rush_yd":0,"rush_td":0,"target_share":5,"team_pass_rate":90.9,"team_tgt":20,"team_pass_att":40},"pos_rank":50,"opp_rank_vs_pos":4,"game_status":"active","score":{"tm":27,"opp":34,"r":"L"}},{"week":17,"opp":"CIN","stats":{"pts_ppr":1.5,"pts_half_ppr":1,"off_snp":29,"tm_off_snp":60,"rec_tgt":3,"rec":1,"rec_yd":5,"rec_td":0,"rush_att":0,"rush_yd":0,"rush_td":0,"target_share":11.1,"team_pass_rate":45.6,"team_tgt":27,"team_pass_att":31},"pos_rank":46,"opp_rank_vs_pos":32,"game_status":"active","score":{"tm":24,"opp":30,"r":"L"}},{"week":18,"opp":"KC","stats":{"pts_ppr":0,"pts_half_ppr":null,"off_snp":47,"tm_off_snp":74,"rec_tgt":0,"rec":0,"rec_yd":0,"rec_td":0,"rush_att":0,"rush_yd":0,"rush_td":0,"target_share":0,"team_pass_rate":36.7,"team_tgt":25,"team_pass_att":29},"pos_rank":70,"opp_rank_vs_pos":29,"game_status":"active","score":{"tm":38,"opp":0,"r":"W"}}]