[{"week":1,"opp":"LV","stats":{"pts_ppr":8.4,"pts_half_ppr":5.9,"off_snp":46,"tm_off_snp":64,"rec_tgt":5,"rec":5,"rec_yd":34,"rec_td":0,"rush_att":0,"rush_yd":0,"rush_td":0,"target_share":21.7,"team_pass_rate":0,"team_tgt":23,"team_pass_att":0},"pos_rank":10,"opp_rank_vs_pos":13,"game_status":"active","score":{"tm":16,"opp":17,"r":"L"}},{"week":2,"opp":"WAS","stats":{"pts_ppr":0,"pts_half_ppr":null,"off_snp":54,"tm_off_snp":66,"rec_tgt":1,"rec":0,"rec_yd":0,"rec_td":0,"rush_att":0,"rush_yd":0,"rush_td":0,"target_share":4.3,"team_pass_rate":0,"team_tgt":23,"team_pass_att":0},"pos_rank":71,"opp_rank_vs_pos":12,"game_status":"active","score":{"tm":33,"opp":35,"r":"L"}},{"week":3,"opp":"MIA","stats":{"pts_ppr":0,"pts_half_ppr":null,"off_snp":54,"tm_off_snp":62,"rec_tgt":2,"rec":0,"rec_yd":0,"rec_td":0,"rush_att":0,"rush_yd":0,"rush_td":0,"target_share":7.4,"team_pass_rate":0,"team_tgt":27,"team_pass_att":0},"pos_rank":72,"opp_rank_vs_pos":27,"game_status":"active","score":{"tm":20,"opp":70,"r":"L"}},{"week":4,"opp":"CHI","stats":{"pts_ppr":0,"pts_half_ppr":null,"off_snp":42,"tm_off_snp":48,"rec_tgt":1,"rec":0,"rec_yd":0,"rec_td":0,"rush_att":0,"rush_yd":0,"rush_td":0,"target_share":4.3,"team_pass_rate":0,"team_tgt":23,"team_pass_att":0},"pos_rank":73,"opp_rank_vs_pos":21,"game_status":"active","score":{"tm":31,"opp":28,"r":"W"}},{"week":5,"opp":"NYJ","stats":{"pts_ppr":12.6,"pts_half_ppr":10.6,"off_snp":57,"tm_off_snp":63,"rec_tgt":5,"rec":4,"rec_yd":26,"rec_td":1,"rush_att":0,"rush_yd":0,"rush_td":0,"target_share":21.7,"team_pass_rate":0,"team_tgt":23,"team_pass_att":0},"pos_rank":10,"opp_rank_vs_pos":23,"game_status":"active","score":{"tm":21,"opp":31,"r":"L"}},{"week":6,"opp":"KC","stats":{"pts_ppr":1.4,"pts_half_ppr":0.9,"off_snp":36,"tm_off_snp":52,"rec_tgt":2,"rec":1,"rec_yd":4,"rec_td":0,"rush_att":0,"rush_yd":0,"rush_td":0,"target_share":11.8,"team_pass_rate":0,"team_tgt":17,"team_pass_att":0},"pos_rank":48,"opp_rank_vs_pos":9,"game_status":"active","score":{"tm":8,"opp":19,"r":"L"}},{"week":7,"opp":"GB","stats":{"pts_ppr":1.5,"pts_half_ppr":1,"off_snp":43,"tm_off_snp":59,"rec_tgt":2,"rec":1,"rec_yd":5,"rec_td":0,"rush_att":0,"rush_yd":0,"rush_td":0,"target_share":10.5,"team_pass_rate":0,"team_tgt":19,"team_pass_att":0},"pos_rank":37,"opp_rank_vs_pos":17,"game_status":"active","score":{"tm":19,"opp":17,"r":"W"}},{"week":8,"opp":"KC","stats":{"pts_ppr":0,"pts_half_ppr":null,"off_snp":58,"tm_off_snp":71,"rec_tgt":0,"rec":0,"rec_yd":0,"rec_td":0,"rush_att":0,"rush_yd":0,"rush_td":0,"target_share":0,"team_pass_rate":0,"team_tgt":16,"team_pass_att":0},"pos_rank":68,"opp_rank_vs_pos":9,"game_status":"active","score":{"tm":24,"opp":9,"r":"W"}},{"week":9,"opp":"BYE","stats":{"pts_ppr":0},"game_status":"bye"},{"week":10,"opp":"BUF","stats":{"pts_ppr":3.5,"pts_half_ppr":2.5,"off_snp":48,"tm_off_snp":75,"rec_tgt":2,"rec":2,"rec_yd":15,"rec_td":0,"rush_att":0,"rush_yd":0,"rush_td":0,"target_share":7.7,"team_pass_rate":0,"team_tgt":26,"team_pass_att":0},"pos_rank":31,"opp_rank_vs_pos":10,"game_status":"active","score":{"tm":24,"opp":22,"r":"W"}},{"week":11,"opp":"MIN","stats":{"pts_ppr":5.3,"pts_half_ppr":4.3,"off_snp":43,"tm_off_snp":55,"rec_tgt":2,"rec":2,"rec_yd":33,"rec_td":0,"rush_att":0,"rush_yd":0,"rush_td":0,"target_share":9.1,"team_pass_rate":0,"team_tgt":22,"team_pass_att":0},"pos_rank":23,"opp_rank_vs_pos":11,"game_status":"active","score":{"tm":21,"opp":20,"r":"W"}},{"week":12,"opp":"CLE","stats":{"pts_ppr":7.8,"pts_half_ppr":7.3,"off_snp":61,"tm_off_snp":67,"rec_tgt":1,"rec":1,"rec_yd":8,"rec_td":1,"rush_att":0,"rush_yd":0,"rush_td":0,"target_share":5.3,"team_pass_rate":0,"team_tgt":19,"team_pass_att":0},"pos_rank":20,"opp_rank_vs_pos":1,"game_status":"active","score":{"tm":29,"opp":12,"r":"W"}},{"week":13,"opp":"HOU","stats":{"pts_ppr":1.6,"pts_half_ppr":1.1,"off_snp":38,"tm_off_snp":60,"rec_tgt":2,"rec":1,"rec_yd":6,"rec_td":0,"rush_att":0,"rush_yd":0,"rush_td":0,"target_share":8.3,"team_pass_rate":0,"team_tgt":24,"team_pass_att":0},"pos_rank":44,"opp_rank_vs_pos":28,"game_status":"active","score":{"tm":17,"opp":22,"r":"L"}},{"week":14,"opp":"LAC","stats":{"pts_ppr":9.9,"pts_half_ppr":8.9,"off_snp":46,"tm_off_snp":67,"rec_tgt":3,"rec":2,"rec_yd":19,"rec_td":1,"rush_att":0,"rush_yd":0,"rush_td":0,"target_share":11.5,"team_pass_rate":0,"team_tgt":26,"team_pass_att":0},"pos_rank":15,"opp_rank_vs_pos":19,"game_status":"active","score":{"tm":24,"opp":7,"r":"W"}},{"week":15,"opp":"DET","stats":{"pts_ppr":3.4,"pts_half_ppr":2.9,"off_snp":30,"tm_off_snp":64,"rec_tgt":3,"rec":1,"rec_yd":24,"rec_td":0,"rush_att":0,"rush_yd":0,"rush_td":0,"target_share":11.1,"team_pass_rate":0,"team_tgt":27,"team_pass_att":0},"pos_rank":43,"opp_rank_vs_pos":25,"game_status":"active","score":{"tm":17,"opp":42,"r":"L"}},{"week":16,"opp":"NE","stats":{"pts_ppr":0,"pts_half_ppr":null,"off_snp":34,"tm_off_snp":69,"rec_tgt":1,"rec":0,"rec_yd":0,"rec_td":0,"rush_att":0,"rush_yd":0,"rush_td":0,"target_share":3.2,"team_pass_rate":0,"team_tgt":31,"team_pass_att":0},"pos_rank":72,"opp_rank_vs_pos":4,"game_status":"active","score":{"tm":23,"opp":26,"r":"L"}},{"week":17,"opp":"LAC","stats":{"pts_ppr":1.9,"pts_half_ppr":1.4,"off_snp":34,"tm_off_snp":69,"rec_tgt":2,"rec":1,"rec_yd":9,"rec_td":0,"rush_att":0,"rush_yd":0,"rush_td":0,"target_share":11.1,"team_pass_rate":66.7,"team_tgt":18,"team_pass_att":32},"pos_rank":48,"opp_rank_vs_pos":19,"game_status":"active","score":{"tm":16,"opp":9,"r":"W"}},{"week":18,"opp":"LV","stats":{"pts_ppr":3.1,"pts_half_ppr":2.6,"off_snp":31,"tm_off_snp":61,"rec_tgt":1,"rec":1,"rec_yd":21,"rec_td":0,"rush_att":0,"rush_yd":0,"rush_td":0,"target_share":4.8,"team_pass_rate":81,"team_tgt":21,"team_pass_att":34},"pos_rank":40,"opp_rank_vs_pos":13,"game_status":"active","score":{"tm":14,"opp":27,"r":"L"}}]