{"id":"6869","name":"Adam Trautman","slug":"adam-trautman","position":"TE","team":"DEN","status":"Active","injury_status":null,"age":29,"height":"77","weight":"253","number":82,"depth_chart_order":2,"years_exp":6,"headshotUrl":null,"season":2025,"seasonLabel":"2025 Season Final","seasonRank":60,"trends":{"weeklyFantasyPoints":[1,8.5,0,4.2,1.6,0,0,0,3.5,0.7,1.3,6.2,2.7,0,2.4,3.4,0]},"gameLog":[{"week":1,"opp":"TEN","stats":{"pts_ppr":1.5,"pts_half_ppr":1,"off_snp":44,"tm_off_snp":76,"rec_tgt":1,"rec":1,"rec_yd":5,"rec_td":0,"rush_att":0,"rush_yd":0,"rush_td":0,"target_share":2.9,"team_pass_rate":57.1,"team_tgt":35,"team_pass_att":40},"pos_rank":51,"opp_rank_vs_pos":19,"game_status":"active","score":{"tm":20,"opp":12,"r":"W"}},{"week":2,"opp":"IND","stats":{"pts_ppr":10,"pts_half_ppr":8.5,"off_snp":36,"tm_off_snp":58,"rec_tgt":3,"rec":3,"rec_yd":10,"rec_td":1,"rush_att":0,"rush_yd":0,"rush_td":0,"target_share":10.3,"team_pass_rate":55.6,"team_tgt":29,"team_pass_att":30},"pos_rank":10,"opp_rank_vs_pos":28,"game_status":"active","score":{"tm":28,"opp":29,"r":"L"}},{"week":3,"opp":"LAC","stats":{"pts_ppr":0,"pts_half_ppr":null,"off_snp":19,"tm_off_snp":52,"rec_tgt":0,"rec":0,"rec_yd":0,"rec_td":0,"rush_att":0,"rush_yd":0,"rush_td":0,"target_share":0,"team_pass_rate":54.3,"team_tgt":23,"team_pass_att":25},"pos_rank":67,"opp_rank_vs_pos":7,"game_status":"active","score":{"tm":20,"opp":23,"r":"L"}},{"week":4,"opp":"CIN","stats":{"pts_ppr":5.2,"pts_half_ppr":4.2,"off_snp":42,"tm_off_snp":81,"rec_tgt":3,"rec":2,"rec_yd":32,"rec_td":0,"rush_att":0,"rush_yd":0,"rush_td":0,"target_share":7.1,"team_pass_rate":53.2,"team_tgt":42,"team_pass_att":42},"pos_rank":29,"opp_rank_vs_pos":32,"game_status":"active","score":{"tm":28,"opp":3,"r":"W"}},{"week":5,"opp":"PHI","stats":{"pts_ppr":2.1,"pts_half_ppr":1.6,"off_snp":31,"tm_off_snp":74,"rec_tgt":1,"rec":1,"rec_yd":11,"rec_td":0,"rush_att":0,"rush_yd":0,"rush_td":0,"target_share":2.9,"team_pass_rate":58.2,"team_tgt":34,"team_pass_att":39},"pos_rank":44,"opp_rank_vs_pos":2,"game_status":"active","score":{"tm":21,"opp":17,"r":"W"}},{"week":6,"opp":"NYJ","stats":{"pts_ppr":0,"pts_half_ppr":null,"off_snp":23,"tm_off_snp":60,"rec_tgt":0,"rec":0,"rec_yd":0,"rec_td":0,"rush_att":0,"rush_yd":0,"rush_td":0,"target_share":0,"team_pass_rate":54.5,"team_tgt":34,"team_pass_att":30},"pos_rank":68,"opp_rank_vs_pos":21,"game_status":"active","score":{"tm":13,"opp":11,"r":"W"}},{"week":7,"opp":"NYG","stats":{"pts_ppr":0,"pts_half_ppr":null,"off_snp":25,"tm_off_snp":81,"rec_tgt":0,"rec":0,"rec_yd":0,"rec_td":0,"rush_att":0,"rush_yd":0,"rush_td":0,"target_share":0,"team_pass_rate":67.6,"team_tgt":49,"team_pass_att":50},"pos_rank":65,"opp_rank_vs_pos":6,"game_status":"active","score":{"tm":33,"opp":32,"r":"W"}},{"week":8,"opp":"DAL","stats":{"pts_ppr":0,"pts_half_ppr":null,"off_snp":40,"tm_off_snp":63,"rec_tgt":0,"rec":0,"rec_yd":0,"rec_td":0,"rush_att":0,"rush_yd":0,"rush_td":0,"target_share":0,"team_pass_rate":50.9,"team_tgt":27,"team_pass_att":29},"pos_rank":58,"opp_rank_vs_pos":12,"game_status":"active","score":{"tm":44,"opp":24,"r":"W"}},{"week":9,"opp":"HOU","stats":{"pts_ppr":4.5,"pts_half_ppr":3.5,"off_snp":46,"tm_off_snp":63,"rec_tgt":2,"rec":2,"rec_yd":25,"rec_td":0,"rush_att":0,"rush_yd":0,"rush_td":0,"target_share":6.1,"team_pass_rate":62.7,"team_tgt":33,"team_pass_att":37},"pos_rank":36,"opp_rank_vs_pos":14,"game_status":"active","score":{"tm":18,"opp":15,"r":"W"}},{"week":10,"opp":"LV","stats":{"pts_ppr":1.2,"pts_half_ppr":0.7,"off_snp":42,"tm_off_snp":61,"rec_tgt":1,"rec":1,"rec_yd":2,"rec_td":0,"rush_att":0,"rush_yd":0,"rush_td":0,"target_share":3.8,"team_pass_rate":50.9,"team_tgt":26,"team_pass_att":28},"pos_rank":52,"opp_rank_vs_pos":4,"game_status":"active","score":{"tm":10,"opp":7,"r":"W"}},{"week":11,"opp":"KC","stats":{"pts_ppr":1.8,"pts_half_ppr":1.3,"off_snp":41,"tm_off_snp":62,"rec_tgt":1,"rec":1,"rec_yd":8,"rec_td":0,"rush_att":0,"rush_yd":0,"rush_td":0,"target_share":3,"team_pass_rate":63.8,"team_tgt":33,"team_pass_att":37},"pos_rank":46,"opp_rank_vs_pos":10,"game_status":"active","score":{"tm":22,"opp":19,"r":"W"}},{"week":12,"opp":"BYE","stats":{"pts_ppr":0},"game_status":"bye"},{"week":13,"opp":"WAS","stats":{"pts_ppr":7.7,"pts_half_ppr":6.2,"off_snp":41,"tm_off_snp":70,"rec_tgt":4,"rec":3,"rec_yd":47,"rec_td":0,"rush_att":0,"rush_yd":0,"rush_td":0,"target_share":9.5,"team_pass_rate":67.2,"team_tgt":42,"team_pass_att":45},"pos_rank":19,"opp_rank_vs_pos":30,"game_status":"active","score":{"tm":27,"opp":26,"r":"W"}},{"week":14,"opp":"LV","stats":{"pts_ppr":3.7,"pts_half_ppr":2.7,"off_snp":55,"tm_off_snp":74,"rec_tgt":2,"rec":2,"rec_yd":17,"rec_td":0,"rush_att":0,"rush_yd":0,"rush_td":0,"target_share":5.9,"team_pass_rate":56.7,"team_tgt":34,"team_pass_att":38},"pos_rank":30,"opp_rank_vs_pos":4,"game_status":"active","score":{"tm":24,"opp":17,"r":"W"}},{"week":15,"opp":"GB","stats":{"pts_ppr":0,"pts_half_ppr":null,"off_snp":42,"tm_off_snp":68,"rec_tgt":0,"rec":0,"rec_yd":0,"rec_td":0,"rush_att":0,"rush_yd":0,"rush_td":0,"target_share":0,"team_pass_rate":53.1,"team_tgt":31,"team_pass_att":34},"pos_rank":71,"opp_rank_vs_pos":9,"game_status":"active","score":{"tm":34,"opp":26,"r":"W"}},{"week":16,"opp":"JAX","stats":{"pts_ppr":3.4,"pts_half_ppr":2.4,"off_snp":38,"tm_off_snp":66,"rec_tgt":3,"rec":2,"rec_yd":14,"rec_td":0,"rush_att":0,"rush_yd":0,"rush_td":0,"target_share":6.5,"team_pass_rate":73.4,"team_tgt":46,"team_pass_att":47},"pos_rank":43,"opp_rank_vs_pos":26,"game_status":"active","score":{"tm":20,"opp":34,"r":"L"}},{"week":17,"opp":"KC","stats":{"pts_ppr":4.4,"pts_half_ppr":3.4,"off_snp":52,"tm_off_snp":72,"rec_tgt":2,"rec":2,"rec_yd":24,"rec_td":0,"rush_att":0,"rush_yd":0,"rush_td":0,"target_share":5.7,"team_pass_rate":55.9,"team_tgt":35,"team_pass_att":38},"pos_rank":33,"opp_rank_vs_pos":10,"game_status":"active","score":{"tm":20,"opp":13,"r":"W"}},{"week":18,"opp":"LAC","stats":{"pts_ppr":0,"pts_half_ppr":null,"off_snp":0,"tm_off_snp":0,"rec_tgt":0,"rec":0,"rec_yd":0,"rec_td":0,"rush_att":0,"rush_yd":0,"rush_td":0,"target_share":0,"team_pass_rate":42.6,"team_tgt":23,"team_pass_att":23},"pos_rank":null,"opp_rank_vs_pos":7,"game_status":"active","score":{"tm":19,"opp":3,"r":"W"}}],"news":[],"availableSeasons":[2025,2024,2023],"multiSeasonStats":[{"season":2025,"ppg":2.2187499999999996,"gamesPlayed":16,"pos1Pct":6.25,"pos2Pct":6.25,"pos3Pct":25,"bustPct":62.5},{"season":2024,"ppg":2.1941176470588233,"gamesPlayed":17,"pos1Pct":11.76470588235294,"pos2Pct":0,"pos3Pct":5.88235294117647,"bustPct":82.35294117647058},{"season":2023,"ppg":2.9058823529411764,"gamesPlayed":17,"pos1Pct":5.88235294117647,"pos2Pct":23.52941176470588,"pos3Pct":5.88235294117647,"bustPct":64.70588235294117}],"careerProfile":{"ppg":2.444,"gamesPlayed":50,"maxGames":51,"durabilityPct":98.0392156862745,"pos1Pct":8,"pos2Pct":10,"pos3Pct":12,"bustPct":70,"volatility":3.433755604439606,"volatilityLabel":"Low","seasons":3,"seasonPpgs":[{"season":2025,"ppg":2.2187499999999996},{"season":2024,"ppg":2.1941176470588233},{"season":2023,"ppg":2.9058823529411764}],"smallSample":false},"dynasty":null,"productionRiskBenchmarks":{"position":"TE","season":2025,"qualifiedThreshold":20,"posAvg":{"yardsPerCatch":10.353010625737898,"catchPct":72.70386266094421,"tdPerTarget":5.836909871244635,"fpPerUsage":null},"posStdDev":{"tdPerTarget":3.750250597745987},"percentile":{"yardsPerCatch":43,"catchPct":101,"tdPerTarget":39,"fpPerUsage":null},"playerQualified":true}}