{"neighbors":[{"id":"10231","name":"Elijah Higgins","slug":"elijah-higgins","team":"ARI","position":"TE","posRank":57,"ppg":1.8},{"id":"12473","name":"Mitchell Evans","slug":"mitchell-evans","team":"CAR","position":"TE","posRank":58,"ppg":1.7},{"id":"8127","name":"Charlie Kolar","slug":"charlie-kolar","team":"BAL","position":"TE","posRank":59,"ppg":1.6},{"id":"9481","name":"Luke Musgrave","slug":"luke-musgrave","team":"GB","position":"TE","posRank":61,"ppg":1.6},{"id":"8181","name":"Connor Heyward","slug":"connor-heyward","team":"PIT","position":"TE","posRank":62,"ppg":1.5},{"id":"8145","name":"Jeremy Ruckert","slug":"jeremy-ruckert","team":"NYJ","position":"TE","posRank":63,"ppg":1.5}],"currentRank":60,"season":2025,"format":"standard","position":"TE"}