[{"week":1,"opp":"SF","stats":{"pts_ppr":9.58,"pts_half_ppr":9.58,"off_snp":38,"tm_off_snp":51,"pass_att":21,"pass_cmp":13,"pass_yd":167,"pass_td":1,"pass_int":1,"rush_att":1,"rush_yd":-1,"rush_td":0,"target_share":0,"team_pass_rate":84,"team_tgt":18,"team_pass_att":21},"pos_rank":26,"opp_rank_vs_pos":7,"game_status":"active","score":{"tm":18,"opp":10,"r":"W"}},{"week":2,"opp":"TEN","stats":{"pts_ppr":15.14,"pts_half_ppr":15.14,"off_snp":57,"tm_off_snp":57,"pass_att":30,"pass_cmp":18,"pass_yd":176,"pass_td":2,"pass_int":0,"rush_att":2,"rush_yd":1,"rush_td":0,"target_share":0,"team_pass_rate":75.9,"team_tgt":31,"team_pass_att":44},"pos_rank":12,"opp_rank_vs_pos":24,"game_status":"active","score":{"tm":13,"opp":6,"r":"W"}},{"week":3,"opp":"NE","stats":{"pts_ppr":21.04,"pts_half_ppr":21.04,"off_snp":73,"tm_off_snp":73,"pass_att":35,"pass_cmp":27,"pass_yd":281,"pass_td":2,"pass_int":0,"rush_att":3,"rush_yd":18,"rush_td":0,"target_share":0,"team_pass_rate":90,"team_tgt":28,"team_pass_att":54},"pos_rank":10,"opp_rank_vs_pos":6,"game_status":"active","score":{"tm":20,"opp":10,"r":"W"}},{"week":4,"opp":"DEN","stats":{"pts_ppr":11.6,"pts_half_ppr":11.6,"off_snp":74,"tm_off_snp":74,"pass_att":42,"pass_cmp":24,"pass_yd":225,"pass_td":0,"pass_int":0,"rush_att":5,"rush_yd":26,"rush_td":0,"target_share":0,"team_pass_rate":89.4,"team_tgt":25,"team_pass_att":59},"pos_rank":20,"opp_rank_vs_pos":4,"game_status":"active","score":{"tm":24,"opp":27,"r":"L"}},{"week":5,"opp":"MIN","stats":{"pts_ppr":14.76,"pts_half_ppr":14.76,"off_snp":72,"tm_off_snp":72,"pass_att":54,"pass_cmp":29,"pass_yd":244,"pass_td":2,"pass_int":3,"rush_att":0,"rush_yd":0,"rush_td":0,"target_share":0,"team_pass_rate":98.2,"team_tgt":29,"team_pass_att":54},"pos_rank":18,"opp_rank_vs_pos":17,"game_status":"active","score":{"tm":17,"opp":20,"r":"L"}},{"week":6,"opp":"BUF","stats":{"pts_ppr":18.76,"pts_half_ppr":18.76,"off_snp":63,"tm_off_snp":63,"pass_att":35,"pass_cmp":23,"pass_yd":294,"pass_td":2,"pass_int":1,"rush_att":0,"rush_yd":0,"rush_td":0,"target_share":0,"team_pass_rate":79.5,"team_tgt":25,"team_pass_att":35},"pos_rank":15,"opp_rank_vs_pos":10,"game_status":"active","score":{"tm":32,"opp":13,"r":"W"}},{"week":7,"opp":"PIT","stats":{"pts_ppr":15.04,"pts_half_ppr":15.04,"off_snp":57,"tm_off_snp":57,"pass_att":39,"pass_cmp":24,"pass_yd":276,"pass_td":1,"pass_int":2,"rush_att":0,"rush_yd":0,"rush_td":0,"target_share":0,"team_pass_rate":72.5,"team_tgt":29,"team_pass_att":79},"pos_rank":14,"opp_rank_vs_pos":14,"game_status":"active","score":{"tm":37,"opp":15,"r":"W"}},{"week":8,"opp":"NE","stats":{"pts_ppr":17.32,"pts_half_ppr":17.32,"off_snp":62,"tm_off_snp":62,"pass_att":28,"pass_cmp":17,"pass_yd":233,"pass_td":2,"pass_int":0,"rush_att":0,"rush_yd":0,"rush_td":0,"target_share":0,"team_pass_rate":78.6,"team_tgt":19,"team_pass_att":66},"pos_rank":17,"opp_rank_vs_pos":6,"game_status":"active","score":{"tm":26,"opp":18,"r":"W"}},{"week":9,"opp":"HOU","stats":{"pts_ppr":20.34,"pts_half_ppr":20.34,"off_snp":58,"tm_off_snp":58,"pass_att":32,"pass_cmp":22,"pass_yd":211,"pass_td":3,"pass_int":0,"rush_att":1,"rush_yd":-1,"rush_td":0,"target_share":0,"team_pass_rate":86.7,"team_tgt":8,"team_pass_att":65},"pos_rank":10,"opp_rank_vs_pos":13,"game_status":"active","score":null},{"week":10,"opp":"ARI","stats":{"pts_ppr":4.04,"pts_half_ppr":4.04,"off_snp":58,"tm_off_snp":58,"pass_att":35,"pass_cmp":22,"pass_yd":151,"pass_td":0,"pass_int":0,"rush_att":0,"rush_yd":0,"rush_td":0,"target_share":0,"team_pass_rate":62.5,"team_tgt":22,"team_pass_att":35},"pos_rank":27,"opp_rank_vs_pos":31,"game_status":"active","score":{"tm":28,"opp":27,"r":"W"}},{"week":11,"opp":"IND","stats":{"pts_ppr":16.06,"pts_half_ppr":16.06,"off_snp":51,"tm_off_snp":51,"pass_att":29,"pass_cmp":22,"pass_yd":184,"pass_td":2,"pass_int":0,"rush_att":1,"rush_yd":7,"rush_td":0,"target_share":0,"team_pass_rate":67.4,"team_tgt":35,"team_pass_att":29},"pos_rank":22,"opp_rank_vs_pos":22,"game_status":"active","score":{"tm":18,"opp":16,"r":"W"}},{"week":12,"opp":"—","stats":{"pts_ppr":0},"game_status":"out"},{"week":13,"opp":"SEA","stats":{"pts_ppr":15,"pts_half_ppr":15,"off_snp":68,"tm_off_snp":68,"pass_att":39,"pass_cmp":21,"pass_yd":185,"pass_td":2,"pass_int":1,"rush_att":2,"rush_yd":6,"rush_td":0,"target_share":0,"team_pass_rate":88.6,"team_tgt":38,"team_pass_att":39},"pos_rank":23,"opp_rank_vs_pos":20,"game_status":"active","score":{"tm":44,"opp":38,"r":"W"}},{"week":14,"opp":"MIA","stats":{"pts_ppr":17.56,"pts_half_ppr":17.56,"off_snp":68,"tm_off_snp":68,"pass_att":39,"pass_cmp":27,"pass_yd":339,"pass_td":1,"pass_int":0,"rush_att":0,"rush_yd":0,"rush_td":0,"target_share":0,"team_pass_rate":76.5,"team_tgt":36,"team_pass_att":39},"pos_rank":11,"opp_rank_vs_pos":11,"game_status":"active","score":{"tm":27,"opp":14,"r":"W"}},{"week":15,"opp":"JAX","stats":{"pts_ppr":30.06,"pts_half_ppr":30.06,"off_snp":58,"tm_off_snp":58,"pass_att":30,"pass_cmp":16,"pass_yd":289,"pass_td":3,"pass_int":0,"rush_att":6,"rush_yd":45,"rush_td":0,"target_share":0,"team_pass_rate":73.7,"team_tgt":39,"team_pass_att":56},"pos_rank":4,"opp_rank_vs_pos":27,"game_status":"active","score":{"tm":13,"opp":27,"r":"L"}},{"week":16,"opp":"LAR","stats":{"pts_ppr":12.84,"pts_half_ppr":12.84,"off_snp":69,"tm_off_snp":69,"pass_att":42,"pass_cmp":28,"pass_yd":256,"pass_td":1,"pass_int":0,"rush_att":1,"rush_yd":6,"rush_td":0,"target_share":0,"team_pass_rate":78.4,"team_tgt":30,"team_pass_att":76},"pos_rank":22,"opp_rank_vs_pos":25,"game_status":"active","score":{"tm":17,"opp":34,"r":"L"}},{"week":17,"opp":"BUF","stats":{"pts_ppr":2.48,"pts_half_ppr":2.48,"off_snp":40,"tm_off_snp":63,"pass_att":18,"pass_cmp":12,"pass_yd":112,"pass_td":0,"pass_int":2,"rush_att":0,"rush_yd":0,"rush_td":0,"target_share":0,"team_pass_rate":72.1,"team_tgt":31,"team_pass_att":49},"pos_rank":36,"opp_rank_vs_pos":10,"game_status":"active","score":{"tm":10,"opp":29,"r":"L"}},{"week":18,"opp":"MIA","stats":{"pts_ppr":25.96,"pts_half_ppr":25.96,"off_snp":64,"tm_off_snp":64,"pass_att":36,"pass_cmp":23,"pass_yd":274,"pass_td":4,"pass_int":1,"rush_att":0,"rush_yd":0,"rush_td":0,"target_share":0,"team_pass_rate":71.4,"team_tgt":42,"team_pass_att":45},"pos_rank":8,"opp_rank_vs_pos":11,"game_status":"active","score":{"tm":17,"opp":19,"r":"L"}}]