{"id":"96","name":"Aaron Rodgers","slug":"aaron-rodgers","position":"QB","team":"PIT","status":"Active","injury_status":null,"age":42,"height":"74","weight":"223","number":8,"depth_chart_order":1,"years_exp":21,"headshotUrl":null,"season":2025,"seasonLabel":"2025 Season Final","seasonRank":27,"trends":{"weeklyFantasyPoints":[25.66,12.42,12.66,12.8,17.5,24.56,16.76,12.12,8.44,9.44,2.68,21.46,16.96,15.54,7.32,17.76]},"gameLog":[{"week":1,"opp":"NYJ","stats":{"pts_ppr":25.66,"pts_half_ppr":25.66,"off_snp":56,"tm_off_snp":56,"pass_att":30,"pass_cmp":22,"pass_yd":244,"pass_td":4,"pass_int":0,"rush_att":1,"rush_yd":-1,"rush_td":0,"target_share":0,"team_pass_rate":60,"team_tgt":29,"team_pass_att":30},"pos_rank":7,"opp_rank_vs_pos":26,"game_status":"active","score":{"tm":34,"opp":32,"r":"W"}},{"week":2,"opp":"SEA","stats":{"pts_ppr":12.42,"pts_half_ppr":12.42,"off_snp":59,"tm_off_snp":62,"pass_att":33,"pass_cmp":18,"pass_yd":203,"pass_td":1,"pass_int":2,"rush_att":1,"rush_yd":3,"rush_td":0,"target_share":0,"team_pass_rate":62.5,"team_tgt":32,"team_pass_att":35},"pos_rank":24,"opp_rank_vs_pos":8,"game_status":"active","score":{"tm":17,"opp":31,"r":"L"}},{"week":3,"opp":"NE","stats":{"pts_ppr":12.66,"pts_half_ppr":12.66,"off_snp":54,"tm_off_snp":54,"pass_att":23,"pass_cmp":16,"pass_yd":139,"pass_td":2,"pass_int":1,"rush_att":4,"rush_yd":1,"rush_td":0,"target_share":0,"team_pass_rate":46.9,"team_tgt":23,"team_pass_att":23},"pos_rank":24,"opp_rank_vs_pos":9,"game_status":"active","score":{"tm":21,"opp":14,"r":"W"}},{"week":4,"opp":"MIN","stats":{"pts_ppr":12.8,"pts_half_ppr":12.8,"off_snp":53,"tm_off_snp":53,"pass_att":22,"pass_cmp":18,"pass_yd":200,"pass_td":1,"pass_int":0,"rush_att":3,"rush_yd":8,"rush_td":0,"target_share":0,"team_pass_rate":43.1,"team_tgt":22,"team_pass_att":22},"pos_rank":23,"opp_rank_vs_pos":1,"game_status":"active","score":{"tm":24,"opp":21,"r":"W"}},{"week":5,"opp":"BYE","stats":{"pts_ppr":0},"game_status":"bye"},{"week":6,"opp":"CLE","stats":{"pts_ppr":17.5,"pts_half_ppr":17.5,"off_snp":56,"tm_off_snp":59,"pass_att":30,"pass_cmp":21,"pass_yd":235,"pass_td":2,"pass_int":0,"rush_att":1,"rush_yd":1,"rush_td":0,"target_share":0,"team_pass_rate":51.7,"team_tgt":32,"team_pass_att":30},"pos_rank":16,"opp_rank_vs_pos":2,"game_status":"active","score":{"tm":23,"opp":9,"r":"W"}},{"week":7,"opp":"CIN","stats":{"pts_ppr":24.56,"pts_half_ppr":24.56,"off_snp":57,"tm_off_snp":57,"pass_att":34,"pass_cmp":23,"pass_yd":249,"pass_td":4,"pass_int":2,"rush_att":1,"rush_yd":6,"rush_td":0,"target_share":0,"team_pass_rate":63,"team_tgt":33,"team_pass_att":34},"pos_rank":7,"opp_rank_vs_pos":28,"game_status":"active","score":{"tm":31,"opp":33,"r":"L"}},{"week":8,"opp":"GB","stats":{"pts_ppr":16.76,"pts_half_ppr":16.76,"off_snp":63,"tm_off_snp":63,"pass_att":36,"pass_cmp":24,"pass_yd":219,"pass_td":2,"pass_int":0,"rush_att":0,"rush_yd":0,"rush_td":0,"target_share":0,"team_pass_rate":66.7,"team_tgt":31,"team_pass_att":36},"pos_rank":15,"opp_rank_vs_pos":22,"game_status":"active","score":{"tm":25,"opp":35,"r":"L"}},{"week":9,"opp":"IND","stats":{"pts_ppr":12.12,"pts_half_ppr":12.12,"off_snp":62,"tm_off_snp":62,"pass_att":35,"pass_cmp":25,"pass_yd":203,"pass_td":1,"pass_int":0,"rush_att":2,"rush_yd":0,"rush_td":0,"target_share":0,"team_pass_rate":60.3,"team_tgt":35,"team_pass_att":35},"pos_rank":21,"opp_rank_vs_pos":19,"game_status":"active","score":{"tm":27,"opp":20,"r":"W"}},{"week":10,"opp":"LAC","stats":{"pts_ppr":8.44,"pts_half_ppr":8.44,"off_snp":52,"tm_off_snp":52,"pass_att":31,"pass_cmp":16,"pass_yd":161,"pass_td":1,"pass_int":2,"rush_att":0,"rush_yd":0,"rush_td":0,"target_share":0,"team_pass_rate":66,"team_tgt":28,"team_pass_att":31},"pos_rank":22,"opp_rank_vs_pos":4,"game_status":"active","score":{"tm":10,"opp":25,"r":"L"}},{"week":11,"opp":"CIN","stats":{"pts_ppr":9.44,"pts_half_ppr":9.44,"off_snp":37,"tm_off_snp":65,"pass_att":15,"pass_cmp":9,"pass_yd":116,"pass_td":1,"pass_int":0,"rush_att":1,"rush_yd":8,"rush_td":0,"target_share":0,"team_pass_rate":52.5,"team_tgt":29,"team_pass_att":31},"pos_rank":23,"opp_rank_vs_pos":28,"game_status":"active","score":{"tm":34,"opp":12,"r":"W"}},{"week":12,"opp":"—","stats":{"pts_ppr":0},"game_status":"out"},{"week":13,"opp":"BUF","stats":{"pts_ppr":2.68,"pts_half_ppr":2.68,"off_snp":36,"tm_off_snp":43,"pass_att":21,"pass_cmp":10,"pass_yd":117,"pass_td":0,"pass_int":0,"rush_att":1,"rush_yd":0,"rush_td":0,"target_share":0,"team_pass_rate":57.1,"team_tgt":22,"team_pass_att":24},"pos_rank":31,"opp_rank_vs_pos":5,"game_status":"active","score":{"tm":7,"opp":26,"r":"L"}},{"week":14,"opp":"BAL","stats":{"pts_ppr":21.46,"pts_half_ppr":20.96,"off_snp":52,"tm_off_snp":52,"pass_att":34,"pass_cmp":23,"pass_yd":284,"pass_td":1,"pass_int":0,"rush_att":2,"rush_yd":0,"rush_td":1,"target_share":0,"team_pass_rate":66.7,"team_tgt":31,"team_pass_att":34},"pos_rank":8,"opp_rank_vs_pos":18,"game_status":"active","score":{"tm":27,"opp":22,"r":"W"}},{"week":15,"opp":"MIA","stats":{"pts_ppr":16.96,"pts_half_ppr":16.96,"off_snp":66,"tm_off_snp":66,"pass_att":27,"pass_cmp":23,"pass_yd":224,"pass_td":2,"pass_int":0,"rush_att":0,"rush_yd":0,"rush_td":0,"target_share":0,"team_pass_rate":45.8,"team_tgt":26,"team_pass_att":27},"pos_rank":18,"opp_rank_vs_pos":21,"game_status":"active","score":{"tm":28,"opp":15,"r":"W"}},{"week":16,"opp":"DET","stats":{"pts_ppr":15.54,"pts_half_ppr":15.54,"off_snp":74,"tm_off_snp":74,"pass_att":41,"pass_cmp":27,"pass_yd":266,"pass_td":1,"pass_int":0,"rush_att":2,"rush_yd":9,"rush_td":0,"target_share":0,"team_pass_rate":60.3,"team_tgt":34,"team_pass_att":41},"pos_rank":18,"opp_rank_vs_pos":25,"game_status":"active","score":{"tm":29,"opp":24,"r":"W"}},{"week":17,"opp":"CLE","stats":{"pts_ppr":7.32,"pts_half_ppr":7.32,"off_snp":66,"tm_off_snp":66,"pass_att":39,"pass_cmp":21,"pass_yd":168,"pass_td":0,"pass_int":0,"rush_att":1,"rush_yd":6,"rush_td":0,"target_share":0,"team_pass_rate":61.9,"team_tgt":32,"team_pass_att":39},"pos_rank":28,"opp_rank_vs_pos":2,"game_status":"active","score":{"tm":6,"opp":13,"r":"L"}},{"week":18,"opp":"BAL","stats":{"pts_ppr":17.76,"pts_half_ppr":17.76,"off_snp":0,"tm_off_snp":0,"pass_att":47,"pass_cmp":31,"pass_yd":294,"pass_td":1,"pass_int":0,"rush_att":1,"rush_yd":20,"rush_td":0,"target_share":0,"team_pass_rate":66.2,"team_tgt":38,"team_pass_att":47},"pos_rank":9,"opp_rank_vs_pos":18,"game_status":"active","score":{"tm":26,"opp":24,"r":"W"}}],"news":[],"availableSeasons":[2025,2024,2023],"multiSeasonStats":[{"season":2025,"ppg":14.629999999999999,"gamesPlayed":16,"pos1Pct":25,"pos2Pct":62.5,"pos3Pct":12.5,"bustPct":0},{"season":2024,"ppg":15.739999999999998,"gamesPlayed":17,"pos1Pct":35.294117647058826,"pos2Pct":47.05882352941176,"pos3Pct":17.647058823529413,"bustPct":0},{"season":2023,"ppg":0,"gamesPlayed":1,"pos1Pct":0,"pos2Pct":0,"pos3Pct":100,"bustPct":0}],"careerProfile":{"ppg":14.754705882352942,"gamesPlayed":34,"maxGames":51,"durabilityPct":66.66666666666666,"pos1Pct":29.411764705882355,"pos2Pct":52.94117647058824,"pos3Pct":17.647058823529413,"bustPct":0,"volatility":6.880944806203938,"volatilityLabel":"Moderate","seasons":3,"seasonPpgs":[{"season":2025,"ppg":14.629999999999999},{"season":2024,"ppg":15.739999999999998},{"season":2023,"ppg":0}],"smallSample":false},"dynasty":{"rank":369,"positionalRank":39,"value":1526,"overallTier":18,"positionalTier":11,"trend30":-50,"trend7":-46,"posTrend30":-4,"posTrend7":-4,"age":42.2,"position":"QB","team":"PIT","adp":131,"startupAdp":203,"tradeCount":2,"ageCurveTier":"Declining","ktcSlug":"aaron-rodgers-235","draftRound":1,"draftPick":24,"draftYear":2005,"sf":{"rank":317,"positionalRank":45,"value":1705,"overallTier":15,"positionalTier":12,"trend30":-25,"trend7":-24,"posTrend30":-5,"posTrend7":-4,"adp":139,"startupAdp":159,"tradeCount":52}},"productionRiskBenchmarks":{"position":"QB","season":2025,"qualifiedThreshold":20,"posAvg":{"yardsPerCatch":7.033895368980252,"catchPct":64.41274974015475,"tdPerTarget":4.648342764753436,"fpPerUsage":0.42695141138361864},"posStdDev":{"tdPerTarget":2.004365903887098,"fpPerUsage":0.11956056698809349},"percentile":{"yardsPerCatch":42,"catchPct":64,"tdPerTarget":74,"fpPerUsage":69},"playerQualified":true}}