[{"week":1,"opp":"—","stats":{"pts_ppr":0},"game_status":"out"},{"week":2,"opp":"—","stats":{"pts_ppr":0},"game_status":"out"},{"week":3,"opp":"—","stats":{"pts_ppr":0},"game_status":"out"},{"week":4,"opp":"CLE","stats":{"pts_ppr":0,"pts_half_ppr":null,"off_snp":1,"tm_off_snp":59,"rec_tgt":0,"rec":0,"rec_yd":0,"rec_td":0,"rush_att":0,"rush_yd":0,"rush_td":0,"target_share":0,"team_pass_rate":70,"team_tgt":19,"team_pass_att":56},"pos_rank":127,"opp_rank_vs_pos":31,"game_status":"active","score":{"tm":20,"opp":16,"r":"W"}},{"week":5,"opp":"DEN","stats":{"pts_ppr":0,"pts_half_ppr":null,"off_snp":1,"tm_off_snp":70,"rec_tgt":0,"rec":0,"rec_yd":0,"rec_td":0,"rush_att":0,"rush_yd":0,"rush_td":0,"target_share":0,"team_pass_rate":70.6,"team_tgt":25,"team_pass_att":60},"pos_rank":112,"opp_rank_vs_pos":9,"game_status":"active","score":{"tm":18,"opp":34,"r":"L"}},{"week":6,"opp":"PIT","stats":{"pts_ppr":6.1,"pts_half_ppr":4.6,"off_snp":27,"tm_off_snp":63,"rec_tgt":3,"rec":3,"rec_yd":31,"rec_td":0,"rush_att":0,"rush_yd":0,"rush_td":0,"target_share":11.5,"team_pass_rate":97.9,"team_tgt":26,"team_pass_att":92},"pos_rank":61,"opp_rank_vs_pos":21,"game_status":"active","score":{"tm":13,"opp":32,"r":"L"}},{"week":7,"opp":"LAR","stats":{"pts_ppr":0,"pts_half_ppr":null,"off_snp":36,"tm_off_snp":79,"rec_tgt":0,"rec":0,"rec_yd":0,"rec_td":0,"rush_att":0,"rush_yd":0,"rush_td":0,"target_share":0,"team_pass_rate":67.2,"team_tgt":31,"team_pass_att":39},"pos_rank":121,"opp_rank_vs_pos":26,"game_status":"active","score":{"tm":15,"opp":20,"r":"L"}},{"week":8,"opp":"KC","stats":{"pts_ppr":0,"pts_half_ppr":null,"off_snp":6,"tm_off_snp":58,"rec_tgt":0,"rec":0,"rec_yd":0,"rec_td":0,"rush_att":0,"rush_yd":0,"rush_td":0,"target_share":0,"team_pass_rate":63,"team_tgt":13,"team_pass_att":29},"pos_rank":125,"opp_rank_vs_pos":16,"game_status":"active","score":{"tm":20,"opp":27,"r":"L"}},{"week":9,"opp":"CIN","stats":{"pts_ppr":0,"pts_half_ppr":null,"off_snp":0,"tm_off_snp":61,"rec_tgt":0,"rec":0,"rec_yd":0,"rec_td":0,"rush_att":0,"rush_yd":0,"rush_td":0,"target_share":0,"team_pass_rate":60.7,"team_tgt":20,"team_pass_att":34},"pos_rank":null,"opp_rank_vs_pos":8,"game_status":"active","score":{"tm":24,"opp":41,"r":"L"}},{"week":10,"opp":"—","stats":{"pts_ppr":0},"game_status":"out"},{"week":11,"opp":"BYE","stats":{"pts_ppr":0},"game_status":"bye"},{"week":12,"opp":"—","stats":{"pts_ppr":0},"game_status":"out"},{"week":13,"opp":"—","stats":{"pts_ppr":0},"game_status":"out"},{"week":14,"opp":"—","stats":{"pts_ppr":0},"game_status":"out"},{"week":15,"opp":"—","stats":{"pts_ppr":0},"game_status":"out"},{"week":16,"opp":"—","stats":{"pts_ppr":0},"game_status":"out"},{"week":17,"opp":"—","stats":{"pts_ppr":0},"game_status":"out"},{"week":18,"opp":"—","stats":{"pts_ppr":0},"game_status":"out"}]