[{"week":1,"opp":"NYG","stats":{"pts_ppr":18.9,"pts_half_ppr":17.9,"off_snp":30,"tm_off_snp":55,"rush_att":14,"rush_yd":94,"rush_td":1,"rec_tgt":2,"rec":2,"rec_yd":15,"rec_td":0,"target_share":10.5,"team_pass_rate":0,"team_tgt":19,"team_pass_att":0},"pos_rank":9,"opp_rank_vs_pos":27,"game_status":"active","score":{"tm":28,"opp":6,"r":"W"}},{"week":2,"opp":"SF","stats":{"pts_ppr":9.8,"pts_half_ppr":7.3,"off_snp":33,"tm_off_snp":54,"rush_att":9,"rush_yd":32,"rush_td":0,"rec_tgt":6,"rec":5,"rec_yd":36,"rec_td":0,"target_share":33.3,"team_pass_rate":0,"team_tgt":18,"team_pass_att":0},"pos_rank":29,"opp_rank_vs_pos":30,"game_status":"active","score":{"tm":23,"opp":17,"r":"W"}},{"week":3,"opp":"HOU","stats":{"pts_ppr":25.8,"pts_half_ppr":23.3,"off_snp":38,"tm_off_snp":63,"rush_att":19,"rush_yd":102,"rush_td":0,"rec_tgt":6,"rec":5,"rec_yd":46,"rec_td":1,"target_share":28.6,"team_pass_rate":0,"team_tgt":21,"team_pass_att":0},"pos_rank":6,"opp_rank_vs_pos":4,"game_status":"active","score":{"tm":34,"opp":7,"r":"W"}},{"week":4,"opp":"GB","stats":{"pts_ppr":17.9,"pts_half_ppr":15.9,"off_snp":56,"tm_off_snp":68,"rush_att":22,"rush_yd":93,"rush_td":0,"rec_tgt":5,"rec":4,"rec_yd":46,"rec_td":0,"target_share":20,"team_pass_rate":0,"team_tgt":25,"team_pass_att":0},"pos_rank":16,"opp_rank_vs_pos":17,"game_status":"active","score":{"tm":31,"opp":29,"r":"W"}},{"week":5,"opp":"NYJ","stats":{"pts_ppr":6.3,"pts_half_ppr":5.8,"off_snp":16,"tm_off_snp":73,"rush_att":7,"rush_yd":29,"rush_td":0,"rec_tgt":1,"rec":1,"rec_yd":24,"rec_td":0,"target_share":3.8,"team_pass_rate":0,"team_tgt":26,"team_pass_att":0},"pos_rank":41,"opp_rank_vs_pos":5,"game_status":"active","score":{"tm":23,"opp":17,"r":"W"}},{"week":6,"opp":"BYE","stats":{"pts_ppr":0},"game_status":"bye"},{"week":7,"opp":"DET","stats":{"pts_ppr":20.6,"pts_half_ppr":19.1,"off_snp":43,"tm_off_snp":60,"rush_att":14,"rush_yd":93,"rush_td":1,"rec_tgt":3,"rec":3,"rec_yd":23,"rec_td":0,"target_share":12.5,"team_pass_rate":0,"team_tgt":24,"team_pass_att":0},"pos_rank":12,"opp_rank_vs_pos":11,"game_status":"active","score":{"tm":29,"opp":31,"r":"L"}},{"week":8,"opp":"LAR","stats":{"pts_ppr":11.5,"pts_half_ppr":10.5,"off_snp":46,"tm_off_snp":50,"rush_att":19,"rush_yd":58,"rush_td":0,"rec_tgt":2,"rec":2,"rec_yd":37,"rec_td":0,"target_share":9.5,"team_pass_rate":0,"team_tgt":21,"team_pass_att":0},"pos_rank":26,"opp_rank_vs_pos":18,"game_status":"active","score":{"tm":20,"opp":30,"r":"L"}},{"week":9,"opp":"IND","stats":{"pts_ppr":12.2,"pts_half_ppr":10.2,"off_snp":55,"tm_off_snp":73,"rush_att":21,"rush_yd":64,"rush_td":0,"rec_tgt":4,"rec":4,"rec_yd":18,"rec_td":0,"target_share":14.3,"team_pass_rate":0,"team_tgt":28,"team_pass_att":0},"pos_rank":26,"opp_rank_vs_pos":16,"game_status":"active","score":{"tm":21,"opp":13,"r":"W"}},{"week":10,"opp":"JAX","stats":{"pts_ppr":12.1,"pts_half_ppr":11.1,"off_snp":44,"tm_off_snp":84,"rush_att":17,"rush_yd":88,"rush_td":0,"rec_tgt":3,"rec":2,"rec_yd":13,"rec_td":0,"target_share":8.6,"team_pass_rate":0,"team_tgt":35,"team_pass_att":0},"pos_rank":19,"opp_rank_vs_pos":25,"game_status":"active","score":{"tm":12,"opp":7,"r":"W"}},{"week":11,"opp":"TEN","stats":{"pts_ppr":5.3,"pts_half_ppr":4.8,"off_snp":39,"tm_off_snp":73,"rush_att":15,"rush_yd":39,"rush_td":0,"rec_tgt":1,"rec":1,"rec_yd":4,"rec_td":0,"target_share":4,"team_pass_rate":0,"team_tgt":25,"team_pass_att":0},"pos_rank":37,"opp_rank_vs_pos":22,"game_status":"active","score":{"tm":23,"opp":13,"r":"W"}},{"week":12,"opp":"CHI","stats":{"pts_ppr":19.9,"pts_half_ppr":18.4,"off_snp":56,"tm_off_snp":71,"rush_att":22,"rush_yd":106,"rush_td":1,"rec_tgt":4,"rec":3,"rec_yd":23,"rec_td":0,"target_share":12.9,"team_pass_rate":0,"team_tgt":31,"team_pass_att":0},"pos_rank":7,"opp_rank_vs_pos":26,"game_status":"active","score":{"tm":30,"opp":27,"r":"W"}},{"week":13,"opp":"ARI","stats":{"pts_ppr":9.8,"pts_half_ppr":8.3,"off_snp":28,"tm_off_snp":53,"rush_att":5,"rush_yd":22,"rush_td":0,"rec_tgt":4,"rec":3,"rec_yd":6,"rec_td":1,"target_share":14.8,"team_pass_rate":0,"team_tgt":27,"team_pass_att":0},"pos_rank":28,"opp_rank_vs_pos":20,"game_status":"active","score":{"tm":23,"opp":22,"r":"W"}},{"week":14,"opp":"ATL","stats":{"pts_ppr":16.4,"pts_half_ppr":15.4,"off_snp":38,"tm_off_snp":60,"rush_att":13,"rush_yd":73,"rush_td":1,"rec_tgt":2,"rec":2,"rec_yd":11,"rec_td":0,"target_share":6.9,"team_pass_rate":0,"team_tgt":29,"team_pass_att":0},"pos_rank":14,"opp_rank_vs_pos":23,"game_status":"active","score":{"tm":42,"opp":21,"r":"W"}},{"week":15,"opp":"CHI","stats":{"pts_ppr":18.6,"pts_half_ppr":17.6,"off_snp":47,"tm_off_snp":77,"rush_att":18,"rush_yd":86,"rush_td":1,"rec_tgt":3,"rec":2,"rec_yd":20,"rec_td":0,"target_share":8.8,"team_pass_rate":8.3,"team_tgt":34,"team_pass_att":2},"pos_rank":8,"opp_rank_vs_pos":26,"game_status":"active","score":{"tm":30,"opp":12,"r":"W"}},{"week":16,"opp":"SEA","stats":{"pts_ppr":12.3,"pts_half_ppr":10.8,"off_snp":54,"tm_off_snp":66,"rush_att":18,"rush_yd":67,"rush_td":0,"rec_tgt":5,"rec":3,"rec_yd":26,"rec_td":0,"target_share":14.7,"team_pass_rate":0,"team_tgt":34,"team_pass_att":0},"pos_rank":25,"opp_rank_vs_pos":8,"game_status":"active","score":{"tm":27,"opp":24,"r":"W"}},{"week":17,"opp":"GB","stats":{"pts_ppr":11.7,"pts_half_ppr":9.7,"off_snp":37,"tm_off_snp":72,"rush_att":12,"rush_yd":47,"rush_td":0,"rec_tgt":5,"rec":4,"rec_yd":30,"rec_td":0,"target_share":14.3,"team_pass_rate":0,"team_tgt":35,"team_pass_att":0},"pos_rank":15,"opp_rank_vs_pos":17,"game_status":"active","score":{"tm":27,"opp":25,"r":"W"}},{"week":18,"opp":"DET","stats":{"pts_ppr":12.5,"pts_half_ppr":10,"off_snp":40,"tm_off_snp":65,"rush_att":10,"rush_yd":45,"rush_td":0,"rec_tgt":6,"rec":5,"rec_yd":30,"rec_td":0,"target_share":16.7,"team_pass_rate":63,"team_tgt":36,"team_pass_att":17},"pos_rank":17,"opp_rank_vs_pos":11,"game_status":"active","score":{"tm":9,"opp":31,"r":"L"}}]