[{"week":1,"opp":"CHI","stats":{"pts_ppr":15.7,"pts_half_ppr":14.2,"off_snp":28,"tm_off_snp":56,"rush_att":8,"rush_yd":23,"rush_td":0,"rec_tgt":3,"rec":3,"rec_yd":44,"rec_td":1,"target_share":15.8,"team_pass_rate":43.5,"team_tgt":19,"team_pass_att":20},"pos_rank":12,"opp_rank_vs_pos":25,"game_status":"active","score":{"tm":27,"opp":24,"r":"W"}},{"week":2,"opp":"ATL","stats":{"pts_ppr":2.3,"pts_half_ppr":2.3,"off_snp":20,"tm_off_snp":47,"rush_att":5,"rush_yd":23,"rush_td":0,"rec_tgt":1,"rec":0,"rec_yd":0,"rec_td":0,"target_share":5.6,"team_pass_rate":52.5,"team_tgt":18,"team_pass_att":21},"pos_rank":59,"opp_rank_vs_pos":12,"game_status":"active","score":{"tm":6,"opp":22,"r":"L"}},{"week":3,"opp":"—","stats":{"pts_ppr":0},"game_status":"out"},{"week":4,"opp":"—","stats":{"pts_ppr":0},"game_status":"out"},{"week":5,"opp":"—","stats":{"pts_ppr":0},"game_status":"out"},{"week":6,"opp":"BYE","stats":{"pts_ppr":0},"game_status":"bye"},{"week":7,"opp":"—","stats":{"pts_ppr":0},"game_status":"out"},{"week":8,"opp":"LAC","stats":{"pts_ppr":5,"pts_half_ppr":4,"off_snp":26,"tm_off_snp":49,"rush_att":5,"rush_yd":15,"rush_td":0,"rec_tgt":4,"rec":2,"rec_yd":15,"rec_td":0,"target_share":14.3,"team_pass_rate":73.8,"team_tgt":28,"team_pass_att":31},"pos_rank":40,"opp_rank_vs_pos":2,"game_status":"active","score":{"tm":10,"opp":37,"r":"L"}},{"week":9,"opp":"DET","stats":{"pts_ppr":11.8,"pts_half_ppr":10.8,"off_snp":26,"tm_off_snp":62,"rush_att":9,"rush_yd":78,"rush_td":0,"rec_tgt":2,"rec":2,"rec_yd":20,"rec_td":0,"target_share":8.7,"team_pass_rate":46.3,"team_tgt":23,"team_pass_att":25},"pos_rank":18,"opp_rank_vs_pos":20,"game_status":"active","score":{"tm":27,"opp":24,"r":"W"}},{"week":10,"opp":"BAL","stats":{"pts_ppr":15.9,"pts_half_ppr":14.4,"off_snp":46,"tm_off_snp":65,"rush_att":9,"rush_yd":47,"rush_td":1,"rec_tgt":6,"rec":3,"rec_yd":22,"rec_td":0,"target_share":15.8,"team_pass_rate":70,"team_tgt":38,"team_pass_att":42},"pos_rank":12,"opp_rank_vs_pos":19,"game_status":"active","score":{"tm":19,"opp":27,"r":"L"}},{"week":11,"opp":"CHI","stats":{"pts_ppr":11.1,"pts_half_ppr":9.6,"off_snp":37,"tm_off_snp":55,"rush_att":16,"rush_yd":70,"rush_td":0,"rec_tgt":6,"rec":3,"rec_yd":11,"rec_td":0,"target_share":20,"team_pass_rate":59.3,"team_tgt":30,"team_pass_att":32},"pos_rank":22,"opp_rank_vs_pos":25,"game_status":"active","score":{"tm":17,"opp":19,"r":"L"}},{"week":12,"opp":"GB","stats":{"pts_ppr":8.7,"pts_half_ppr":7.2,"off_snp":29,"tm_off_snp":44,"rush_att":9,"rush_yd":41,"rush_td":0,"rec_tgt":4,"rec":3,"rec_yd":16,"rec_td":0,"target_share":23.5,"team_pass_rate":48.7,"team_tgt":17,"team_pass_att":19},"pos_rank":27,"opp_rank_vs_pos":27,"game_status":"active","score":{"tm":6,"opp":23,"r":"L"}},{"week":13,"opp":"SEA","stats":{"pts_ppr":4.5,"pts_half_ppr":2.5,"off_snp":19,"tm_off_snp":52,"rush_att":6,"rush_yd":3,"rush_td":0,"rec_tgt":4,"rec":4,"rec_yd":22,"rec_td":0,"target_share":13.8,"team_pass_rate":65.2,"team_tgt":29,"team_pass_att":30},"pos_rank":56,"opp_rank_vs_pos":7,"game_status":"active","score":{"tm":0,"opp":26,"r":"L"}},{"week":14,"opp":"WAS","stats":{"pts_ppr":7.6,"pts_half_ppr":7.6,"off_snp":29,"tm_off_snp":64,"rush_att":14,"rush_yd":76,"rush_td":0,"rec_tgt":1,"rec":0,"rec_yd":0,"rec_td":0,"target_share":4.3,"team_pass_rate":40.4,"team_tgt":23,"team_pass_att":23},"pos_rank":35,"opp_rank_vs_pos":22,"game_status":"active","score":{"tm":31,"opp":0,"r":"W"}},{"week":15,"opp":"DAL","stats":{"pts_ppr":9.5,"pts_half_ppr":8,"off_snp":32,"tm_off_snp":55,"rush_att":12,"rush_yd":34,"rush_td":0,"rec_tgt":3,"rec":3,"rec_yd":31,"rec_td":0,"target_share":12.5,"team_pass_rate":47.1,"team_tgt":24,"team_pass_att":24},"pos_rank":32,"opp_rank_vs_pos":28,"game_status":"active","score":{"tm":34,"opp":26,"r":"W"}},{"week":16,"opp":"NYG","stats":{"pts_ppr":11.3,"pts_half_ppr":10.3,"off_snp":39,"tm_off_snp":61,"rush_att":21,"rush_yd":85,"rush_td":0,"rec_tgt":3,"rec":2,"rec_yd":8,"rec_td":0,"target_share":13,"team_pass_rate":43.4,"team_tgt":23,"team_pass_att":23},"pos_rank":28,"opp_rank_vs_pos":32,"game_status":"active","score":{"tm":16,"opp":13,"r":"W"}},{"week":17,"opp":"DET","stats":{"pts_ppr":15.3,"pts_half_ppr":13.8,"off_snp":35,"tm_off_snp":54,"rush_att":18,"rush_yd":53,"rush_td":1,"rec_tgt":4,"rec":3,"rec_yd":10,"rec_td":0,"target_share":28.6,"team_pass_rate":36.4,"team_tgt":14,"team_pass_att":16},"pos_rank":16,"opp_rank_vs_pos":20,"game_status":"active","score":{"tm":23,"opp":10,"r":"W"}},{"week":18,"opp":"—","stats":{"pts_ppr":0},"game_status":"out"}]