[{"week":1,"opp":"MIA","stats":{"pts_ppr":0,"pts_half_ppr":null,"off_snp":0,"tm_off_snp":73,"rec_tgt":0,"rec":0,"rec_yd":0,"rec_td":0,"rush_att":0,"rush_yd":0,"rush_td":0,"target_share":0,"team_pass_rate":42,"team_tgt":27,"team_pass_att":29},"pos_rank":null,"opp_rank_vs_pos":13,"game_status":"active","score":{"tm":33,"opp":8,"r":"W"}},{"week":2,"opp":"DEN","stats":{"pts_ppr":0,"pts_half_ppr":null,"off_snp":0,"tm_off_snp":71,"rec_tgt":0,"rec":0,"rec_yd":0,"rec_td":0,"rush_att":0,"rush_yd":0,"rush_td":0,"target_share":0,"team_pass_rate":51.5,"team_tgt":29,"team_pass_att":34},"pos_rank":null,"opp_rank_vs_pos":5,"game_status":"active","score":{"tm":29,"opp":28,"r":"W"}},{"week":3,"opp":"TEN","stats":{"pts_ppr":0,"pts_half_ppr":null,"off_snp":3,"tm_off_snp":57,"rec_tgt":0,"rec":0,"rec_yd":0,"rec_td":0,"rush_att":0,"rush_yd":0,"rush_td":0,"target_share":0,"team_pass_rate":47.2,"team_tgt":23,"team_pass_att":25},"pos_rank":147,"opp_rank_vs_pos":21,"game_status":"active","score":{"tm":41,"opp":20,"r":"W"}},{"week":4,"opp":"LAR","stats":{"pts_ppr":0,"pts_half_ppr":null,"off_snp":0,"tm_off_snp":61,"rec_tgt":0,"rec":0,"rec_yd":0,"rec_td":0,"rush_att":0,"rush_yd":0,"rush_td":0,"target_share":0,"team_pass_rate":61.1,"team_tgt":28,"team_pass_att":33},"pos_rank":null,"opp_rank_vs_pos":28,"game_status":"active","score":{"tm":20,"opp":27,"r":"L"}},{"week":5,"opp":"LV","stats":{"pts_ppr":0,"pts_half_ppr":null,"off_snp":7,"tm_off_snp":66,"rec_tgt":0,"rec":0,"rec_yd":0,"rec_td":0,"rush_att":0,"rush_yd":0,"rush_td":0,"target_share":0,"team_pass_rate":55.4,"team_tgt":28,"team_pass_att":31},"pos_rank":125,"opp_rank_vs_pos":19,"game_status":"active","score":{"tm":40,"opp":6,"r":"W"}},{"week":6,"opp":"ARI","stats":{"pts_ppr":0,"pts_half_ppr":null,"off_snp":2,"tm_off_snp":59,"rec_tgt":0,"rec":0,"rec_yd":0,"rec_td":0,"rush_att":0,"rush_yd":0,"rush_td":0,"target_share":0,"team_pass_rate":52.6,"team_tgt":30,"team_pass_att":30},"pos_rank":131,"opp_rank_vs_pos":15,"game_status":"active","score":{"tm":31,"opp":27,"r":"W"}},{"week":7,"opp":"LAC","stats":{"pts_ppr":1.3,"pts_half_ppr":0.8,"off_snp":39,"tm_off_snp":60,"rec_tgt":1,"rec":1,"rec_yd":3,"rec_td":0,"rush_att":0,"rush_yd":0,"rush_td":0,"target_share":3.2,"team_pass_rate":59.6,"team_tgt":31,"team_pass_att":34},"pos_rank":101,"opp_rank_vs_pos":11,"game_status":"active","score":{"tm":38,"opp":24,"r":"W"}},{"week":8,"opp":"TEN","stats":{"pts_ppr":0,"pts_half_ppr":null,"off_snp":3,"tm_off_snp":53,"rec_tgt":0,"rec":0,"rec_yd":0,"rec_td":0,"rush_att":0,"rush_yd":0,"rush_td":0,"target_share":0,"team_pass_rate":63.3,"team_tgt":27,"team_pass_att":31},"pos_rank":122,"opp_rank_vs_pos":21,"game_status":"active","score":{"tm":38,"opp":14,"r":"W"}},{"week":9,"opp":"—","stats":{"pts_ppr":0},"game_status":"out"},{"week":10,"opp":"—","stats":{"pts_ppr":0},"game_status":"out"},{"week":11,"opp":"BYE","stats":{"pts_ppr":0},"game_status":"bye"},{"week":12,"opp":"KC","stats":{"pts_ppr":0,"pts_half_ppr":null,"off_snp":0,"tm_off_snp":51,"rec_tgt":0,"rec":0,"rec_yd":0,"rec_td":0,"rush_att":0,"rush_yd":0,"rush_td":0,"target_share":0,"team_pass_rate":62,"team_tgt":31,"team_pass_att":31},"pos_rank":null,"opp_rank_vs_pos":3,"game_status":"active","score":{"tm":20,"opp":23,"r":"L"}},{"week":13,"opp":"HOU","stats":{"pts_ppr":0,"pts_half_ppr":null,"off_snp":0,"tm_off_snp":54,"rec_tgt":0,"rec":0,"rec_yd":0,"rec_td":0,"rush_att":0,"rush_yd":0,"rush_td":0,"target_share":0,"team_pass_rate":54,"team_tgt":25,"team_pass_att":27},"pos_rank":null,"opp_rank_vs_pos":2,"game_status":"active","score":{"tm":16,"opp":20,"r":"L"}},{"week":14,"opp":"JAX","stats":{"pts_ppr":1.3,"pts_half_ppr":0.8,"off_snp":4,"tm_off_snp":70,"rec_tgt":1,"rec":1,"rec_yd":3,"rec_td":0,"rush_att":0,"rush_yd":0,"rush_td":0,"target_share":2.8,"team_pass_rate":58.1,"team_tgt":36,"team_pass_att":36},"pos_rank":98,"opp_rank_vs_pos":16,"game_status":"active","score":{"tm":19,"opp":36,"r":"L"}},{"week":15,"opp":"—","stats":{"pts_ppr":0},"game_status":"out"},{"week":16,"opp":"—","stats":{"pts_ppr":0},"game_status":"out"},{"week":17,"opp":"—","stats":{"pts_ppr":0},"game_status":"out"},{"week":18,"opp":"—","stats":{"pts_ppr":0},"game_status":"out"}]