{"id":"11762","name":"Anthony Gould","slug":"anthony-gould","position":"WR","team":"IND","status":"Active","injury_status":null,"age":24,"height":"68","weight":"174","number":6,"depth_chart_order":5,"years_exp":2,"headshotUrl":null,"season":2025,"seasonLabel":"2025 Season (Through Week 14)","seasonRank":197,"trends":{"weeklyFantasyPoints":[0,0,0,0,0,0,0.8,0,0,0,0.8]},"gameLog":[{"week":1,"opp":"MIA","stats":{"pts_ppr":0,"pts_half_ppr":null,"off_snp":0,"tm_off_snp":73,"rec_tgt":0,"rec":0,"rec_yd":0,"rec_td":0,"rush_att":0,"rush_yd":0,"rush_td":0,"target_share":0,"team_pass_rate":42,"team_tgt":27,"team_pass_att":29},"pos_rank":null,"opp_rank_vs_pos":13,"game_status":"active","score":{"tm":33,"opp":8,"r":"W"}},{"week":2,"opp":"DEN","stats":{"pts_ppr":0,"pts_half_ppr":null,"off_snp":0,"tm_off_snp":71,"rec_tgt":0,"rec":0,"rec_yd":0,"rec_td":0,"rush_att":0,"rush_yd":0,"rush_td":0,"target_share":0,"team_pass_rate":51.5,"team_tgt":29,"team_pass_att":34},"pos_rank":null,"opp_rank_vs_pos":5,"game_status":"active","score":{"tm":29,"opp":28,"r":"W"}},{"week":3,"opp":"TEN","stats":{"pts_ppr":0,"pts_half_ppr":null,"off_snp":3,"tm_off_snp":57,"rec_tgt":0,"rec":0,"rec_yd":0,"rec_td":0,"rush_att":0,"rush_yd":0,"rush_td":0,"target_share":0,"team_pass_rate":47.2,"team_tgt":23,"team_pass_att":25},"pos_rank":147,"opp_rank_vs_pos":21,"game_status":"active","score":{"tm":41,"opp":20,"r":"W"}},{"week":4,"opp":"LAR","stats":{"pts_ppr":0,"pts_half_ppr":null,"off_snp":0,"tm_off_snp":61,"rec_tgt":0,"rec":0,"rec_yd":0,"rec_td":0,"rush_att":0,"rush_yd":0,"rush_td":0,"target_share":0,"team_pass_rate":61.1,"team_tgt":28,"team_pass_att":33},"pos_rank":null,"opp_rank_vs_pos":28,"game_status":"active","score":{"tm":20,"opp":27,"r":"L"}},{"week":5,"opp":"LV","stats":{"pts_ppr":0,"pts_half_ppr":null,"off_snp":7,"tm_off_snp":66,"rec_tgt":0,"rec":0,"rec_yd":0,"rec_td":0,"rush_att":0,"rush_yd":0,"rush_td":0,"target_share":0,"team_pass_rate":55.4,"team_tgt":28,"team_pass_att":31},"pos_rank":125,"opp_rank_vs_pos":19,"game_status":"active","score":{"tm":40,"opp":6,"r":"W"}},{"week":6,"opp":"ARI","stats":{"pts_ppr":0,"pts_half_ppr":null,"off_snp":2,"tm_off_snp":59,"rec_tgt":0,"rec":0,"rec_yd":0,"rec_td":0,"rush_att":0,"rush_yd":0,"rush_td":0,"target_share":0,"team_pass_rate":52.6,"team_tgt":30,"team_pass_att":30},"pos_rank":131,"opp_rank_vs_pos":15,"game_status":"active","score":{"tm":31,"opp":27,"r":"W"}},{"week":7,"opp":"LAC","stats":{"pts_ppr":1.3,"pts_half_ppr":0.8,"off_snp":39,"tm_off_snp":60,"rec_tgt":1,"rec":1,"rec_yd":3,"rec_td":0,"rush_att":0,"rush_yd":0,"rush_td":0,"target_share":3.2,"team_pass_rate":59.6,"team_tgt":31,"team_pass_att":34},"pos_rank":101,"opp_rank_vs_pos":11,"game_status":"active","score":{"tm":38,"opp":24,"r":"W"}},{"week":8,"opp":"TEN","stats":{"pts_ppr":0,"pts_half_ppr":null,"off_snp":3,"tm_off_snp":53,"rec_tgt":0,"rec":0,"rec_yd":0,"rec_td":0,"rush_att":0,"rush_yd":0,"rush_td":0,"target_share":0,"team_pass_rate":63.3,"team_tgt":27,"team_pass_att":31},"pos_rank":122,"opp_rank_vs_pos":21,"game_status":"active","score":{"tm":38,"opp":14,"r":"W"}},{"week":9,"opp":"—","stats":{"pts_ppr":0},"game_status":"out"},{"week":10,"opp":"—","stats":{"pts_ppr":0},"game_status":"out"},{"week":11,"opp":"BYE","stats":{"pts_ppr":0},"game_status":"bye"},{"week":12,"opp":"KC","stats":{"pts_ppr":0,"pts_half_ppr":null,"off_snp":0,"tm_off_snp":51,"rec_tgt":0,"rec":0,"rec_yd":0,"rec_td":0,"rush_att":0,"rush_yd":0,"rush_td":0,"target_share":0,"team_pass_rate":62,"team_tgt":31,"team_pass_att":31},"pos_rank":null,"opp_rank_vs_pos":3,"game_status":"active","score":{"tm":20,"opp":23,"r":"L"}},{"week":13,"opp":"HOU","stats":{"pts_ppr":0,"pts_half_ppr":null,"off_snp":0,"tm_off_snp":54,"rec_tgt":0,"rec":0,"rec_yd":0,"rec_td":0,"rush_att":0,"rush_yd":0,"rush_td":0,"target_share":0,"team_pass_rate":54,"team_tgt":25,"team_pass_att":27},"pos_rank":null,"opp_rank_vs_pos":2,"game_status":"active","score":{"tm":16,"opp":20,"r":"L"}},{"week":14,"opp":"JAX","stats":{"pts_ppr":1.3,"pts_half_ppr":0.8,"off_snp":4,"tm_off_snp":70,"rec_tgt":1,"rec":1,"rec_yd":3,"rec_td":0,"rush_att":0,"rush_yd":0,"rush_td":0,"target_share":2.8,"team_pass_rate":58.1,"team_tgt":36,"team_pass_att":36},"pos_rank":98,"opp_rank_vs_pos":16,"game_status":"active","score":{"tm":19,"opp":36,"r":"L"}},{"week":15,"opp":"—","stats":{"pts_ppr":0},"game_status":"out"},{"week":16,"opp":"—","stats":{"pts_ppr":0},"game_status":"out"},{"week":17,"opp":"—","stats":{"pts_ppr":0},"game_status":"out"},{"week":18,"opp":"—","stats":{"pts_ppr":0},"game_status":"out"}],"news":[],"availableSeasons":[2025,2024,2023],"multiSeasonStats":[{"season":2025,"ppg":0.26666666666666666,"gamesPlayed":6,"pos1Pct":0,"pos2Pct":0,"pos3Pct":0,"bustPct":100},{"season":2024,"ppg":0.7,"gamesPlayed":4,"pos1Pct":0,"pos2Pct":0,"pos3Pct":0,"bustPct":100}],"careerProfile":{"ppg":0.44000000000000006,"gamesPlayed":10,"maxGames":34,"durabilityPct":29.411764705882355,"pos1Pct":0,"pos2Pct":0,"pos3Pct":0,"bustPct":100,"volatility":0.8934328302800508,"volatilityLabel":"Low","seasons":2,"seasonPpgs":[{"season":2025,"ppg":0.26666666666666666},{"season":2024,"ppg":0.7}],"smallSample":false},"dynasty":null,"productionRiskBenchmarks":{"position":"WR","season":2025,"qualifiedThreshold":30,"posAvg":{"yardsPerCatch":12.673226111636708,"catchPct":62.692763938315544,"tdPerTarget":4.875444839857651,"fpPerUsage":null},"posStdDev":{"tdPerTarget":2.782068497049174},"percentile":null,"playerQualified":false},"bio":{"snapshot_bullets":["Drafted 2024: Round 5, Pick 142 (IND)","Entered the league in 2024 and developed into a depth option.","Career peak: 2024 (0.8 PPG).","Availability has been a factor recently, averaging 5.0 games over the last 2 seasons.","Enters 2026 with role volatility that can swing weekly fantasy outcomes."],"style":{"how_he_wins":"Profiles as a complementary receiver whose fantasy output swings with weekly usage and efficiency.","how_he_wins_tags":["Complementary"],"fantasy_translation":"Depth piece whose value is situational and format-dependent.","fantasy_translation_tags":["Role-dependent"]},"timeline":[{"label":"2024","badge":"Drafted","text":"Selected Round 5, Pick 142 by Indianapolis Colts out of Oregon State."},{"label":"2024","badge":"Peak","text":"Career-high fantasy production with 0.8 PPG across 4 games."},{"label":"2025","badge":"Stable","text":"Production has remained steady, averaging 0.4 PPG in 2025."}],"career_context_tiles":[{"title":"Floor driver","text":"High-leverage targets"},{"title":"Ceiling driver","text":"Deep targets + TDs"},{"title":"Stability","text":"Stable role in offense"},{"title":"Risk note","text":"Availability"}],"narrative_paragraphs":["Anthony Gould entered the NFL as a 5th-round pick (142 overall) in 2024 out of Oregon State. By 2025, he was seeing meaningful snaps, setting the foundation for his fantasy profile."," His peak arrived in 2024, delivering his best combination of volume and fantasy output (0.8 PPG across 4 games).","For fantasy managers, his floor is driven by high-leverage targets, while his ceiling spikes when deep targets + tds hit in the same week.","The main variable going forward is availability, which can create week-to-week variance even when the overall role remains intact."],"last_updated":"2026-02-28","sources":[{"label":"Sleeper","url":"https://sleeper.com"},{"label":"NFL","url":"https://www.nfl.com/players/"},{"label":"Pro-Football-Reference","url":"https://www.pro-football-reference.com"}]}}