[{"week":1,"opp":"HOU","stats":{"pts_ppr":12.4,"pts_half_ppr":11.9,"off_snp":11,"tm_off_snp":45,"rec_tgt":1,"rec":1,"rec_yd":54,"rec_td":1,"rush_att":0,"rush_yd":0,"rush_td":0,"target_share":7.7,"team_pass_rate":68.5,"team_tgt":13,"team_pass_att":61},"pos_rank":21,"opp_rank_vs_pos":14,"game_status":"active","score":{"tm":27,"opp":29,"r":"L"}},{"week":2,"opp":"GB","stats":{"pts_ppr":2.3,"pts_half_ppr":1.8,"off_snp":24,"tm_off_snp":56,"rec_tgt":2,"rec":1,"rec_yd":13,"rec_td":0,"rush_att":0,"rush_yd":0,"rush_td":0,"target_share":7.7,"team_pass_rate":72.9,"team_tgt":26,"team_pass_att":62},"pos_rank":92,"opp_rank_vs_pos":6,"game_status":"active","score":{"tm":10,"opp":16,"r":"L"}},{"week":3,"opp":"CHI","stats":{"pts_ppr":0,"pts_half_ppr":null,"off_snp":14,"tm_off_snp":56,"rec_tgt":1,"rec":0,"rec_yd":0,"rec_td":0,"rush_att":0,"rush_yd":0,"rush_td":0,"target_share":5.6,"team_pass_rate":58.1,"team_tgt":18,"team_pass_att":54},"pos_rank":130,"opp_rank_vs_pos":1,"game_status":"active","score":{"tm":21,"opp":16,"r":"W"}},{"week":4,"opp":"PIT","stats":{"pts_ppr":0,"pts_half_ppr":null,"off_snp":11,"tm_off_snp":66,"rec_tgt":0,"rec":0,"rec_yd":0,"rec_td":0,"rush_att":0,"rush_yd":0,"rush_td":0,"target_share":0,"team_pass_rate":61.1,"team_tgt":25,"team_pass_att":44},"pos_rank":128,"opp_rank_vs_pos":21,"game_status":"active","score":{"tm":27,"opp":24,"r":"W"}},{"week":5,"opp":"JAX","stats":{"pts_ppr":0.9,"pts_half_ppr":0.9,"off_snp":15,"tm_off_snp":70,"rec_tgt":0,"rec":0,"rec_yd":0,"rec_td":0,"rush_att":1,"rush_yd":9,"rush_td":0,"target_share":0,"team_pass_rate":60.7,"team_tgt":35,"team_pass_att":34},"pos_rank":94,"opp_rank_vs_pos":23,"game_status":"active","score":{"tm":34,"opp":37,"r":"L"}},{"week":6,"opp":"TEN","stats":{"pts_ppr":0,"pts_half_ppr":null,"off_snp":11,"tm_off_snp":70,"rec_tgt":1,"rec":0,"rec_yd":0,"rec_td":0,"rush_att":0,"rush_yd":0,"rush_td":0,"target_share":2.8,"team_pass_rate":63.1,"team_tgt":36,"team_pass_att":41},"pos_rank":110,"opp_rank_vs_pos":2,"game_status":"active","score":{"tm":20,"opp":17,"r":"W"}},{"week":7,"opp":"MIA","stats":{"pts_ppr":1.2,"pts_half_ppr":1.2,"off_snp":15,"tm_off_snp":62,"rec_tgt":0,"rec":0,"rec_yd":0,"rec_td":0,"rush_att":1,"rush_yd":12,"rush_td":0,"target_share":0,"team_pass_rate":57,"team_tgt":16,"team_pass_att":45},"pos_rank":97,"opp_rank_vs_pos":3,"game_status":"active","score":{"tm":16,"opp":10,"r":"W"}},{"week":8,"opp":"HOU","stats":{"pts_ppr":0,"pts_half_ppr":null,"off_snp":10,"tm_off_snp":64,"rec_tgt":0,"rec":0,"rec_yd":0,"rec_td":0,"rush_att":0,"rush_yd":0,"rush_td":0,"target_share":0,"team_pass_rate":70,"team_tgt":26,"team_pass_att":70},"pos_rank":126,"opp_rank_vs_pos":14,"game_status":"active","score":{"tm":20,"opp":23,"r":"L"}},{"week":9,"opp":"MIN","stats":{"pts_ppr":1.7,"pts_half_ppr":1.7,"off_snp":10,"tm_off_snp":54,"rec_tgt":2,"rec":0,"rec_yd":0,"rec_td":0,"rush_att":2,"rush_yd":17,"rush_td":0,"target_share":7.7,"team_pass_rate":50,"team_tgt":26,"team_pass_att":26},"pos_rank":88,"opp_rank_vs_pos":32,"game_status":"active","score":{"tm":13,"opp":21,"r":"L"}},{"week":10,"opp":"BUF","stats":{"pts_ppr":0.7,"pts_half_ppr":0.7,"off_snp":12,"tm_off_snp":64,"rec_tgt":0,"rec":0,"rec_yd":0,"rec_td":0,"rush_att":1,"rush_yd":7,"rush_td":0,"target_share":0,"team_pass_rate":56.1,"team_tgt":26,"team_pass_att":37},"pos_rank":96,"opp_rank_vs_pos":13,"game_status":"active","score":{"tm":20,"opp":30,"r":"L"}},{"week":11,"opp":"NYJ","stats":{"pts_ppr":0,"pts_half_ppr":null,"off_snp":16,"tm_off_snp":70,"rec_tgt":0,"rec":0,"rec_yd":0,"rec_td":0,"rush_att":0,"rush_yd":0,"rush_td":0,"target_share":0,"team_pass_rate":46.2,"team_tgt":26,"team_pass_att":30},"pos_rank":112,"opp_rank_vs_pos":4,"game_status":"active","score":{"tm":28,"opp":27,"r":"W"}},{"week":12,"opp":"DET","stats":{"pts_ppr":0,"pts_half_ppr":null,"off_snp":10,"tm_off_snp":55,"rec_tgt":1,"rec":0,"rec_yd":0,"rec_td":0,"rush_att":0,"rush_yd":0,"rush_td":0,"target_share":3.8,"team_pass_rate":49.1,"team_tgt":26,"team_pass_att":28},"pos_rank":111,"opp_rank_vs_pos":27,"game_status":"active","score":{"tm":6,"opp":24,"r":"L"}},{"week":13,"opp":"—","stats":{"pts_ppr":0},"game_status":"out"},{"week":14,"opp":"BYE","stats":{"pts_ppr":0},"game_status":"bye"},{"week":15,"opp":"—","stats":{"pts_ppr":0},"game_status":"out"},{"week":16,"opp":"TEN","stats":{"pts_ppr":0,"pts_half_ppr":null,"off_snp":9,"tm_off_snp":62,"rec_tgt":0,"rec":0,"rec_yd":0,"rec_td":0,"rush_att":0,"rush_yd":0,"rush_td":0,"target_share":0,"team_pass_rate":18.3,"team_tgt":16,"team_pass_att":11},"pos_rank":127,"opp_rank_vs_pos":2,"game_status":"active","score":{"tm":38,"opp":30,"r":"W"}},{"week":17,"opp":"NYG","stats":{"pts_ppr":0,"pts_half_ppr":null,"off_snp":6,"tm_off_snp":77,"rec_tgt":0,"rec":0,"rec_yd":0,"rec_td":0,"rush_att":0,"rush_yd":0,"rush_td":0,"target_share":0,"team_pass_rate":0,"team_tgt":32,"team_pass_att":0},"pos_rank":128,"opp_rank_vs_pos":18,"game_status":"active","score":{"tm":33,"opp":45,"r":"L"}},{"week":18,"opp":"JAX","stats":{"pts_ppr":0,"pts_half_ppr":null,"off_snp":8,"tm_off_snp":78,"rec_tgt":0,"rec":0,"rec_yd":0,"rec_td":0,"rush_att":0,"rush_yd":0,"rush_td":0,"target_share":0,"team_pass_rate":0,"team_tgt":31,"team_pass_att":0},"pos_rank":117,"opp_rank_vs_pos":23,"game_status":"active","score":{"tm":26,"opp":23,"r":"W"}}]