{"neighbors":[{"id":"12482","name":"Savion Williams","slug":"savion-williams","team":"GB","position":"WR","posRank":153,"ppg":1.7},{"id":"8204","name":"Bo Melton","slug":"bo-melton","team":"GB","position":"WR","posRank":154,"ppg":1.7},{"id":"11623","name":"Jordan Whittington","slug":"jordan-whittington","team":"LAR","position":"WR","posRank":155,"ppg":1.7},{"id":"11157","name":"Brycen Tremayne","slug":"brycen-tremayne","team":"CAR","position":"WR","posRank":157,"ppg":1.4},{"id":"12670","name":"KeAndre Lambert-Smith","slug":"keandre-lambert-smith","team":"LAC","position":"WR","posRank":158,"ppg":1.4},{"id":"11921","name":"Xavier Weaver","slug":"xavier-weaver","team":"ARI","position":"WR","posRank":159,"ppg":1.3}],"currentRank":156,"season":2025,"format":"half","position":"WR"}