{"neighbors":[{"id":"11157","name":"Brycen Tremayne","slug":"brycen-tremayne","team":"CAR","position":"WR","posRank":155,"ppg":1.9},{"id":"8204","name":"Bo Melton","slug":"bo-melton","team":"GB","position":"WR","posRank":156,"ppg":1.9},{"id":"11921","name":"Xavier Weaver","slug":"xavier-weaver","team":"ARI","position":"WR","posRank":157,"ppg":1.7},{"id":"12670","name":"KeAndre Lambert-Smith","slug":"keandre-lambert-smith","team":"LAC","position":"WR","posRank":159,"ppg":1.6},{"id":"11474","name":"Dylan Drummond","slug":"dylan-drummond","team":"ATL","position":"WR","posRank":160,"ppg":1.6},{"id":"11895","name":"Mason Tipton","slug":"mason-tipton","team":"NO","position":"WR","posRank":161,"ppg":1.6}],"currentRank":158,"season":2025,"format":"ppr","position":"WR"}