[{"week":1,"opp":"CLE","stats":{"pts_ppr":0,"pts_half_ppr":null,"off_snp":1,"tm_off_snp":56,"rec_tgt":0,"rec":0,"rec_yd":0,"rec_td":0,"rush_att":0,"rush_yd":0,"rush_td":0,"target_share":0,"team_pass_rate":71.1,"team_tgt":26,"team_pass_att":32},"pos_rank":149,"opp_rank_vs_pos":3,"game_status":"active","score":{"tm":3,"opp":24,"r":"L"}},{"week":2,"opp":"BAL","stats":{"pts_ppr":0,"pts_half_ppr":null,"off_snp":2,"tm_off_snp":60,"rec_tgt":0,"rec":0,"rec_yd":0,"rec_td":0,"rush_att":0,"rush_yd":0,"rush_td":0,"target_share":0,"team_pass_rate":93.2,"team_tgt":34,"team_pass_att":41},"pos_rank":151,"opp_rank_vs_pos":7,"game_status":"active","score":{"tm":24,"opp":27,"r":"L"}},{"week":3,"opp":"LAR","stats":{"pts_ppr":0,"pts_half_ppr":null,"off_snp":8,"tm_off_snp":77,"rec_tgt":0,"rec":0,"rec_yd":0,"rec_td":0,"rush_att":0,"rush_yd":0,"rush_td":0,"target_share":0,"team_pass_rate":83.1,"team_tgt":42,"team_pass_att":49},"pos_rank":152,"opp_rank_vs_pos":25,"game_status":"active","score":{"tm":19,"opp":16,"r":"W"}},{"week":4,"opp":"TEN","stats":{"pts_ppr":0,"pts_half_ppr":null,"off_snp":10,"tm_off_snp":53,"rec_tgt":0,"rec":0,"rec_yd":0,"rec_td":0,"rush_att":0,"rush_yd":0,"rush_td":0,"target_share":0,"team_pass_rate":69.8,"team_tgt":26,"team_pass_att":30},"pos_rank":153,"opp_rank_vs_pos":26,"game_status":"active","score":{"tm":3,"opp":27,"r":"L"}},{"week":5,"opp":"ARI","stats":{"pts_ppr":1.9,"pts_half_ppr":1.4,"off_snp":26,"tm_off_snp":82,"rec_tgt":2,"rec":1,"rec_yd":9,"rec_td":0,"rush_att":0,"rush_yd":0,"rush_td":0,"target_share":6.5,"team_pass_rate":82.1,"team_tgt":31,"team_pass_att":46},"pos_rank":94,"opp_rank_vs_pos":13,"game_status":"active","score":{"tm":34,"opp":20,"r":"W"}},{"week":6,"opp":"SEA","stats":{"pts_ppr":7.3,"pts_half_ppr":6.8,"off_snp":8,"tm_off_snp":54,"rec_tgt":1,"rec":1,"rec_yd":3,"rec_td":1,"rush_att":0,"rush_yd":0,"rush_td":0,"target_share":3.8,"team_pass_rate":92.1,"team_tgt":26,"team_pass_att":35},"pos_rank":51,"opp_rank_vs_pos":21,"game_status":"active","score":{"tm":17,"opp":13,"r":"W"}},{"week":7,"opp":"BYE","stats":{"pts_ppr":0},"game_status":"bye"},{"week":8,"opp":"SF","stats":{"pts_ppr":7.2,"pts_half_ppr":6.7,"off_snp":10,"tm_off_snp":63,"rec_tgt":1,"rec":1,"rec_yd":2,"rec_td":1,"rush_att":0,"rush_yd":0,"rush_td":0,"target_share":3.4,"team_pass_rate":78,"team_tgt":29,"team_pass_att":32},"pos_rank":64,"opp_rank_vs_pos":17,"game_status":"active","score":{"tm":31,"opp":17,"r":"W"}},{"week":9,"opp":"BUF","stats":{"pts_ppr":1.9,"pts_half_ppr":1.4,"off_snp":9,"tm_off_snp":70,"rec_tgt":1,"rec":1,"rec_yd":9,"rec_td":0,"rush_att":0,"rush_yd":0,"rush_td":0,"target_share":3.3,"team_pass_rate":89.8,"team_tgt":30,"team_pass_att":44},"pos_rank":93,"opp_rank_vs_pos":6,"game_status":"active","score":{"tm":24,"opp":18,"r":"W"}},{"week":10,"opp":"HOU","stats":{"pts_ppr":0,"pts_half_ppr":null,"off_snp":18,"tm_off_snp":64,"rec_tgt":1,"rec":0,"rec_yd":0,"rec_td":0,"rush_att":0,"rush_yd":0,"rush_td":0,"target_share":3.8,"team_pass_rate":87,"team_tgt":26,"team_pass_att":40},"pos_rank":131,"opp_rank_vs_pos":18,"game_status":"active","score":{"tm":27,"opp":30,"r":"L"}},{"week":11,"opp":"—","stats":{"pts_ppr":0},"game_status":"out"},{"week":12,"opp":"PIT","stats":{"pts_ppr":2.6,"pts_half_ppr":2.1,"off_snp":14,"tm_off_snp":43,"rec_tgt":2,"rec":1,"rec_yd":16,"rec_td":0,"rush_att":0,"rush_yd":0,"rush_td":0,"target_share":10.5,"team_pass_rate":72.2,"team_tgt":19,"team_pass_att":26},"pos_rank":100,"opp_rank_vs_pos":20,"game_status":"active","score":{"tm":10,"opp":16,"r":"L"}},{"week":13,"opp":"JAX","stats":{"pts_ppr":0,"pts_half_ppr":null,"off_snp":7,"tm_off_snp":73,"rec_tgt":0,"rec":0,"rec_yd":0,"rec_td":0,"rush_att":0,"rush_yd":0,"rush_td":0,"target_share":0,"team_pass_rate":87.1,"team_tgt":26,"team_pass_att":81},"pos_rank":125,"opp_rank_vs_pos":23,"game_status":"active","score":{"tm":34,"opp":31,"r":"W"}},{"week":14,"opp":"IND","stats":{"pts_ppr":0,"pts_half_ppr":null,"off_snp":10,"tm_off_snp":60,"rec_tgt":0,"rec":0,"rec_yd":0,"rec_td":0,"rush_att":0,"rush_yd":0,"rush_td":0,"target_share":0,"team_pass_rate":80.2,"team_tgt":25,"team_pass_att":69},"pos_rank":145,"opp_rank_vs_pos":15,"game_status":"active","score":{"tm":34,"opp":14,"r":"W"}},{"week":15,"opp":"MIN","stats":{"pts_ppr":1.5,"pts_half_ppr":1,"off_snp":18,"tm_off_snp":70,"rec_tgt":2,"rec":1,"rec_yd":5,"rec_td":0,"rush_att":0,"rush_yd":0,"rush_td":0,"target_share":5.9,"team_pass_rate":82.7,"team_tgt":34,"team_pass_att":86},"pos_rank":109,"opp_rank_vs_pos":29,"game_status":"active","score":{"tm":27,"opp":24,"r":"W"}},{"week":16,"opp":"PIT","stats":{"pts_ppr":7.6,"pts_half_ppr":5.6,"off_snp":46,"tm_off_snp":64,"rec_tgt":8,"rec":4,"rec_yd":36,"rec_td":0,"rush_att":0,"rush_yd":0,"rush_td":0,"target_share":25.8,"team_pass_rate":91.3,"team_tgt":31,"team_pass_att":84},"pos_rank":57,"opp_rank_vs_pos":20,"game_status":"active","score":{"tm":11,"opp":34,"r":"L"}},{"week":17,"opp":"KC","stats":{"pts_ppr":0,"pts_half_ppr":null,"off_snp":20,"tm_off_snp":74,"rec_tgt":0,"rec":0,"rec_yd":0,"rec_td":0,"rush_att":0,"rush_yd":0,"rush_td":0,"target_share":0,"team_pass_rate":77.8,"team_tgt":36,"team_pass_att":63},"pos_rank":156,"opp_rank_vs_pos":5,"game_status":"active","score":{"tm":17,"opp":25,"r":"L"}},{"week":18,"opp":"CLE","stats":{"pts_ppr":20.6,"pts_half_ppr":18.1,"off_snp":59,"tm_off_snp":64,"rec_tgt":7,"rec":5,"rec_yd":36,"rec_td":2,"rush_att":0,"rush_yd":0,"rush_td":0,"target_share":24.1,"team_pass_rate":57.1,"team_tgt":29,"team_pass_att":24},"pos_rank":11,"opp_rank_vs_pos":3,"game_status":"active","score":{"tm":31,"opp":14,"r":"W"}}]