[{"week":1,"opp":"NE","stats":{"pts_ppr":5.6,"pts_half_ppr":4.1,"off_snp":51,"tm_off_snp":51,"rec_tgt":6,"rec":3,"rec_yd":26,"rec_td":0,"rush_att":0,"rush_yd":0,"rush_td":0,"target_share":20.7,"team_pass_rate":80.6,"team_tgt":29,"team_pass_att":29},"pos_rank":65,"opp_rank_vs_pos":17,"game_status":"active","score":{"tm":10,"opp":16,"r":"L"}},{"week":2,"opp":"KC","stats":{"pts_ppr":14.7,"pts_half_ppr":13.7,"off_snp":49,"tm_off_snp":64,"rec_tgt":4,"rec":2,"rec_yd":7,"rec_td":2,"rush_att":0,"rush_yd":0,"rush_td":0,"target_share":13.8,"team_pass_rate":78.3,"team_tgt":29,"team_pass_att":36},"pos_rank":21,"opp_rank_vs_pos":16,"game_status":"active","score":{"tm":25,"opp":26,"r":"L"}},{"week":3,"opp":"WAS","stats":{"pts_ppr":16.2,"pts_half_ppr":13.7,"off_snp":48,"tm_off_snp":62,"rec_tgt":7,"rec":5,"rec_yd":52,"rec_td":1,"rush_att":0,"rush_yd":0,"rush_td":0,"target_share":16.7,"team_pass_rate":73.1,"team_tgt":42,"team_pass_att":38},"pos_rank":22,"opp_rank_vs_pos":10,"game_status":"active","score":{"tm":33,"opp":38,"r":"L"}},{"week":4,"opp":"CAR","stats":{"pts_ppr":3.9,"pts_half_ppr":3.4,"off_snp":51,"tm_off_snp":67,"rec_tgt":1,"rec":1,"rec_yd":29,"rec_td":0,"rush_att":0,"rush_yd":0,"rush_td":0,"target_share":3.6,"team_pass_rate":71.3,"team_tgt":28,"team_pass_att":57},"pos_rank":78,"opp_rank_vs_pos":23,"game_status":"active","score":{"tm":34,"opp":24,"r":"W"}},{"week":5,"opp":"BAL","stats":{"pts_ppr":4.9,"pts_half_ppr":4.4,"off_snp":53,"tm_off_snp":67,"rec_tgt":2,"rec":1,"rec_yd":39,"rec_td":0,"rush_att":0,"rush_yd":0,"rush_td":0,"target_share":5,"team_pass_rate":83,"team_tgt":40,"team_pass_att":83},"pos_rank":66,"opp_rank_vs_pos":29,"game_status":"active","score":{"tm":38,"opp":41,"r":"L"}},{"week":6,"opp":"NYG","stats":{"pts_ppr":5.6,"pts_half_ppr":4.6,"off_snp":35,"tm_off_snp":53,"rec_tgt":3,"rec":2,"rec_yd":36,"rec_td":0,"rush_att":0,"rush_yd":0,"rush_td":0,"target_share":10.7,"team_pass_rate":81.5,"team_tgt":28,"team_pass_att":66},"pos_rank":67,"opp_rank_vs_pos":19,"game_status":"active","score":{"tm":17,"opp":7,"r":"W"}},{"week":7,"opp":"CLE","stats":{"pts_ppr":0,"pts_half_ppr":null,"off_snp":39,"tm_off_snp":55,"rec_tgt":1,"rec":0,"rec_yd":0,"rec_td":0,"rush_att":0,"rush_yd":0,"rush_td":0,"target_share":3.8,"team_pass_rate":54.3,"team_tgt":26,"team_pass_att":25},"pos_rank":138,"opp_rank_vs_pos":30,"game_status":"active","score":{"tm":21,"opp":14,"r":"W"}},{"week":8,"opp":"PHI","stats":{"pts_ppr":0,"pts_half_ppr":null,"off_snp":51,"tm_off_snp":58,"rec_tgt":3,"rec":0,"rec_yd":0,"rec_td":0,"rush_att":0,"rush_yd":0,"rush_td":0,"target_share":8.8,"team_pass_rate":71.2,"team_tgt":34,"team_pass_att":37},"pos_rank":142,"opp_rank_vs_pos":7,"game_status":"active","score":{"tm":17,"opp":37,"r":"L"}},{"week":9,"opp":"LV","stats":{"pts_ppr":8,"pts_half_ppr":7.5,"off_snp":67,"tm_off_snp":74,"rec_tgt":4,"rec":1,"rec_yd":10,"rec_td":1,"rush_att":0,"rush_yd":0,"rush_td":0,"target_share":10,"team_pass_rate":66,"team_tgt":40,"team_pass_att":66},"pos_rank":45,"opp_rank_vs_pos":12,"game_status":"active","score":{"tm":41,"opp":24,"r":"W"}},{"week":10,"opp":"BAL","stats":{"pts_ppr":4.9,"pts_half_ppr":3.9,"off_snp":69,"tm_off_snp":82,"rec_tgt":4,"rec":2,"rec_yd":29,"rec_td":0,"rush_att":0,"rush_yd":0,"rush_td":0,"target_share":7.8,"team_pass_rate":85,"team_tgt":51,"team_pass_att":91},"pos_rank":62,"opp_rank_vs_pos":29,"game_status":"active","score":{"tm":34,"opp":35,"r":"L"}},{"week":11,"opp":"LAC","stats":{"pts_ppr":7.6,"pts_half_ppr":6.1,"off_snp":56,"tm_off_snp":82,"rec_tgt":3,"rec":3,"rec_yd":46,"rec_td":0,"rush_att":0,"rush_yd":0,"rush_td":0,"target_share":6.5,"team_pass_rate":66.7,"team_tgt":46,"team_pass_att":50},"pos_rank":51,"opp_rank_vs_pos":18,"game_status":"active","score":{"tm":27,"opp":34,"r":"L"}},{"week":12,"opp":"BYE","stats":{"pts_ppr":0},"game_status":"bye"},{"week":13,"opp":"PIT","stats":{"pts_ppr":12.5,"pts_half_ppr":11,"off_snp":42,"tm_off_snp":62,"rec_tgt":4,"rec":3,"rec_yd":35,"rec_td":1,"rush_att":0,"rush_yd":0,"rush_td":0,"target_share":9.5,"team_pass_rate":73.1,"team_tgt":42,"team_pass_att":38},"pos_rank":31,"opp_rank_vs_pos":21,"game_status":"active","score":{"tm":38,"opp":44,"r":"L"}},{"week":14,"opp":"DAL","stats":{"pts_ppr":8.1,"pts_half_ppr":6.1,"off_snp":48,"tm_off_snp":71,"rec_tgt":5,"rec":4,"rec_yd":41,"rec_td":0,"rush_att":0,"rush_yd":0,"rush_td":0,"target_share":10.4,"team_pass_rate":71,"team_tgt":48,"team_pass_att":44},"pos_rank":45,"opp_rank_vs_pos":27,"game_status":"active","score":{"tm":27,"opp":20,"r":"W"}},{"week":15,"opp":"TEN","stats":{"pts_ppr":1.5,"pts_half_ppr":1,"off_snp":60,"tm_off_snp":69,"rec_tgt":4,"rec":1,"rec_yd":5,"rec_td":0,"rush_att":0,"rush_yd":0,"rush_td":0,"target_share":9.5,"team_pass_rate":58.7,"team_tgt":42,"team_pass_att":37},"pos_rank":110,"opp_rank_vs_pos":2,"game_status":"active","score":{"tm":37,"opp":27,"r":"W"}},{"week":16,"opp":"CLE","stats":{"pts_ppr":14.3,"pts_half_ppr":12.8,"off_snp":38,"tm_off_snp":56,"rec_tgt":3,"rec":3,"rec_yd":53,"rec_td":1,"rush_att":0,"rush_yd":0,"rush_td":0,"target_share":8.1,"team_pass_rate":57.7,"team_tgt":37,"team_pass_att":30},"pos_rank":27,"opp_rank_vs_pos":30,"game_status":"active","score":{"tm":24,"opp":6,"r":"W"}},{"week":17,"opp":"DEN","stats":{"pts_ppr":8.9,"pts_half_ppr":7.4,"off_snp":71,"tm_off_snp":90,"rec_tgt":4,"rec":3,"rec_yd":59,"rec_td":0,"rush_att":0,"rush_yd":0,"rush_td":0,"target_share":7.1,"team_pass_rate":76.3,"team_tgt":56,"team_pass_att":87},"pos_rank":51,"opp_rank_vs_pos":9,"game_status":"active","score":{"tm":30,"opp":24,"r":"W"}},{"week":18,"opp":"PIT","stats":{"pts_ppr":3.2,"pts_half_ppr":2.2,"off_snp":64,"tm_off_snp":74,"rec_tgt":3,"rec":2,"rec_yd":12,"rec_td":0,"rush_att":0,"rush_yd":0,"rush_td":0,"target_share":6.7,"team_pass_rate":97.7,"team_tgt":45,"team_pass_att":86},"pos_rank":94,"opp_rank_vs_pos":21,"game_status":"active","score":{"tm":19,"opp":17,"r":"W"}}]