[{"week":1,"opp":"CLE","stats":{"pts_ppr":0,"pts_half_ppr":null,"off_snp":34,"tm_off_snp":52,"rec_tgt":0,"rec":0,"rec_yd":0,"rec_td":0,"rush_att":0,"rush_yd":0,"rush_td":0,"target_share":0,"team_pass_rate":73.1,"team_tgt":23,"team_pass_att":68},"pos_rank":136,"opp_rank_vs_pos":10,"game_status":"active","score":{"tm":17,"opp":16,"r":"W"}},{"week":2,"opp":"JAX","stats":{"pts_ppr":2.2,"pts_half_ppr":1.7,"off_snp":58,"tm_off_snp":69,"rec_tgt":5,"rec":1,"rec_yd":12,"rec_td":0,"rush_att":0,"rush_yd":0,"rush_td":0,"target_share":11.6,"team_pass_rate":83.3,"team_tgt":43,"team_pass_att":90},"pos_rank":105,"opp_rank_vs_pos":17,"game_status":"active","score":{"tm":31,"opp":27,"r":"W"}},{"week":3,"opp":"MIN","stats":{"pts_ppr":0,"pts_half_ppr":null,"off_snp":35,"tm_off_snp":56,"rec_tgt":0,"rec":0,"rec_yd":0,"rec_td":0,"rush_att":0,"rush_yd":0,"rush_td":0,"target_share":0,"team_pass_rate":75,"team_tgt":26,"team_pass_att":63},"pos_rank":138,"opp_rank_vs_pos":2,"game_status":"active","score":{"tm":10,"opp":48,"r":"L"}},{"week":4,"opp":"DEN","stats":{"pts_ppr":3.7,"pts_half_ppr":3.2,"off_snp":43,"tm_off_snp":48,"rec_tgt":1,"rec":1,"rec_yd":22,"rec_td":0,"rush_att":1,"rush_yd":5,"rush_td":0,"target_share":4.5,"team_pass_rate":76.6,"team_tgt":22,"team_pass_att":59},"pos_rank":82,"opp_rank_vs_pos":9,"game_status":"active","score":{"tm":3,"opp":28,"r":"L"}},{"week":5,"opp":"DET","stats":{"pts_ppr":13.2,"pts_half_ppr":10.7,"off_snp":54,"tm_off_snp":62,"rec_tgt":7,"rec":5,"rec_yd":82,"rec_td":0,"rush_att":0,"rush_yd":0,"rush_td":0,"target_share":17.5,"team_pass_rate":71.4,"team_tgt":40,"team_pass_att":40},"pos_rank":26,"opp_rank_vs_pos":29,"game_status":"active","score":{"tm":24,"opp":37,"r":"L"}},{"week":6,"opp":"GB","stats":{"pts_ppr":1.5,"pts_half_ppr":1,"off_snp":61,"tm_off_snp":65,"rec_tgt":4,"rec":1,"rec_yd":5,"rec_td":0,"rush_att":0,"rush_yd":0,"rush_td":0,"target_share":10,"team_pass_rate":73.8,"team_tgt":40,"team_pass_att":45},"pos_rank":96,"opp_rank_vs_pos":23,"game_status":"active","score":{"tm":18,"opp":27,"r":"L"}},{"week":7,"opp":"PIT","stats":{"pts_ppr":7.9,"pts_half_ppr":6.4,"off_snp":53,"tm_off_snp":76,"rec_tgt":4,"rec":3,"rec_yd":49,"rec_td":0,"rush_att":0,"rush_yd":0,"rush_td":0,"target_share":8.9,"team_pass_rate":67.1,"team_tgt":45,"team_pass_att":47},"pos_rank":46,"opp_rank_vs_pos":31,"game_status":"active","score":{"tm":33,"opp":31,"r":"W"}},{"week":8,"opp":"NYJ","stats":{"pts_ppr":0,"pts_half_ppr":null,"off_snp":47,"tm_off_snp":59,"rec_tgt":3,"rec":0,"rec_yd":0,"rec_td":0,"rush_att":0,"rush_yd":0,"rush_td":0,"target_share":9.1,"team_pass_rate":59.6,"team_tgt":33,"team_pass_att":34},"pos_rank":114,"opp_rank_vs_pos":16,"game_status":"active","score":{"tm":38,"opp":39,"r":"L"}},{"week":9,"opp":"CHI","stats":{"pts_ppr":18,"pts_half_ppr":15.5,"off_snp":57,"tm_off_snp":68,"rec_tgt":7,"rec":5,"rec_yd":66,"rec_td":1,"rush_att":1,"rush_yd":4,"rush_td":0,"target_share":15.6,"team_pass_rate":75.8,"team_tgt":45,"team_pass_att":47},"pos_rank":13,"opp_rank_vs_pos":30,"game_status":"active","score":{"tm":42,"opp":47,"r":"L"}},{"week":10,"opp":"BYE","stats":{"pts_ppr":0},"game_status":"bye"},{"week":11,"opp":"PIT","stats":{"pts_ppr":5,"pts_half_ppr":3.5,"off_snp":49,"tm_off_snp":66,"rec_tgt":4,"rec":3,"rec_yd":20,"rec_td":0,"rush_att":0,"rush_yd":0,"rush_td":0,"target_share":10.3,"team_pass_rate":66.7,"team_tgt":39,"team_pass_att":40},"pos_rank":61,"opp_rank_vs_pos":31,"game_status":"active","score":{"tm":12,"opp":34,"r":"L"}},{"week":12,"opp":"NE","stats":{"pts_ppr":10.6,"pts_half_ppr":8.6,"off_snp":54,"tm_off_snp":65,"rec_tgt":7,"rec":4,"rec_yd":61,"rec_td":0,"rush_att":1,"rush_yd":5,"rush_td":0,"target_share":20.6,"team_pass_rate":62.3,"team_tgt":34,"team_pass_att":38},"pos_rank":31,"opp_rank_vs_pos":14,"game_status":"active","score":{"tm":20,"opp":26,"r":"L"}},{"week":13,"opp":"BAL","stats":{"pts_ppr":9.9,"pts_half_ppr":9.4,"off_snp":78,"tm_off_snp":83,"rec_tgt":2,"rec":1,"rec_yd":29,"rec_td":1,"rush_att":0,"rush_yd":0,"rush_td":0,"target_share":4.5,"team_pass_rate":58.2,"team_tgt":44,"team_pass_att":46},"pos_rank":37,"opp_rank_vs_pos":26,"game_status":"active","score":{"tm":32,"opp":14,"r":"W"}},{"week":14,"opp":"BUF","stats":{"pts_ppr":3.7,"pts_half_ppr":2.7,"off_snp":39,"tm_off_snp":60,"rec_tgt":3,"rec":2,"rec_yd":17,"rec_td":0,"rush_att":0,"rush_yd":0,"rush_td":0,"target_share":8.3,"team_pass_rate":65.5,"team_tgt":36,"team_pass_att":36},"pos_rank":69,"opp_rank_vs_pos":5,"game_status":"active","score":{"tm":34,"opp":39,"r":"L"}},{"week":15,"opp":"BAL","stats":{"pts_ppr":0,"pts_half_ppr":null,"off_snp":68,"tm_off_snp":76,"rec_tgt":1,"rec":0,"rec_yd":0,"rec_td":0,"rush_att":0,"rush_yd":0,"rush_td":0,"target_share":2.8,"team_pass_rate":57.4,"team_tgt":36,"team_pass_att":39},"pos_rank":132,"opp_rank_vs_pos":26,"game_status":"active","score":{"tm":0,"opp":24,"r":"L"}},{"week":16,"opp":"MIA","stats":{"pts_ppr":3.1,"pts_half_ppr":2.6,"off_snp":31,"tm_off_snp":61,"rec_tgt":1,"rec":1,"rec_yd":21,"rec_td":0,"rush_att":0,"rush_yd":0,"rush_td":0,"target_share":3.2,"team_pass_rate":55.9,"team_tgt":31,"team_pass_att":33},"pos_rank":89,"opp_rank_vs_pos":13,"game_status":"active","score":{"tm":45,"opp":21,"r":"W"}},{"week":17,"opp":"ARI","stats":{"pts_ppr":8.1,"pts_half_ppr":6.1,"off_snp":54,"tm_off_snp":77,"rec_tgt":6,"rec":4,"rec_yd":41,"rec_td":0,"rush_att":0,"rush_yd":0,"rush_td":0,"target_share":18.8,"team_pass_rate":50.7,"team_tgt":32,"team_pass_att":36},"pos_rank":44,"opp_rank_vs_pos":15,"game_status":"active","score":{"tm":37,"opp":14,"r":"W"}},{"week":18,"opp":"CLE","stats":{"pts_ppr":3,"pts_half_ppr":2,"off_snp":0,"tm_off_snp":0,"rec_tgt":3,"rec":2,"rec_yd":10,"rec_td":0,"rush_att":0,"rush_yd":0,"rush_td":0,"target_share":7.9,"team_pass_rate":60.9,"team_tgt":38,"team_pass_att":39},"pos_rank":75,"opp_rank_vs_pos":10,"game_status":"active","score":{"tm":18,"opp":20,"r":"L"}}]