{"neighbors":[{"id":"7090","name":"Darnell Mooney","slug":"darnell-mooney","team":"ATL","position":"WR","posRank":89,"ppg":4.4},{"id":"6271","name":"Olamide Zaccheaus","slug":"olamide-zaccheaus","team":"CHI","position":"WR","posRank":90,"ppg":4.4},{"id":"9486","name":"Dontayvion Wicks","slug":"dontayvion-wicks","team":"GB","position":"WR","posRank":91,"ppg":4.3},{"id":"11608","name":"Isaiah Williams","slug":"isaiah-williams","team":"NYJ","position":"WR","posRank":93,"ppg":4.2},{"id":"6943","name":"Gabe Davis","slug":"gabe-davis","team":"BUF","position":"WR","posRank":94,"ppg":4.1},{"id":"11834","name":"Devaughn Vele","slug":"devaughn-vele","team":"NO","position":"WR","posRank":95,"ppg":4.1}],"currentRank":92,"season":2025,"format":"half","position":"WR"}