[{"week":1,"opp":"ATL","stats":{"pts_ppr":0,"pts_half_ppr":null,"off_snp":0,"tm_off_snp":68,"rec_tgt":0,"rec":0,"rec_yd":0,"rec_td":0,"rush_att":0,"rush_yd":0,"rush_td":0,"target_share":0,"team_pass_rate":84,"team_tgt":18,"team_pass_att":21},"pos_rank":null,"opp_rank_vs_pos":25,"game_status":"active","score":{"tm":18,"opp":10,"r":"W"}},{"week":2,"opp":"DEN","stats":{"pts_ppr":0,"pts_half_ppr":null,"off_snp":6,"tm_off_snp":66,"rec_tgt":0,"rec":0,"rec_yd":0,"rec_td":0,"rush_att":0,"rush_yd":0,"rush_td":0,"target_share":0,"team_pass_rate":75.9,"team_tgt":31,"team_pass_att":44},"pos_rank":133,"opp_rank_vs_pos":9,"game_status":"active","score":{"tm":13,"opp":6,"r":"W"}},{"week":3,"opp":"—","stats":{"pts_ppr":0},"game_status":"out"},{"week":4,"opp":"—","stats":{"pts_ppr":0},"game_status":"out"},{"week":5,"opp":"—","stats":{"pts_ppr":0},"game_status":"out"},{"week":6,"opp":"—","stats":{"pts_ppr":0},"game_status":"out"},{"week":7,"opp":"BYE","stats":{"pts_ppr":0},"game_status":"bye"},{"week":8,"opp":"—","stats":{"pts_ppr":0},"game_status":"out"},{"week":9,"opp":"—","stats":{"pts_ppr":0},"game_status":"out"},{"week":10,"opp":"WAS","stats":{"pts_ppr":1,"pts_half_ppr":1,"off_snp":5,"tm_off_snp":78,"rec_tgt":0,"rec":0,"rec_yd":0,"rec_td":0,"rush_att":0,"rush_yd":0,"rush_td":0,"target_share":0,"team_pass_rate":62.5,"team_tgt":22,"team_pass_att":35},"pos_rank":92,"opp_rank_vs_pos":12,"game_status":"active","score":{"tm":28,"opp":27,"r":"W"}},{"week":11,"opp":"BAL","stats":{"pts_ppr":1.4,"pts_half_ppr":0.9,"off_snp":20,"tm_off_snp":78,"rec_tgt":1,"rec":1,"rec_yd":4,"rec_td":0,"rush_att":0,"rush_yd":0,"rush_td":0,"target_share":2.9,"team_pass_rate":67.4,"team_tgt":35,"team_pass_att":29},"pos_rank":101,"opp_rank_vs_pos":30,"game_status":"active","score":{"tm":18,"opp":16,"r":"W"}},{"week":12,"opp":"CLE","stats":{"pts_ppr":0,"pts_half_ppr":null,"off_snp":2,"tm_off_snp":69,"rec_tgt":0,"rec":0,"rec_yd":0,"rec_td":0,"rush_att":0,"rush_yd":0,"rush_td":0,"target_share":0,"team_pass_rate":0,"team_tgt":30,"team_pass_att":0},"pos_rank":114,"opp_rank_vs_pos":31,"game_status":"active","score":{"tm":19,"opp":24,"r":"L"}},{"week":13,"opp":"CIN","stats":{"pts_ppr":3.3,"pts_half_ppr":2.8,"off_snp":23,"tm_off_snp":69,"rec_tgt":1,"rec":1,"rec_yd":23,"rec_td":0,"rush_att":0,"rush_yd":0,"rush_td":0,"target_share":2.6,"team_pass_rate":88.6,"team_tgt":38,"team_pass_att":39},"pos_rank":83,"opp_rank_vs_pos":8,"game_status":"active","score":{"tm":44,"opp":38,"r":"W"}},{"week":14,"opp":"CLE","stats":{"pts_ppr":1,"pts_half_ppr":1,"off_snp":20,"tm_off_snp":65,"rec_tgt":0,"rec":0,"rec_yd":0,"rec_td":0,"rush_att":0,"rush_yd":0,"rush_td":0,"target_share":0,"team_pass_rate":76.5,"team_tgt":36,"team_pass_att":39},"pos_rank":79,"opp_rank_vs_pos":31,"game_status":"active","score":{"tm":27,"opp":14,"r":"W"}},{"week":15,"opp":"PHI","stats":{"pts_ppr":2.7,"pts_half_ppr":2.2,"off_snp":10,"tm_off_snp":43,"rec_tgt":1,"rec":1,"rec_yd":17,"rec_td":0,"rush_att":0,"rush_yd":0,"rush_td":0,"target_share":2.6,"team_pass_rate":73.7,"team_tgt":39,"team_pass_att":56},"pos_rank":82,"opp_rank_vs_pos":5,"game_status":"active","score":{"tm":13,"opp":27,"r":"L"}},{"week":16,"opp":"BAL","stats":{"pts_ppr":4.5,"pts_half_ppr":3.5,"off_snp":10,"tm_off_snp":60,"rec_tgt":2,"rec":2,"rec_yd":25,"rec_td":0,"rush_att":0,"rush_yd":0,"rush_td":0,"target_share":6.7,"team_pass_rate":78.4,"team_tgt":30,"team_pass_att":76},"pos_rank":76,"opp_rank_vs_pos":30,"game_status":"active","score":{"tm":17,"opp":34,"r":"L"}},{"week":17,"opp":"—","stats":{"pts_ppr":0},"game_status":"out"},{"week":18,"opp":"CIN","stats":{"pts_ppr":0,"pts_half_ppr":null,"off_snp":5,"tm_off_snp":61,"rec_tgt":0,"rec":0,"rec_yd":0,"rec_td":0,"rush_att":0,"rush_yd":0,"rush_td":0,"target_share":0,"team_pass_rate":71.4,"team_tgt":42,"team_pass_att":45},"pos_rank":126,"opp_rank_vs_pos":8,"game_status":"active","score":{"tm":17,"opp":19,"r":"L"}}]