{"id":"7757","name":"Ben Skowronek","slug":"ben-skowronek","position":"WR","team":"PIT","status":"Active","injury_status":null,"age":28,"height":"75","weight":"224","number":15,"depth_chart_order":6,"years_exp":5,"headshotUrl":null,"season":2025,"seasonLabel":"2025 Season Final","seasonRank":163,"trends":{"weeklyFantasyPoints":[8.2,0,0,0,0,0,1.3,0,0,0,2.1,0,1.3,0,0,0,0]},"gameLog":[{"week":1,"opp":"NYJ","stats":{"pts_ppr":10.2,"pts_half_ppr":9.7,"off_snp":10,"tm_off_snp":56,"rec_tgt":1,"rec":1,"rec_yd":22,"rec_td":1,"rush_att":0,"rush_yd":0,"rush_td":0,"target_share":3.4,"team_pass_rate":60,"team_tgt":29,"team_pass_att":30},"pos_rank":26,"opp_rank_vs_pos":19,"game_status":"active","score":{"tm":34,"opp":32,"r":"W"}},{"week":2,"opp":"SEA","stats":{"pts_ppr":0,"pts_half_ppr":null,"off_snp":3,"tm_off_snp":62,"rec_tgt":0,"rec":0,"rec_yd":0,"rec_td":0,"rush_att":0,"rush_yd":0,"rush_td":0,"target_share":0,"team_pass_rate":62.5,"team_tgt":32,"team_pass_att":35},"pos_rank":132,"opp_rank_vs_pos":5,"game_status":"active","score":{"tm":17,"opp":31,"r":"L"}},{"week":3,"opp":"NE","stats":{"pts_ppr":0,"pts_half_ppr":null,"off_snp":4,"tm_off_snp":54,"rec_tgt":0,"rec":0,"rec_yd":0,"rec_td":0,"rush_att":0,"rush_yd":0,"rush_td":0,"target_share":0,"team_pass_rate":46.9,"team_tgt":23,"team_pass_att":23},"pos_rank":133,"opp_rank_vs_pos":15,"game_status":"active","score":{"tm":21,"opp":14,"r":"W"}},{"week":4,"opp":"MIN","stats":{"pts_ppr":0,"pts_half_ppr":null,"off_snp":18,"tm_off_snp":53,"rec_tgt":1,"rec":0,"rec_yd":0,"rec_td":0,"rush_att":0,"rush_yd":0,"rush_td":0,"target_share":4.5,"team_pass_rate":43.1,"team_tgt":22,"team_pass_att":22},"pos_rank":118,"opp_rank_vs_pos":4,"game_status":"active","score":{"tm":24,"opp":21,"r":"W"}},{"week":5,"opp":"BYE","stats":{"pts_ppr":0},"game_status":"bye"},{"week":6,"opp":"CLE","stats":{"pts_ppr":0,"pts_half_ppr":null,"off_snp":10,"tm_off_snp":59,"rec_tgt":0,"rec":0,"rec_yd":0,"rec_td":0,"rush_att":0,"rush_yd":0,"rush_td":0,"target_share":0,"team_pass_rate":51.7,"team_tgt":32,"team_pass_att":30},"pos_rank":115,"opp_rank_vs_pos":11,"game_status":"active","score":{"tm":23,"opp":9,"r":"W"}},{"week":7,"opp":"CIN","stats":{"pts_ppr":0,"pts_half_ppr":null,"off_snp":6,"tm_off_snp":57,"rec_tgt":0,"rec":0,"rec_yd":0,"rec_td":0,"rush_att":0,"rush_yd":0,"rush_td":0,"target_share":0,"team_pass_rate":63,"team_tgt":33,"team_pass_att":34},"pos_rank":113,"opp_rank_vs_pos":7,"game_status":"active","score":{"tm":31,"opp":33,"r":"L"}},{"week":8,"opp":"GB","stats":{"pts_ppr":2.3,"pts_half_ppr":1.8,"off_snp":11,"tm_off_snp":63,"rec_tgt":1,"rec":1,"rec_yd":13,"rec_td":0,"rush_att":0,"rush_yd":0,"rush_td":0,"target_share":3.2,"team_pass_rate":66.7,"team_tgt":31,"team_pass_att":36},"pos_rank":76,"opp_rank_vs_pos":23,"game_status":"active","score":{"tm":25,"opp":35,"r":"L"}},{"week":9,"opp":"IND","stats":{"pts_ppr":0,"pts_half_ppr":null,"off_snp":22,"tm_off_snp":62,"rec_tgt":0,"rec":0,"rec_yd":0,"rec_td":0,"rush_att":0,"rush_yd":0,"rush_td":0,"target_share":0,"team_pass_rate":60.3,"team_tgt":35,"team_pass_att":35},"pos_rank":115,"opp_rank_vs_pos":25,"game_status":"active","score":{"tm":27,"opp":20,"r":"W"}},{"week":10,"opp":"LAC","stats":{"pts_ppr":0,"pts_half_ppr":null,"off_snp":8,"tm_off_snp":52,"rec_tgt":0,"rec":0,"rec_yd":0,"rec_td":0,"rush_att":0,"rush_yd":0,"rush_td":0,"target_share":0,"team_pass_rate":66,"team_tgt":28,"team_pass_att":31},"pos_rank":111,"opp_rank_vs_pos":10,"game_status":"active","score":{"tm":10,"opp":25,"r":"L"}},{"week":11,"opp":"CIN","stats":{"pts_ppr":0,"pts_half_ppr":null,"off_snp":15,"tm_off_snp":65,"rec_tgt":0,"rec":0,"rec_yd":0,"rec_td":0,"rush_att":0,"rush_yd":0,"rush_td":0,"target_share":0,"team_pass_rate":52.5,"team_tgt":29,"team_pass_att":31},"pos_rank":119,"opp_rank_vs_pos":7,"game_status":"active","score":{"tm":34,"opp":12,"r":"W"}},{"week":12,"opp":"CHI","stats":{"pts_ppr":3.1,"pts_half_ppr":2.6,"off_snp":26,"tm_off_snp":72,"rec_tgt":1,"rec":1,"rec_yd":21,"rec_td":0,"rush_att":0,"rush_yd":0,"rush_td":0,"target_share":3.2,"team_pass_rate":46.3,"team_tgt":31,"team_pass_att":31},"pos_rank":67,"opp_rank_vs_pos":31,"game_status":"active","score":{"tm":28,"opp":31,"r":"L"}},{"week":13,"opp":"BUF","stats":{"pts_ppr":0,"pts_half_ppr":null,"off_snp":4,"tm_off_snp":43,"rec_tgt":1,"rec":0,"rec_yd":0,"rec_td":0,"rush_att":0,"rush_yd":0,"rush_td":0,"target_share":4.5,"team_pass_rate":57.1,"team_tgt":22,"team_pass_att":24},"pos_rank":123,"opp_rank_vs_pos":9,"game_status":"active","score":{"tm":7,"opp":26,"r":"L"}},{"week":14,"opp":"BAL","stats":{"pts_ppr":2.3,"pts_half_ppr":1.8,"off_snp":9,"tm_off_snp":52,"rec_tgt":1,"rec":1,"rec_yd":13,"rec_td":0,"rush_att":0,"rush_yd":0,"rush_td":0,"target_share":3.2,"team_pass_rate":66.7,"team_tgt":31,"team_pass_att":34},"pos_rank":77,"opp_rank_vs_pos":27,"game_status":"active","score":{"tm":27,"opp":22,"r":"W"}},{"week":15,"opp":"MIA","stats":{"pts_ppr":0,"pts_half_ppr":null,"off_snp":4,"tm_off_snp":66,"rec_tgt":0,"rec":0,"rec_yd":0,"rec_td":0,"rush_att":0,"rush_yd":0,"rush_td":0,"target_share":0,"team_pass_rate":45.8,"team_tgt":26,"team_pass_att":27},"pos_rank":123,"opp_rank_vs_pos":13,"game_status":"active","score":{"tm":28,"opp":15,"r":"W"}},{"week":16,"opp":"DET","stats":{"pts_ppr":0,"pts_half_ppr":null,"off_snp":1,"tm_off_snp":74,"rec_tgt":0,"rec":0,"rec_yd":0,"rec_td":0,"rush_att":0,"rush_yd":0,"rush_td":0,"target_share":0,"team_pass_rate":60.3,"team_tgt":34,"team_pass_att":41},"pos_rank":136,"opp_rank_vs_pos":30,"game_status":"active","score":{"tm":29,"opp":24,"r":"W"}},{"week":17,"opp":"CLE","stats":{"pts_ppr":0,"pts_half_ppr":null,"off_snp":0,"tm_off_snp":66,"rec_tgt":0,"rec":0,"rec_yd":0,"rec_td":0,"rush_att":0,"rush_yd":0,"rush_td":0,"target_share":0,"team_pass_rate":61.9,"team_tgt":32,"team_pass_att":39},"pos_rank":null,"opp_rank_vs_pos":11,"game_status":"active","score":{"tm":6,"opp":13,"r":"L"}},{"week":18,"opp":"BAL","stats":{"pts_ppr":0,"pts_half_ppr":null,"off_snp":0,"tm_off_snp":0,"rec_tgt":0,"rec":0,"rec_yd":0,"rec_td":0,"rush_att":0,"rush_yd":0,"rush_td":0,"target_share":0,"team_pass_rate":66.2,"team_tgt":38,"team_pass_att":47},"pos_rank":null,"opp_rank_vs_pos":27,"game_status":"active","score":{"tm":26,"opp":24,"r":"W"}}],"news":[],"availableSeasons":[2025,2024,2023],"multiSeasonStats":[{"season":2025,"ppg":0.86,"gamesPlayed":15,"pos1Pct":0,"pos2Pct":0,"pos3Pct":6.666666666666667,"bustPct":93.33333333333333},{"season":2024,"ppg":0.7666666666666666,"gamesPlayed":9,"pos1Pct":0,"pos2Pct":0,"pos3Pct":0,"bustPct":100},{"season":2023,"ppg":0.7941176470588235,"gamesPlayed":17,"pos1Pct":0,"pos2Pct":0,"pos3Pct":0,"bustPct":100}],"careerProfile":{"ppg":0.8121951219512196,"gamesPlayed":41,"maxGames":51,"durabilityPct":80.3921568627451,"pos1Pct":0,"pos2Pct":0,"pos3Pct":2.4390243902439024,"bustPct":97.5609756097561,"volatility":1.8534016189092986,"volatilityLabel":"Low","seasons":3,"seasonPpgs":[{"season":2025,"ppg":0.86},{"season":2024,"ppg":0.7666666666666666},{"season":2023,"ppg":0.7941176470588235}],"smallSample":false},"dynasty":null,"productionRiskBenchmarks":{"position":"WR","season":2025,"qualifiedThreshold":30,"posAvg":{"yardsPerCatch":12.673226111636708,"catchPct":62.692763938315544,"tdPerTarget":4.875444839857651,"fpPerUsage":null},"posStdDev":{"tdPerTarget":2.782068497049174},"percentile":null,"playerQualified":false}}