{"neighbors":[{"id":"11994","name":"Kameron Johnson","slug":"kameron-johnson","team":"TB","position":"WR","posRank":169,"ppg":1.3},{"id":"11034","name":"Jalen Brooks","slug":"jalen-brooks","team":"ARI","position":"WR","posRank":170,"ppg":1.2},{"id":"9497","name":"Jalin Hyatt","slug":"jalin-hyatt","team":"NYG","position":"WR","posRank":171,"ppg":1.2},{"id":"6290","name":"Scotty Miller","slug":"scotty-miller","team":"PIT","position":"WR","posRank":173,"ppg":1.2},{"id":"12634","name":"Jordan Watkins","slug":"jordan-watkins","team":"SF","position":"WR","posRank":174,"ppg":1.2},{"id":"7595","name":"Tylan Wallace","slug":"tylan-wallace","team":"BAL","position":"WR","posRank":175,"ppg":1.1}],"currentRank":172,"season":2025,"format":"ppr","position":"WR"}