{"neighbors":[{"id":"11994","name":"Kameron Johnson","slug":"kameron-johnson","team":"TB","position":"WR","posRank":160,"ppg":1},{"id":"12541","name":"Dont'e Thornton","slug":"donte-thornton","team":"LV","position":"WR","posRank":161,"ppg":0.9},{"id":"12718","name":"Konata Mumpfield","slug":"konata-mumpfield","team":"LAR","position":"WR","posRank":162,"ppg":0.9},{"id":"11921","name":"Xavier Weaver","slug":"xavier-weaver","team":"ARI","position":"WR","posRank":164,"ppg":0.8},{"id":"7595","name":"Tylan Wallace","slug":"tylan-wallace","team":"BAL","position":"WR","posRank":165,"ppg":0.8},{"id":"11421","name":"Ryan Miller","slug":"ryan-miller","team":"NYG","position":"WR","posRank":166,"ppg":0.8}],"currentRank":163,"season":2025,"format":"standard","position":"WR"}