{"neighbors":[{"id":"13150","name":"Darius Cooper","slug":"darius-cooper","team":"PHI","position":"WR","posRank":163,"ppg":1.1},{"id":"11994","name":"Kameron Johnson","slug":"kameron-johnson","team":"TB","position":"WR","posRank":164,"ppg":1.1},{"id":"11474","name":"Dylan Drummond","slug":"dylan-drummond","team":"ATL","position":"WR","posRank":165,"ppg":1.1},{"id":"6957","name":"James Proche","slug":"james-proche","team":"TEN","position":"WR","posRank":167,"ppg":1.1},{"id":"11210","name":"Malik Heath","slug":"malik-heath","team":"ATL","position":"WR","posRank":168,"ppg":1.1},{"id":"7496","name":"Nick Westbrook-Ikhine","slug":"nick-westbrook-ikhine","team":"FA","position":"WR","posRank":169,"ppg":1}],"currentRank":166,"season":2025,"format":"half","position":"WR"}