[{"week":1,"opp":"JAX","stats":{"pts_ppr":1.5,"pts_half_ppr":1,"off_snp":66,"tm_off_snp":72,"rec_tgt":3,"rec":1,"rec_yd":5,"rec_td":0,"rush_att":0,"rush_yd":0,"rush_td":0,"target_share":10.3,"team_pass_rate":71.4,"team_tgt":29,"team_pass_att":65},"pos_rank":102,"opp_rank_vs_pos":22,"game_status":"active","score":{"tm":21,"opp":31,"r":"L"}},{"week":2,"opp":"HOU","stats":{"pts_ppr":4.8,"pts_half_ppr":3.8,"off_snp":57,"tm_off_snp":57,"rec_tgt":2,"rec":2,"rec_yd":28,"rec_td":0,"rush_att":0,"rush_yd":0,"rush_td":0,"target_share":7.1,"team_pass_rate":75.8,"team_tgt":28,"team_pass_att":47},"pos_rank":79,"opp_rank_vs_pos":19,"game_status":"active","score":{"tm":31,"opp":20,"r":"W"}},{"week":3,"opp":"BAL","stats":{"pts_ppr":7.3,"pts_half_ppr":5.8,"off_snp":81,"tm_off_snp":84,"rec_tgt":7,"rec":3,"rec_yd":43,"rec_td":0,"rush_att":0,"rush_yd":0,"rush_td":0,"target_share":20,"team_pass_rate":94.1,"team_tgt":35,"team_pass_att":32},"pos_rank":59,"opp_rank_vs_pos":6,"game_status":"active","score":{"tm":22,"opp":19,"r":"W"}},{"week":4,"opp":"LAR","stats":{"pts_ppr":4.8,"pts_half_ppr":4.3,"off_snp":58,"tm_off_snp":64,"rec_tgt":2,"rec":1,"rec_yd":38,"rec_td":0,"rush_att":0,"rush_yd":0,"rush_td":0,"target_share":11.8,"team_pass_rate":74.7,"team_tgt":17,"team_pass_att":59},"pos_rank":59,"opp_rank_vs_pos":27,"game_status":"active","score":{"tm":23,"opp":29,"r":"L"}},{"week":5,"opp":"TEN","stats":{"pts_ppr":2,"pts_half_ppr":1.5,"off_snp":65,"tm_off_snp":66,"rec_tgt":2,"rec":1,"rec_yd":10,"rec_td":0,"rush_att":0,"rush_yd":0,"rush_td":0,"target_share":10,"team_pass_rate":71.1,"team_tgt":20,"team_pass_att":32},"pos_rank":88,"opp_rank_vs_pos":23,"game_status":"active","score":{"tm":23,"opp":16,"r":"W"}},{"week":6,"opp":"JAX","stats":{"pts_ppr":5.5,"pts_half_ppr":4,"off_snp":58,"tm_off_snp":78,"rec_tgt":6,"rec":3,"rec_yd":25,"rec_td":0,"rush_att":0,"rush_yd":0,"rush_td":0,"target_share":14,"team_pass_rate":0,"team_tgt":43,"team_pass_att":0},"pos_rank":70,"opp_rank_vs_pos":22,"game_status":"active","score":{"tm":20,"opp":37,"r":"L"}},{"week":7,"opp":"CLE","stats":{"pts_ppr":8.3,"pts_half_ppr":6.8,"off_snp":70,"tm_off_snp":70,"rec_tgt":3,"rec":3,"rec_yd":53,"rec_td":0,"rush_att":0,"rush_yd":0,"rush_td":0,"target_share":13.6,"team_pass_rate":0,"team_tgt":22,"team_pass_att":0},"pos_rank":42,"opp_rank_vs_pos":4,"game_status":"active","score":{"tm":38,"opp":39,"r":"L"}},{"week":8,"opp":"NO","stats":{"pts_ppr":7.1,"pts_half_ppr":5.6,"off_snp":67,"tm_off_snp":71,"rec_tgt":5,"rec":3,"rec_yd":41,"rec_td":0,"rush_att":0,"rush_yd":0,"rush_td":0,"target_share":11.9,"team_pass_rate":0,"team_tgt":42,"team_pass_att":0},"pos_rank":68,"opp_rank_vs_pos":9,"game_status":"active","score":{"tm":27,"opp":38,"r":"L"}},{"week":9,"opp":"CAR","stats":{"pts_ppr":0,"pts_half_ppr":null,"off_snp":61,"tm_off_snp":61,"rec_tgt":2,"rec":0,"rec_yd":0,"rec_td":0,"rush_att":0,"rush_yd":0,"rush_td":0,"target_share":8.3,"team_pass_rate":26.5,"team_tgt":24,"team_pass_att":9},"pos_rank":129,"opp_rank_vs_pos":2,"game_status":"active","score":{"tm":27,"opp":13,"r":"W"}},{"week":10,"opp":"NE","stats":{"pts_ppr":3.1,"pts_half_ppr":2.6,"off_snp":55,"tm_off_snp":57,"rec_tgt":1,"rec":1,"rec_yd":21,"rec_td":0,"rush_att":0,"rush_yd":0,"rush_td":0,"target_share":4.8,"team_pass_rate":0,"team_tgt":21,"team_pass_att":0},"pos_rank":68,"opp_rank_vs_pos":12,"game_status":"active","score":{"tm":10,"opp":6,"r":"W"}},{"week":11,"opp":"—","stats":{"pts_ppr":0},"game_status":"out"},{"week":12,"opp":"TB","stats":{"pts_ppr":6.7,"pts_half_ppr":4.7,"off_snp":69,"tm_off_snp":73,"rec_tgt":6,"rec":4,"rec_yd":27,"rec_td":0,"rush_att":0,"rush_yd":0,"rush_td":0,"target_share":16.2,"team_pass_rate":0,"team_tgt":37,"team_pass_att":0},"pos_rank":77,"opp_rank_vs_pos":25,"game_status":"active","score":{"tm":27,"opp":20,"r":"W"}},{"week":13,"opp":"TEN","stats":{"pts_ppr":19,"pts_half_ppr":17.5,"off_snp":70,"tm_off_snp":71,"rec_tgt":6,"rec":3,"rec_yd":100,"rec_td":1,"rush_att":0,"rush_yd":0,"rush_td":0,"target_share":17.6,"team_pass_rate":null,"team_tgt":34,"team_pass_att":0},"pos_rank":11,"opp_rank_vs_pos":23,"game_status":"active","score":{"tm":31,"opp":28,"r":"W"}},{"week":14,"opp":"CIN","stats":{"pts_ppr":4.2,"pts_half_ppr":3.2,"off_snp":58,"tm_off_snp":64,"rec_tgt":3,"rec":2,"rec_yd":22,"rec_td":0,"rush_att":0,"rush_yd":0,"rush_td":0,"target_share":10.7,"team_pass_rate":0,"team_tgt":28,"team_pass_att":0},"pos_rank":70,"opp_rank_vs_pos":24,"game_status":"active","score":{"tm":14,"opp":34,"r":"L"}},{"week":15,"opp":"PIT","stats":{"pts_ppr":2.3,"pts_half_ppr":1.8,"off_snp":65,"tm_off_snp":67,"rec_tgt":5,"rec":1,"rec_yd":13,"rec_td":0,"rush_att":0,"rush_yd":0,"rush_td":0,"target_share":20,"team_pass_rate":0,"team_tgt":25,"team_pass_att":0},"pos_rank":88,"opp_rank_vs_pos":21,"game_status":"active","score":{"tm":30,"opp":13,"r":"W"}},{"week":16,"opp":"ATL","stats":{"pts_ppr":6,"pts_half_ppr":4.5,"off_snp":71,"tm_off_snp":71,"rec_tgt":7,"rec":3,"rec_yd":30,"rec_td":0,"rush_att":0,"rush_yd":0,"rush_td":0,"target_share":24.1,"team_pass_rate":0,"team_tgt":29,"team_pass_att":0},"pos_rank":74,"opp_rank_vs_pos":8,"game_status":"active","score":{"tm":10,"opp":29,"r":"L"}},{"week":17,"opp":"LV","stats":{"pts_ppr":12.8,"pts_half_ppr":12.3,"off_snp":55,"tm_off_snp":56,"rec_tgt":1,"rec":1,"rec_yd":58,"rec_td":1,"rush_att":0,"rush_yd":0,"rush_td":0,"target_share":6.3,"team_pass_rate":0,"team_tgt":16,"team_pass_att":0},"pos_rank":22,"opp_rank_vs_pos":14,"game_status":"active","score":{"tm":23,"opp":20,"r":"W"}},{"week":18,"opp":"HOU","stats":{"pts_ppr":0,"pts_half_ppr":null,"off_snp":64,"tm_off_snp":66,"rec_tgt":4,"rec":0,"rec_yd":0,"rec_td":0,"rush_att":0,"rush_yd":0,"rush_td":0,"target_share":15.4,"team_pass_rate":0,"team_tgt":26,"team_pass_att":0},"pos_rank":149,"opp_rank_vs_pos":19,"game_status":"active","score":{"tm":19,"opp":23,"r":"L"}}]