{"neighbors":[{"id":"9997","name":"Zay Flowers","slug":"zay-flowers","team":"BAL","position":"WR","posRank":14,"ppg":9.6},{"id":"5859","name":"A.J. Brown","slug":"aj-brown","team":"PHI","position":"WR","posRank":15,"ppg":9.5},{"id":"8148","name":"Jameson Williams","slug":"jameson-williams","team":"DET","position":"WR","posRank":16,"ppg":9.1},{"id":"8146","name":"Garrett Wilson","slug":"garrett-wilson","team":"NYJ","position":"WR","posRank":18,"ppg":9.1},{"id":"6786","name":"CeeDee Lamb","slug":"ceedee-lamb","team":"DAL","position":"WR","posRank":19,"ppg":9},{"id":"9754","name":"Quentin Johnston","slug":"quentin-johnston","team":"LAC","position":"WR","posRank":20,"ppg":8.7}],"currentRank":17,"season":2025,"format":"standard","position":"WR"}