{"neighbors":[{"id":"12526","name":"Tetairoa McMillan","slug":"tetairoa-mcmillan","team":"CAR","position":"WR","posRank":24,"ppg":12.4},{"id":"2449","name":"Stefon Diggs","slug":"stefon-diggs","team":"NE","position":"WR","posRank":25,"ppg":12.4},{"id":"9754","name":"Quentin Johnston","slug":"quentin-johnston","team":"LAC","position":"WR","posRank":26,"ppg":12.2},{"id":"11620","name":"Rome Odunze","slug":"rome-odunze","team":"CHI","position":"WR","posRank":28,"ppg":12.2},{"id":"7526","name":"Jaylen Waddle","slug":"jaylen-waddle","team":"MIA","position":"WR","posRank":29,"ppg":12.1},{"id":"6819","name":"Michael Pittman","slug":"michael-pittman","team":"IND","position":"WR","posRank":30,"ppg":11.9}],"currentRank":27,"season":2025,"format":"ppr","position":"WR"}