{"neighbors":[{"id":"12658","name":"Jackson Hawes","slug":"jackson-hawes","team":"BUF","position":"TE","posRank":56,"ppg":3.1},{"id":"9481","name":"Luke Musgrave","slug":"luke-musgrave","team":"GB","position":"TE","posRank":57,"ppg":3.1},{"id":"8145","name":"Jeremy Ruckert","slug":"jeremy-ruckert","team":"NYJ","position":"TE","posRank":58,"ppg":2.9},{"id":"12521","name":"Elijah Arroyo","slug":"elijah-arroyo","team":"SEA","position":"TE","posRank":60,"ppg":2.8},{"id":"12473","name":"Mitchell Evans","slug":"mitchell-evans","team":"CAR","position":"TE","posRank":61,"ppg":2.8},{"id":"7828","name":"Noah Gray","slug":"noah-gray","team":"KC","position":"TE","posRank":62,"ppg":2.4}],"currentRank":59,"season":2025,"format":"ppr","position":"TE"}