{"neighbors":[{"id":"9481","name":"Luke Musgrave","slug":"luke-musgrave","team":"GB","position":"TE","posRank":57,"ppg":2.3},{"id":"12473","name":"Mitchell Evans","slug":"mitchell-evans","team":"CAR","position":"TE","posRank":58,"ppg":2.3},{"id":"12521","name":"Elijah Arroyo","slug":"elijah-arroyo","team":"SEA","position":"TE","posRank":59,"ppg":2.3},{"id":"8145","name":"Jeremy Ruckert","slug":"jeremy-ruckert","team":"NYJ","position":"TE","posRank":61,"ppg":2.2},{"id":"8127","name":"Charlie Kolar","slug":"charlie-kolar","team":"BAL","position":"TE","posRank":62,"ppg":2},{"id":"7828","name":"Noah Gray","slug":"noah-gray","team":"KC","position":"TE","posRank":63,"ppg":1.8}],"currentRank":60,"season":2025,"format":"half","position":"TE"}