[{"week":1,"opp":"—","stats":{"pts_ppr":0},"game_status":"out"},{"week":2,"opp":"—","stats":{"pts_ppr":0},"game_status":"out"},{"week":3,"opp":"—","stats":{"pts_ppr":0},"game_status":"out"},{"week":4,"opp":"—","stats":{"pts_ppr":0},"game_status":"out"},{"week":5,"opp":"LV","stats":{"pts_ppr":6.6,"pts_half_ppr":6.6,"off_snp":5,"tm_off_snp":66,"rush_att":2,"rush_yd":6,"rush_td":1,"rec_tgt":0,"rec":0,"rec_yd":0,"rec_td":0,"target_share":0,"team_pass_rate":55.4,"team_tgt":28,"team_pass_att":31},"pos_rank":33,"opp_rank_vs_pos":13,"game_status":"active","score":{"tm":40,"opp":6,"r":"W"}},{"week":6,"opp":"ARI","stats":{"pts_ppr":2.6,"pts_half_ppr":2.1,"off_snp":3,"tm_off_snp":59,"rush_att":1,"rush_yd":7,"rush_td":0,"rec_tgt":1,"rec":1,"rec_yd":9,"rec_td":0,"target_share":3.3,"team_pass_rate":52.6,"team_tgt":30,"team_pass_att":30},"pos_rank":52,"opp_rank_vs_pos":29,"game_status":"active","score":{"tm":31,"opp":27,"r":"W"}},{"week":7,"opp":"LAC","stats":{"pts_ppr":3.7,"pts_half_ppr":3.2,"off_snp":5,"tm_off_snp":60,"rush_att":2,"rush_yd":19,"rush_td":0,"rec_tgt":1,"rec":1,"rec_yd":8,"rec_td":0,"target_share":3.2,"team_pass_rate":59.6,"team_tgt":31,"team_pass_att":34},"pos_rank":46,"opp_rank_vs_pos":2,"game_status":"active","score":{"tm":38,"opp":24,"r":"W"}},{"week":8,"opp":"TEN","stats":{"pts_ppr":1.8,"pts_half_ppr":1.3,"off_snp":10,"tm_off_snp":53,"rush_att":2,"rush_yd":5,"rush_td":0,"rec_tgt":1,"rec":1,"rec_yd":3,"rec_td":0,"target_share":3.7,"team_pass_rate":63.3,"team_tgt":27,"team_pass_att":31},"pos_rank":54,"opp_rank_vs_pos":14,"game_status":"active","score":{"tm":38,"opp":14,"r":"W"}},{"week":9,"opp":"PIT","stats":{"pts_ppr":1.5,"pts_half_ppr":1,"off_snp":5,"tm_off_snp":78,"rush_att":1,"rush_yd":3,"rush_td":0,"rec_tgt":1,"rec":1,"rec_yd":2,"rec_td":0,"target_share":2.1,"team_pass_rate":73.5,"team_tgt":47,"team_pass_att":50},"pos_rank":57,"opp_rank_vs_pos":3,"game_status":"active","score":{"tm":20,"opp":27,"r":"L"}},{"week":10,"opp":"ATL","stats":{"pts_ppr":1.8,"pts_half_ppr":1.3,"off_snp":5,"tm_off_snp":77,"rush_att":0,"rush_yd":0,"rush_td":0,"rec_tgt":1,"rec":1,"rec_yd":8,"rec_td":0,"target_share":3.8,"team_pass_rate":38.8,"team_tgt":26,"team_pass_att":26},"pos_rank":54,"opp_rank_vs_pos":12,"game_status":"active","score":{"tm":31,"opp":25,"r":"W"}},{"week":11,"opp":"BYE","stats":{"pts_ppr":0},"game_status":"bye"},{"week":12,"opp":"KC","stats":{"pts_ppr":0,"pts_half_ppr":null,"off_snp":4,"tm_off_snp":51,"rush_att":0,"rush_yd":0,"rush_td":0,"rec_tgt":1,"rec":0,"rec_yd":0,"rec_td":0,"target_share":3.2,"team_pass_rate":62,"team_tgt":31,"team_pass_att":31},"pos_rank":63,"opp_rank_vs_pos":5,"game_status":"active","score":{"tm":20,"opp":23,"r":"L"}},{"week":13,"opp":"HOU","stats":{"pts_ppr":0,"pts_half_ppr":null,"off_snp":1,"tm_off_snp":54,"rush_att":0,"rush_yd":0,"rush_td":0,"rec_tgt":0,"rec":0,"rec_yd":0,"rec_td":0,"target_share":0,"team_pass_rate":54,"team_tgt":25,"team_pass_att":27},"pos_rank":75,"opp_rank_vs_pos":9,"game_status":"active","score":{"tm":16,"opp":20,"r":"L"}},{"week":14,"opp":"JAX","stats":{"pts_ppr":2.9,"pts_half_ppr":1.9,"off_snp":17,"tm_off_snp":70,"rush_att":1,"rush_yd":4,"rush_td":0,"rec_tgt":2,"rec":2,"rec_yd":5,"rec_td":0,"target_share":5.6,"team_pass_rate":58.1,"team_tgt":36,"team_pass_att":36},"pos_rank":56,"opp_rank_vs_pos":4,"game_status":"active","score":{"tm":19,"opp":36,"r":"L"}},{"week":15,"opp":"SEA","stats":{"pts_ppr":9.7,"pts_half_ppr":7.2,"off_snp":14,"tm_off_snp":60,"rush_att":4,"rush_yd":15,"rush_td":0,"rec_tgt":5,"rec":5,"rec_yd":32,"rec_td":0,"target_share":19.2,"team_pass_rate":47.4,"team_tgt":26,"team_pass_att":27},"pos_rank":31,"opp_rank_vs_pos":7,"game_status":"active","score":{"tm":16,"opp":18,"r":"L"}},{"week":16,"opp":"SF","stats":{"pts_ppr":-0.6,"pts_half_ppr":-1.1,"off_snp":4,"tm_off_snp":60,"rush_att":0,"rush_yd":0,"rush_td":0,"rec_tgt":1,"rec":1,"rec_yd":4,"rec_td":0,"target_share":2.8,"team_pass_rate":64.3,"team_tgt":36,"team_pass_att":36},"pos_rank":88,"opp_rank_vs_pos":23,"game_status":"active","score":{"tm":27,"opp":48,"r":"L"}},{"week":17,"opp":"JAX","stats":{"pts_ppr":1.4,"pts_half_ppr":0.9,"off_snp":5,"tm_off_snp":57,"rush_att":0,"rush_yd":0,"rush_td":0,"rec_tgt":1,"rec":1,"rec_yd":4,"rec_td":0,"target_share":3.4,"team_pass_rate":58.5,"team_tgt":29,"team_pass_att":31},"pos_rank":65,"opp_rank_vs_pos":4,"game_status":"active","score":{"tm":17,"opp":23,"r":"L"}},{"week":18,"opp":"HOU","stats":{"pts_ppr":4.5,"pts_half_ppr":3.5,"off_snp":0,"tm_off_snp":0,"rush_att":1,"rush_yd":1,"rush_td":0,"rec_tgt":2,"rec":2,"rec_yd":24,"rec_td":0,"target_share":6.1,"team_pass_rate":54.8,"team_tgt":33,"team_pass_att":34},"pos_rank":52,"opp_rank_vs_pos":9,"game_status":"active","score":{"tm":30,"opp":38,"r":"L"}}]