{"neighbors":[{"id":"12455","name":"Brashard Smith","slug":"brashard-smith","team":"KC","position":"RB","posRank":84,"ppg":2.3},{"id":"12491","name":"Corey Kiner","slug":"corey-kiner","team":"ARI","position":"RB","posRank":85,"ppg":1.8},{"id":"6144","name":"Trayveon Williams","slug":"trayveon-williams","team":"CLE","position":"RB","posRank":86,"ppg":1.8},{"id":"11570","name":"Rasheen Ali","slug":"rasheen-ali","team":"BAL","position":"RB","posRank":88,"ppg":1.5},{"id":"2749","name":"Raheem Mostert","slug":"raheem-mostert","team":"LV","position":"RB","posRank":89,"ppg":1.5},{"id":"8143","name":"Jerome Ford","slug":"jerome-ford","team":"CLE","position":"RB","posRank":90,"ppg":1.4}],"currentRank":87,"season":2025,"format":"standard","position":"RB"}