{"neighbors":[{"id":"8143","name":"Jerome Ford","slug":"jerome-ford","team":"CLE","position":"RB","posRank":84,"ppg":3.4},{"id":"12495","name":"Ollie Gordon","slug":"ollie-gordon","team":"MIA","position":"RB","posRank":85,"ppg":3.2},{"id":"12412","name":"Terrell Jennings","slug":"terrell-jennings","team":"NE","position":"RB","posRank":86,"ppg":3},{"id":"2749","name":"Raheem Mostert","slug":"raheem-mostert","team":"LV","position":"RB","posRank":88,"ppg":2.4},{"id":"11570","name":"Rasheen Ali","slug":"rasheen-ali","team":"BAL","position":"RB","posRank":89,"ppg":2.4},{"id":"12491","name":"Corey Kiner","slug":"corey-kiner","team":"ARI","position":"RB","posRank":90,"ppg":2.3}],"currentRank":87,"season":2025,"format":"ppr","position":"RB"}