[{"week":1,"opp":"JAX","stats":{"pts_ppr":21.92,"pts_half_ppr":21.92,"off_snp":69,"tm_off_snp":72,"pass_att":37,"pass_cmp":24,"pass_yd":223,"pass_td":1,"pass_int":1,"rush_att":10,"rush_yd":40,"rush_td":1,"target_share":0,"team_pass_rate":71.4,"team_tgt":29,"team_pass_att":65},"pos_rank":4,"opp_rank_vs_pos":25,"game_status":"active","score":{"tm":21,"opp":31,"r":"L"}},{"week":2,"opp":"HOU","stats":{"pts_ppr":17.74,"pts_half_ppr":17.74,"off_snp":18,"tm_off_snp":57,"pass_att":10,"pass_cmp":6,"pass_yd":56,"pass_td":0,"pass_int":0,"rush_att":3,"rush_yd":35,"rush_td":2,"target_share":0,"team_pass_rate":75.8,"team_tgt":28,"team_pass_att":47},"pos_rank":19,"opp_rank_vs_pos":15,"game_status":"active","score":{"tm":31,"opp":20,"r":"W"}},{"week":3,"opp":"—","stats":{"pts_ppr":0},"game_status":"out"},{"week":4,"opp":"LAR","stats":{"pts_ppr":29.6,"pts_half_ppr":29.6,"off_snp":64,"tm_off_snp":64,"pass_att":25,"pass_cmp":11,"pass_yd":200,"pass_td":2,"pass_int":0,"rush_att":10,"rush_yd":56,"rush_td":1,"target_share":0,"team_pass_rate":74.7,"team_tgt":17,"team_pass_att":59},"pos_rank":4,"opp_rank_vs_pos":26,"game_status":"active","score":{"tm":23,"opp":29,"r":"L"}},{"week":5,"opp":"TEN","stats":{"pts_ppr":4.42,"pts_half_ppr":4.42,"off_snp":22,"tm_off_snp":66,"pass_att":12,"pass_cmp":9,"pass_yd":98,"pass_td":0,"pass_int":0,"rush_att":2,"rush_yd":5,"rush_td":0,"target_share":0,"team_pass_rate":71.1,"team_tgt":20,"team_pass_att":32},"pos_rank":29,"opp_rank_vs_pos":5,"game_status":"active","score":{"tm":23,"opp":16,"r":"W"}},{"week":6,"opp":"—","stats":{"pts_ppr":0},"game_status":"out"},{"week":7,"opp":"—","stats":{"pts_ppr":0},"game_status":"out"},{"week":8,"opp":"—","stats":{"pts_ppr":0},"game_status":"out"},{"week":9,"opp":"—","stats":{"pts_ppr":0},"game_status":"out"},{"week":10,"opp":"BYE","stats":{"pts_ppr":0},"game_status":"bye"},{"week":11,"opp":"—","stats":{"pts_ppr":0},"game_status":"out"},{"week":12,"opp":"—","stats":{"pts_ppr":0},"game_status":"out"},{"week":13,"opp":"—","stats":{"pts_ppr":0},"game_status":"out"},{"week":14,"opp":"—","stats":{"pts_ppr":0},"game_status":"out"},{"week":15,"opp":"—","stats":{"pts_ppr":0},"game_status":"out"},{"week":16,"opp":"—","stats":{"pts_ppr":0},"game_status":"out"},{"week":17,"opp":"—","stats":{"pts_ppr":0},"game_status":"out"},{"week":18,"opp":"—","stats":{"pts_ppr":0},"game_status":"out"}]