{"id":"9229","name":"Anthony Richardson","slug":"anthony-richardson","position":"QB","team":"IND","status":"Active","injury_status":null,"age":23,"height":"76","weight":"244","number":5,"depth_chart_order":2,"years_exp":3,"headshotUrl":null,"season":2025,"seasonLabel":"2025 Season (Through Week 5)","seasonRank":null,"trends":{"weeklyFantasyPoints":[-0.1,0.36]},"gameLog":[{"week":1,"opp":"—","stats":{"pts_ppr":0},"game_status":"out"},{"week":2,"opp":"—","stats":{"pts_ppr":0},"game_status":"out"},{"week":3,"opp":"TEN","stats":{"pts_ppr":-0.1,"pts_half_ppr":-0.1,"off_snp":7,"tm_off_snp":57,"pass_att":0,"pass_cmp":0,"pass_yd":0,"pass_td":0,"pass_int":0,"rush_att":4,"rush_yd":-1,"rush_td":0,"target_share":0,"team_pass_rate":47.2,"team_tgt":23,"team_pass_att":25},"pos_rank":42,"opp_rank_vs_pos":14,"game_status":"active","score":{"tm":41,"opp":20,"r":"W"}},{"week":4,"opp":"—","stats":{"pts_ppr":0},"game_status":"out"},{"week":5,"opp":"LV","stats":{"pts_ppr":2.26,"pts_half_ppr":1.76,"off_snp":7,"tm_off_snp":66,"pass_att":2,"pass_cmp":1,"pass_yd":9,"pass_td":0,"pass_int":0,"rush_att":0,"rush_yd":0,"rush_td":0,"target_share":0,"team_pass_rate":55.4,"team_tgt":28,"team_pass_att":31},"pos_rank":31,"opp_rank_vs_pos":12,"game_status":"active","score":{"tm":40,"opp":6,"r":"W"}},{"week":6,"opp":"—","stats":{"pts_ppr":0},"game_status":"out"},{"week":7,"opp":"—","stats":{"pts_ppr":0},"game_status":"out"},{"week":8,"opp":"—","stats":{"pts_ppr":0},"game_status":"out"},{"week":9,"opp":"—","stats":{"pts_ppr":0},"game_status":"out"},{"week":10,"opp":"—","stats":{"pts_ppr":0},"game_status":"out"},{"week":11,"opp":"BYE","stats":{"pts_ppr":0},"game_status":"bye"},{"week":12,"opp":"—","stats":{"pts_ppr":0},"game_status":"out"},{"week":13,"opp":"—","stats":{"pts_ppr":0},"game_status":"out"},{"week":14,"opp":"—","stats":{"pts_ppr":0},"game_status":"out"},{"week":15,"opp":"—","stats":{"pts_ppr":0},"game_status":"out"},{"week":16,"opp":"—","stats":{"pts_ppr":0},"game_status":"out"},{"week":17,"opp":"—","stats":{"pts_ppr":0},"game_status":"out"},{"week":18,"opp":"—","stats":{"pts_ppr":0},"game_status":"out"}],"news":[],"availableSeasons":[2025,2024,2023],"multiSeasonStats":[{"season":2025,"ppg":0.13,"gamesPlayed":2,"pos1Pct":0,"pos2Pct":0,"pos3Pct":50,"bustPct":50},{"season":2024,"ppg":16.223636363636363,"gamesPlayed":11,"pos1Pct":27.27272727272727,"pos2Pct":54.54545454545454,"pos3Pct":18.181818181818183,"bustPct":0},{"season":2023,"ppg":17.919999999999998,"gamesPlayed":4,"pos1Pct":50,"pos2Pct":25,"pos3Pct":25,"bustPct":0}],"careerProfile":{"ppg":14.729411764705882,"gamesPlayed":17,"maxGames":51,"durabilityPct":33.33333333333333,"pos1Pct":29.411764705882355,"pos2Pct":41.17647058823529,"pos3Pct":23.52941176470588,"bustPct":5.88235294117647,"volatility":9.362502650592573,"volatilityLabel":"High","seasons":3,"seasonPpgs":[{"season":2025,"ppg":0.13},{"season":2024,"ppg":16.223636363636363},{"season":2023,"ppg":17.919999999999998}],"smallSample":false},"dynasty":{"rank":302,"positionalRank":36,"value":2089,"overallTier":17,"positionalTier":9,"trend30":-31,"trend7":-36,"posTrend30":-3,"posTrend7":-4,"age":23.8,"position":"QB","team":"IND","adp":163,"startupAdp":174,"tradeCount":14,"ageCurveTier":"Rising","ktcSlug":"anthony-richardson-1405","draftRound":1,"draftPick":4,"draftYear":2023,"sf":{"rank":219,"positionalRank":35,"value":2436,"overallTier":15,"positionalTier":9,"trend30":-10,"trend7":-10,"posTrend30":-1,"posTrend7":-1,"adp":162,"startupAdp":118,"tradeCount":102}},"productionRiskBenchmarks":{"position":"QB","season":2025,"qualifiedThreshold":20,"posAvg":{"yardsPerCatch":7.033895368980252,"catchPct":64.41274974015475,"tdPerTarget":4.648342764753436,"fpPerUsage":0.42695141138361864},"posStdDev":{"tdPerTarget":2.004365903887098,"fpPerUsage":0.11956056698809349},"percentile":{"yardsPerCatch":6,"catchPct":3,"tdPerTarget":4,"fpPerUsage":0},"playerQualified":true}}