[{"week":1,"opp":"MIA","stats":{"pts_ppr":26.4,"pts_half_ppr":24.4,"off_snp":41,"tm_off_snp":81,"rush_att":16,"rush_yd":117,"rush_td":1,"rec_tgt":5,"rec":4,"rec_yd":47,"rec_td":0,"target_share":13.9,"team_pass_rate":0,"team_tgt":36,"team_pass_att":0},"pos_rank":2,"opp_rank_vs_pos":8,"game_status":"active","score":{"tm":20,"opp":16,"r":"W"}},{"week":2,"opp":"—","stats":{"pts_ppr":0},"game_status":"out"},{"week":3,"opp":"—","stats":{"pts_ppr":0},"game_status":"out"},{"week":4,"opp":"—","stats":{"pts_ppr":0},"game_status":"out"},{"week":5,"opp":"—","stats":{"pts_ppr":0},"game_status":"out"},{"week":6,"opp":"DAL","stats":{"pts_ppr":10.2,"pts_half_ppr":8.2,"off_snp":50,"tm_off_snp":73,"rush_att":14,"rush_yd":27,"rush_td":0,"rec_tgt":6,"rec":4,"rec_yd":35,"rec_td":0,"target_share":20.7,"team_pass_rate":0,"team_tgt":29,"team_pass_att":0},"pos_rank":25,"opp_rank_vs_pos":1,"game_status":"active","score":{"tm":24,"opp":16,"r":"W"}},{"week":7,"opp":"KC","stats":{"pts_ppr":5.6,"pts_half_ppr":5.1,"off_snp":40,"tm_off_snp":63,"rush_att":14,"rush_yd":45,"rush_td":0,"rec_tgt":2,"rec":1,"rec_yd":1,"rec_td":0,"target_share":12.5,"team_pass_rate":0,"team_tgt":16,"team_pass_att":0},"pos_rank":39,"opp_rank_vs_pos":6,"game_status":"active","score":{"tm":7,"opp":14,"r":"L"}},{"week":8,"opp":"CHI","stats":{"pts_ppr":23.3,"pts_half_ppr":19.8,"off_snp":46,"tm_off_snp":69,"rush_att":15,"rush_yd":29,"rush_td":0,"rec_tgt":8,"rec":7,"rec_yd":94,"rec_td":1,"target_share":25.8,"team_pass_rate":0,"team_tgt":31,"team_pass_att":0},"pos_rank":6,"opp_rank_vs_pos":23,"game_status":"active","score":{"tm":31,"opp":38,"r":"L"}},{"week":9,"opp":"NYJ","stats":{"pts_ppr":21,"pts_half_ppr":20,"off_snp":39,"tm_off_snp":58,"rush_att":14,"rush_yd":47,"rush_td":2,"rec_tgt":7,"rec":2,"rec_yd":23,"rec_td":0,"target_share":24.1,"team_pass_rate":0,"team_tgt":29,"team_pass_att":0},"pos_rank":4,"opp_rank_vs_pos":25,"game_status":"active","score":{"tm":20,"opp":17,"r":"W"}},{"week":10,"opp":"DET","stats":{"pts_ppr":21.5,"pts_half_ppr":19.5,"off_snp":50,"tm_off_snp":72,"rush_att":19,"rush_yd":67,"rush_td":1,"rec_tgt":7,"rec":4,"rec_yd":48,"rec_td":0,"target_share":18.9,"team_pass_rate":0,"team_tgt":37,"team_pass_att":0},"pos_rank":4,"opp_rank_vs_pos":2,"game_status":"active","score":{"tm":26,"opp":29,"r":"L"}},{"week":11,"opp":"GB","stats":{"pts_ppr":7,"pts_half_ppr":6,"off_snp":46,"tm_off_snp":65,"rush_att":10,"rush_yd":64,"rush_td":0,"rec_tgt":3,"rec":2,"rec_yd":6,"rec_td":0,"target_share":15.8,"team_pass_rate":0,"team_tgt":19,"team_pass_att":0},"pos_rank":31,"opp_rank_vs_pos":24,"game_status":"active","score":{"tm":19,"opp":31,"r":"L"}},{"week":12,"opp":"BAL","stats":{"pts_ppr":9.4,"pts_half_ppr":6.9,"off_snp":53,"tm_off_snp":66,"rush_att":10,"rush_yd":32,"rush_td":0,"rec_tgt":6,"rec":5,"rec_yd":32,"rec_td":0,"target_share":19.4,"team_pass_rate":0,"team_tgt":31,"team_pass_att":0},"pos_rank":31,"opp_rank_vs_pos":22,"game_status":"active","score":{"tm":10,"opp":45,"r":"L"}},{"week":13,"opp":"NE","stats":{"pts_ppr":4.7,"pts_half_ppr":3.7,"off_snp":35,"tm_off_snp":61,"rush_att":14,"rush_yd":18,"rush_td":0,"rec_tgt":3,"rec":2,"rec_yd":9,"rec_td":0,"target_share":20,"team_pass_rate":9.7,"team_tgt":15,"team_pass_att":3},"pos_rank":34,"opp_rank_vs_pos":11,"game_status":"active","score":{"tm":15,"opp":45,"r":"L"}},{"week":14,"opp":"DEN","stats":{"pts_ppr":21,"pts_half_ppr":18.5,"off_snp":49,"tm_off_snp":68,"rush_att":10,"rush_yd":51,"rush_td":1,"rec_tgt":7,"rec":5,"rec_yd":49,"rec_td":0,"target_share":25.9,"team_pass_rate":0,"team_tgt":27,"team_pass_att":0},"pos_rank":8,"opp_rank_vs_pos":26,"game_status":"active","score":null},{"week":15,"opp":"LV","stats":{"pts_ppr":7.8,"pts_half_ppr":5.8,"off_snp":26,"tm_off_snp":65,"rush_att":5,"rush_yd":9,"rush_td":0,"rec_tgt":6,"rec":4,"rec_yd":29,"rec_td":0,"target_share":13.3,"team_pass_rate":0,"team_tgt":45,"team_pass_att":0},"pos_rank":35,"opp_rank_vs_pos":16,"game_status":"active","score":{"tm":20,"opp":28,"r":"L"}},{"week":16,"opp":"BUF","stats":{"pts_ppr":11.6,"pts_half_ppr":10.1,"off_snp":45,"tm_off_snp":70,"rush_att":15,"rush_yd":65,"rush_td":0,"rec_tgt":4,"rec":3,"rec_yd":21,"rec_td":0,"target_share":10.3,"team_pass_rate":0,"team_tgt":39,"team_pass_att":0},"pos_rank":24,"opp_rank_vs_pos":12,"game_status":"active","score":{"tm":28,"opp":30,"r":"L"}},{"week":17,"opp":"DEN","stats":{"pts_ppr":4,"pts_half_ppr":3.5,"off_snp":47,"tm_off_snp":65,"rush_att":13,"rush_yd":46,"rush_td":0,"rec_tgt":2,"rec":1,"rec_yd":4,"rec_td":0,"target_share":6.7,"team_pass_rate":0,"team_tgt":30,"team_pass_att":0},"pos_rank":56,"opp_rank_vs_pos":26,"game_status":"active","score":{"tm":10,"opp":27,"r":"L"}},{"week":18,"opp":"KC","stats":{"pts_ppr":11.9,"pts_half_ppr":8.4,"off_snp":63,"tm_off_snp":83,"rush_att":10,"rush_yd":11,"rush_td":0,"rec_tgt":8,"rec":7,"rec_yd":38,"rec_td":0,"target_share":33.3,"team_pass_rate":62.2,"team_tgt":24,"team_pass_att":46},"pos_rank":24,"opp_rank_vs_pos":6,"game_status":"active","score":{"tm":10,"opp":38,"r":"L"}}]