[{"week":1,"opp":"TB","stats":{"pts_ppr":10.2,"pts_half_ppr":8.2,"off_snp":31,"tm_off_snp":59,"rush_att":2,"rush_yd":10,"rush_td":0,"rec_tgt":4,"rec":4,"rec_yd":52,"rec_td":0,"target_share":14.8,"team_pass_rate":46.2,"team_tgt":27,"team_pass_att":24},"pos_rank":34,"opp_rank_vs_pos":6,"game_status":"active","score":{"tm":20,"opp":37,"r":"L"}},{"week":2,"opp":"NYG","stats":{"pts_ppr":11.5,"pts_half_ppr":10,"off_snp":31,"tm_off_snp":72,"rush_att":8,"rush_yd":38,"rush_td":0,"rec_tgt":3,"rec":3,"rec_yd":47,"rec_td":0,"target_share":10,"team_pass_rate":59.2,"team_tgt":30,"team_pass_att":29},"pos_rank":25,"opp_rank_vs_pos":25,"game_status":"active","score":{"tm":21,"opp":18,"r":"W"}},{"week":3,"opp":"CIN","stats":{"pts_ppr":13.7,"pts_half_ppr":12.7,"off_snp":13,"tm_off_snp":59,"rush_att":3,"rush_yd":35,"rush_td":1,"rec_tgt":2,"rec":2,"rec_yd":22,"rec_td":0,"target_share":9.1,"team_pass_rate":59,"team_tgt":22,"team_pass_att":23},"pos_rank":16,"opp_rank_vs_pos":22,"game_status":"active","score":{"tm":38,"opp":33,"r":"W"}},{"week":4,"opp":"—","stats":{"pts_ppr":0},"game_status":"out"},{"week":5,"opp":"CLE","stats":{"pts_ppr":11.7,"pts_half_ppr":10.7,"off_snp":33,"tm_off_snp":67,"rush_att":6,"rush_yd":67,"rush_td":0,"rec_tgt":2,"rec":2,"rec_yd":30,"rec_td":0,"target_share":8.3,"team_pass_rate":48.3,"team_tgt":24,"team_pass_att":28},"pos_rank":23,"opp_rank_vs_pos":9,"game_status":"active","score":{"tm":34,"opp":13,"r":"W"}},{"week":6,"opp":"BAL","stats":{"pts_ppr":10.8,"pts_half_ppr":8.8,"off_snp":47,"tm_off_snp":59,"rush_att":9,"rush_yd":21,"rush_td":0,"rec_tgt":5,"rec":4,"rec_yd":47,"rec_td":0,"target_share":15.6,"team_pass_rate":61.4,"team_tgt":32,"team_pass_att":35},"pos_rank":28,"opp_rank_vs_pos":3,"game_status":"active","score":{"tm":23,"opp":30,"r":"L"}},{"week":7,"opp":"CAR","stats":{"pts_ppr":4,"pts_half_ppr":3,"off_snp":28,"tm_off_snp":69,"rush_att":4,"rush_yd":17,"rush_td":0,"rec_tgt":2,"rec":2,"rec_yd":3,"rec_td":0,"target_share":12.5,"team_pass_rate":50,"team_tgt":16,"team_pass_att":25},"pos_rank":55,"opp_rank_vs_pos":32,"game_status":"active","score":{"tm":40,"opp":7,"r":"W"}},{"week":8,"opp":"CHI","stats":{"pts_ppr":7.8,"pts_half_ppr":6.8,"off_snp":42,"tm_off_snp":74,"rush_att":7,"rush_yd":52,"rush_td":0,"rec_tgt":3,"rec":2,"rec_yd":6,"rec_td":0,"target_share":7.7,"team_pass_rate":65.5,"team_tgt":39,"team_pass_att":38},"pos_rank":37,"opp_rank_vs_pos":26,"game_status":"active","score":{"tm":18,"opp":15,"r":"W"}},{"week":9,"opp":"NYG","stats":{"pts_ppr":17.3,"pts_half_ppr":15.8,"off_snp":29,"tm_off_snp":62,"rush_att":11,"rush_yd":42,"rush_td":1,"rec_tgt":4,"rec":3,"rec_yd":41,"rec_td":0,"target_share":25,"team_pass_rate":34.9,"team_tgt":16,"team_pass_att":22},"pos_rank":15,"opp_rank_vs_pos":25,"game_status":"active","score":{"tm":27,"opp":22,"r":"W"}},{"week":10,"opp":"PIT","stats":{"pts_ppr":18.1,"pts_half_ppr":17.6,"off_snp":45,"tm_off_snp":64,"rush_att":13,"rush_yd":44,"rush_td":2,"rec_tgt":2,"rec":1,"rec_yd":7,"rec_td":0,"target_share":6.3,"team_pass_rate":57.6,"team_tgt":32,"team_pass_att":34},"pos_rank":4,"opp_rank_vs_pos":10,"game_status":"active","score":{"tm":27,"opp":28,"r":"L"}},{"week":11,"opp":"PHI","stats":{"pts_ppr":17.6,"pts_half_ppr":13.6,"off_snp":34,"tm_off_snp":66,"rush_att":2,"rush_yd":7,"rush_td":0,"rec_tgt":9,"rec":8,"rec_yd":89,"rec_td":0,"target_share":26.5,"team_pass_rate":71.1,"team_tgt":34,"team_pass_att":32},"pos_rank":18,"opp_rank_vs_pos":2,"game_status":"active","score":{"tm":18,"opp":26,"r":"L"}},{"week":12,"opp":"DAL","stats":{"pts_ppr":4.4,"pts_half_ppr":3.4,"off_snp":44,"tm_off_snp":70,"rush_att":9,"rush_yd":22,"rush_td":0,"rec_tgt":3,"rec":2,"rec_yd":2,"rec_td":0,"target_share":9.1,"team_pass_rate":66.7,"team_tgt":33,"team_pass_att":38},"pos_rank":42,"opp_rank_vs_pos":20,"game_status":"active","score":{"tm":26,"opp":34,"r":"L"}},{"week":13,"opp":"—","stats":{"pts_ppr":0},"game_status":"out"},{"week":14,"opp":"BYE","stats":{"pts_ppr":0},"game_status":"bye"},{"week":15,"opp":"—","stats":{"pts_ppr":0},"game_status":"out"},{"week":16,"opp":"—","stats":{"pts_ppr":0},"game_status":"out"},{"week":17,"opp":"—","stats":{"pts_ppr":0},"game_status":"out"},{"week":18,"opp":"DAL","stats":{"pts_ppr":5.2,"pts_half_ppr":4.2,"off_snp":35,"tm_off_snp":58,"rush_att":3,"rush_yd":12,"rush_td":0,"rec_tgt":2,"rec":2,"rec_yd":20,"rec_td":0,"target_share":10,"team_pass_rate":71.4,"team_tgt":20,"team_pass_att":30},"pos_rank":46,"opp_rank_vs_pos":20,"game_status":"active","score":{"tm":23,"opp":19,"r":"W"}}]