[{"week":1,"opp":"NYG","stats":{"pts_ppr":8.7,"pts_half_ppr":7.2,"off_snp":33,"tm_off_snp":70,"rush_att":6,"rush_yd":26,"rush_td":0,"rec_tgt":3,"rec":3,"rec_yd":31,"rec_td":0,"target_share":10.3,"team_pass_rate":48.4,"team_tgt":29,"team_pass_att":30},"pos_rank":32,"opp_rank_vs_pos":31,"game_status":"active","score":{"tm":21,"opp":6,"r":"W"}},{"week":2,"opp":"GB","stats":{"pts_ppr":4.4,"pts_half_ppr":3.4,"off_snp":36,"tm_off_snp":69,"rush_att":8,"rush_yd":17,"rush_td":0,"rec_tgt":4,"rec":2,"rec_yd":7,"rec_td":0,"target_share":10,"team_pass_rate":68.9,"team_tgt":40,"team_pass_att":42},"pos_rank":48,"opp_rank_vs_pos":23,"game_status":"active","score":{"tm":18,"opp":27,"r":"L"}},{"week":3,"opp":"—","stats":{"pts_ppr":0},"game_status":"out"},{"week":4,"opp":"—","stats":{"pts_ppr":0},"game_status":"out"},{"week":5,"opp":"—","stats":{"pts_ppr":0},"game_status":"out"},{"week":6,"opp":"—","stats":{"pts_ppr":0},"game_status":"out"},{"week":7,"opp":"—","stats":{"pts_ppr":0},"game_status":"out"},{"week":8,"opp":"—","stats":{"pts_ppr":0},"game_status":"out"},{"week":9,"opp":"—","stats":{"pts_ppr":0},"game_status":"out"},{"week":10,"opp":"—","stats":{"pts_ppr":0},"game_status":"out"},{"week":11,"opp":"—","stats":{"pts_ppr":0},"game_status":"out"},{"week":12,"opp":"BYE","stats":{"pts_ppr":0},"game_status":"bye"},{"week":13,"opp":"—","stats":{"pts_ppr":0},"game_status":"out"},{"week":14,"opp":"—","stats":{"pts_ppr":0},"game_status":"out"},{"week":15,"opp":"—","stats":{"pts_ppr":0},"game_status":"out"},{"week":16,"opp":"—","stats":{"pts_ppr":0},"game_status":"out"},{"week":17,"opp":"—","stats":{"pts_ppr":0},"game_status":"out"},{"week":18,"opp":"—","stats":{"pts_ppr":0},"game_status":"out"}]