{"id":"4663","name":"Austin Ekeler","slug":"austin-ekeler","position":"RB","team":"WAS","status":"Active","injury_status":null,"age":30,"height":"70","weight":"200","number":30,"depth_chart_order":2,"years_exp":9,"headshotUrl":null,"season":2025,"seasonLabel":"2025 Season (Through Week 2)","seasonRank":null,"trends":{"weeklyFantasyPoints":[8.7,4.4]},"gameLog":[{"week":1,"opp":"NYG","stats":{"pts_ppr":8.7,"pts_half_ppr":7.2,"off_snp":33,"tm_off_snp":70,"rush_att":6,"rush_yd":26,"rush_td":0,"rec_tgt":3,"rec":3,"rec_yd":31,"rec_td":0,"target_share":10.3,"team_pass_rate":48.4,"team_tgt":29,"team_pass_att":30},"pos_rank":28,"opp_rank_vs_pos":32,"game_status":"active","score":{"tm":21,"opp":6,"r":"W"}},{"week":2,"opp":"GB","stats":{"pts_ppr":4.4,"pts_half_ppr":3.4,"off_snp":36,"tm_off_snp":69,"rush_att":8,"rush_yd":17,"rush_td":0,"rec_tgt":4,"rec":2,"rec_yd":7,"rec_td":0,"target_share":10,"team_pass_rate":68.9,"team_tgt":40,"team_pass_att":42},"pos_rank":48,"opp_rank_vs_pos":27,"game_status":"active","score":{"tm":18,"opp":27,"r":"L"}},{"week":3,"opp":"—","stats":{"pts_ppr":0},"game_status":"out"},{"week":4,"opp":"—","stats":{"pts_ppr":0},"game_status":"out"},{"week":5,"opp":"—","stats":{"pts_ppr":0},"game_status":"out"},{"week":6,"opp":"—","stats":{"pts_ppr":0},"game_status":"out"},{"week":7,"opp":"—","stats":{"pts_ppr":0},"game_status":"out"},{"week":8,"opp":"—","stats":{"pts_ppr":0},"game_status":"out"},{"week":9,"opp":"—","stats":{"pts_ppr":0},"game_status":"out"},{"week":10,"opp":"—","stats":{"pts_ppr":0},"game_status":"out"},{"week":11,"opp":"—","stats":{"pts_ppr":0},"game_status":"out"},{"week":12,"opp":"BYE","stats":{"pts_ppr":0},"game_status":"bye"},{"week":13,"opp":"—","stats":{"pts_ppr":0},"game_status":"out"},{"week":14,"opp":"—","stats":{"pts_ppr":0},"game_status":"out"},{"week":15,"opp":"—","stats":{"pts_ppr":0},"game_status":"out"},{"week":16,"opp":"—","stats":{"pts_ppr":0},"game_status":"out"},{"week":17,"opp":"—","stats":{"pts_ppr":0},"game_status":"out"},{"week":18,"opp":"—","stats":{"pts_ppr":0},"game_status":"out"}],"news":[],"availableSeasons":[2025,2024,2023],"multiSeasonStats":[{"season":2025,"ppg":6.55,"gamesPlayed":2,"pos1Pct":0,"pos2Pct":0,"pos3Pct":50,"bustPct":50},{"season":2024,"ppg":11.024999999999999,"gamesPlayed":12,"pos1Pct":16.666666666666664,"pos2Pct":16.666666666666664,"pos3Pct":41.66666666666667,"bustPct":25},{"season":2023,"ppg":13.242857142857144,"gamesPlayed":14,"pos1Pct":35.714285714285715,"pos2Pct":14.285714285714285,"pos3Pct":35.714285714285715,"bustPct":14.285714285714285}],"careerProfile":{"ppg":11.814285714285713,"gamesPlayed":28,"maxGames":51,"durabilityPct":54.90196078431373,"pos1Pct":25,"pos2Pct":14.285714285714285,"pos3Pct":39.285714285714285,"bustPct":21.428571428571427,"volatility":6.5440226775457315,"volatilityLabel":"Moderate","seasons":3,"seasonPpgs":[{"season":2025,"ppg":6.55},{"season":2024,"ppg":11.024999999999999},{"season":2023,"ppg":13.242857142857144}],"smallSample":false},"dynasty":null,"productionRiskBenchmarks":{"position":"RB","season":2025,"qualifiedThreshold":20,"posAvg":{"yardsPerCatch":7.66027689030884,"catchPct":77.89299046038988,"tdPerTarget":3.7328909166321025,"fpPerUsage":null},"posStdDev":{"tdPerTarget":2.831404276675168},"percentile":null,"playerQualified":false}}