{"id":"11261","name":"Andre Szmyt","slug":"andre-szmyt","position":"K","team":"CLE","status":"Active","injury_status":null,"age":27,"height":"72","weight":"200","number":25,"depth_chart_order":1,"years_exp":4,"headshotUrl":null,"season":2025,"seasonLabel":"2025 Season Final","seasonRank":31,"trends":{"weeklyFantasyPoints":[3,5,9,3,5,11,7,1,9,11,8,0,5,5,9,9,9]},"gameLog":[{"week":1,"opp":"CIN","stats":{"pts_ppr":3,"pts_half_ppr":3,"off_snp":0,"tm_off_snp":76,"fgm":1,"fga":2,"fgm_lng":45,"xpm":1,"xpa":2,"target_share":0,"team_pass_rate":0,"team_tgt":42,"team_pass_att":0},"pos_rank":30,"opp_rank_vs_pos":12,"game_status":"active","score":{"tm":16,"opp":17,"r":"L"}},{"week":2,"opp":"BAL","stats":{"pts_ppr":5,"pts_half_ppr":5,"off_snp":0,"tm_off_snp":73,"fgm":1,"fga":1,"fgm_lng":38,"xpm":2,"xpa":2,"target_share":0,"team_pass_rate":12.5,"team_tgt":41,"team_pass_att":3},"pos_rank":26,"opp_rank_vs_pos":28,"game_status":"active","score":{"tm":17,"opp":41,"r":"L"}},{"week":3,"opp":"GB","stats":{"pts_ppr":9,"pts_half_ppr":9,"off_snp":0,"tm_off_snp":66,"fgm":2,"fga":2,"fgm_lng":55,"xpm":1,"xpa":1,"target_share":0,"team_pass_rate":0,"team_tgt":32,"team_pass_att":0},"pos_rank":14,"opp_rank_vs_pos":13,"game_status":"active","score":{"tm":13,"opp":10,"r":"W"}},{"week":4,"opp":"DET","stats":{"pts_ppr":3,"pts_half_ppr":3,"off_snp":0,"tm_off_snp":67,"fgm":1,"fga":2,"fgm_lng":33,"xpm":1,"xpa":1,"target_share":0,"team_pass_rate":4,"team_tgt":34,"team_pass_att":1},"pos_rank":30,"opp_rank_vs_pos":23,"game_status":"active","score":{"tm":10,"opp":34,"r":"L"}},{"week":5,"opp":"MIN","stats":{"pts_ppr":5,"pts_half_ppr":5,"off_snp":0,"tm_off_snp":70,"fgm":1,"fga":1,"fgm_lng":31,"xpm":2,"xpa":2,"target_share":0,"team_pass_rate":50.8,"team_tgt":34,"team_pass_att":33},"pos_rank":19,"opp_rank_vs_pos":25,"game_status":"active","score":{"tm":17,"opp":21,"r":"L"}},{"week":6,"opp":"PIT","stats":{"pts_ppr":11,"pts_half_ppr":11,"off_snp":0,"tm_off_snp":82,"fgm":3,"fga":3,"fgm_lng":53,"xpm":0,"xpa":0,"target_share":0,"team_pass_rate":75.4,"team_tgt":51,"team_pass_att":52},"pos_rank":9,"opp_rank_vs_pos":17,"game_status":"active","score":{"tm":9,"opp":23,"r":"L"}},{"week":7,"opp":"MIA","stats":{"pts_ppr":7,"pts_half_ppr":7,"off_snp":0,"tm_off_snp":57,"fgm":1,"fga":1,"fgm_lng":30,"xpm":4,"xpa":4,"target_share":0,"team_pass_rate":35.3,"team_tgt":18,"team_pass_att":18},"pos_rank":15,"opp_rank_vs_pos":8,"game_status":"active","score":{"tm":31,"opp":6,"r":"W"}},{"week":8,"opp":"NE","stats":{"pts_ppr":0,"pts_half_ppr":null,"off_snp":0,"tm_off_snp":54,"fgm":0,"fga":1,"fgm_lng":0,"xpm":1,"xpa":1,"target_share":0,"team_pass_rate":68.6,"team_tgt":33,"team_pass_att":35},"pos_rank":26,"opp_rank_vs_pos":3,"game_status":"active","score":{"tm":13,"opp":32,"r":"L"}},{"week":9,"opp":"BYE","stats":{"pts_ppr":0},"game_status":"bye"},{"week":10,"opp":"NYJ","stats":{"pts_ppr":9,"pts_half_ppr":9,"off_snp":0,"tm_off_snp":73,"fgm":2,"fga":2,"fgm_lng":45,"xpm":2,"xpa":2,"target_share":0,"team_pass_rate":50,"team_tgt":32,"team_pass_att":32},"pos_rank":7,"opp_rank_vs_pos":30,"game_status":"active","score":{"tm":20,"opp":27,"r":"L"}},{"week":11,"opp":"BAL","stats":{"pts_ppr":11,"pts_half_ppr":11,"off_snp":0,"tm_off_snp":55,"fgm":3,"fga":3,"fgm_lng":46,"xpm":1,"xpa":1,"target_share":0,"team_pass_rate":48.1,"team_tgt":26,"team_pass_att":26},"pos_rank":11,"opp_rank_vs_pos":28,"game_status":"active","score":{"tm":16,"opp":23,"r":"L"}},{"week":12,"opp":"LV","stats":{"pts_ppr":8,"pts_half_ppr":8,"off_snp":0,"tm_off_snp":51,"fgm":1,"fga":1,"fgm_lng":53,"xpm":3,"xpa":3,"target_share":0,"team_pass_rate":42.6,"team_tgt":18,"team_pass_att":20},"pos_rank":17,"opp_rank_vs_pos":24,"game_status":"active","score":{"tm":24,"opp":10,"r":"W"}},{"week":13,"opp":"SF","stats":{"pts_ppr":0,"pts_half_ppr":null,"off_snp":0,"tm_off_snp":63,"fgm":0,"fga":0,"fgm_lng":0,"xpm":0,"xpa":0,"target_share":0,"team_pass_rate":45.6,"team_tgt":23,"team_pass_att":26},"pos_rank":null,"opp_rank_vs_pos":4,"game_status":"active","score":{"tm":8,"opp":26,"r":"L"}},{"week":14,"opp":"TEN","stats":{"pts_ppr":5,"pts_half_ppr":5,"off_snp":0,"tm_off_snp":69,"fgm":1,"fga":1,"fgm_lng":38,"xpm":2,"xpa":2,"target_share":0,"team_pass_rate":67.7,"team_tgt":38,"team_pass_att":42},"pos_rank":21,"opp_rank_vs_pos":27,"game_status":"active","score":{"tm":29,"opp":31,"r":"L"}},{"week":15,"opp":"CHI","stats":{"pts_ppr":5,"pts_half_ppr":5,"off_snp":0,"tm_off_snp":57,"fgm":1,"fga":1,"fgm_lng":50,"xpm":0,"xpa":0,"target_share":0,"team_pass_rate":68.6,"team_tgt":31,"team_pass_att":35},"pos_rank":26,"opp_rank_vs_pos":6,"game_status":"active","score":{"tm":3,"opp":31,"r":"L"}},{"week":16,"opp":"BUF","stats":{"pts_ppr":9,"pts_half_ppr":9,"off_snp":0,"tm_off_snp":66,"fgm":2,"fga":2,"fgm_lng":41,"xpm":2,"xpa":2,"target_share":0,"team_pass_rate":48.3,"team_tgt":27,"team_pass_att":29},"pos_rank":20,"opp_rank_vs_pos":7,"game_status":"active","score":{"tm":20,"opp":23,"r":"L"}},{"week":17,"opp":"PIT","stats":{"pts_ppr":9,"pts_half_ppr":9,"off_snp":0,"tm_off_snp":52,"fgm":2,"fga":2,"fgm_lng":50,"xpm":1,"xpa":1,"target_share":0,"team_pass_rate":47.9,"team_tgt":23,"team_pass_att":23},"pos_rank":13,"opp_rank_vs_pos":17,"game_status":"active","score":{"tm":13,"opp":6,"r":"W"}},{"week":18,"opp":"CIN","stats":{"pts_ppr":9,"pts_half_ppr":9,"off_snp":0,"tm_off_snp":0,"fgm":2,"fga":2,"fgm_lng":49,"xpm":2,"xpa":2,"target_share":0,"team_pass_rate":47.8,"team_tgt":21,"team_pass_att":22},"pos_rank":14,"opp_rank_vs_pos":12,"game_status":"active","score":{"tm":20,"opp":18,"r":"W"}}],"news":[],"availableSeasons":[2025,2024,2023],"multiSeasonStats":[{"season":2025,"ppg":6.8125,"gamesPlayed":16,"pos1Pct":18.75,"pos2Pct":50,"pos3Pct":31.25,"bustPct":0}],"careerProfile":null,"dynasty":null,"productionRiskBenchmarks":null,"bio":null}