{"neighbors":[{"id":"10955","name":"Chad Ryland","slug":"chad-ryland","team":"ARI","position":"K","posRank":30,"ppg":6.5},{"id":"8670","name":"Parker Romo","slug":"parker-romo","team":"FA","position":"K","posRank":31,"ppg":6.4},{"id":"6083","name":"Matt Gay","slug":"matt-gay","team":"FA","position":"K","posRank":32,"ppg":6.4},{"id":"4195","name":"Jake Elliott","slug":"jake-elliott","team":"PHI","position":"K","posRank":34,"ppg":5.9},{"id":"5230","name":"Michael Badgley","slug":"michael-badgley","team":"FA","position":"K","posRank":35,"ppg":5.9},{"id":"12961","name":"Ryan Fitzgerald","slug":"ryan-fitzgerald","team":"CAR","position":"K","posRank":36,"ppg":5.8}],"currentRank":33,"season":2025,"format":"standard","position":"K"}