{"neighbors":[{"id":"10955","name":"Chad Ryland","slug":"chad-ryland","team":"ARI","position":"K","posRank":28,"ppg":7.2},{"id":"6083","name":"Matt Gay","slug":"matt-gay","team":"FA","position":"K","posRank":29,"ppg":7.1},{"id":"17","name":"Matt Prater","slug":"matt-prater","team":"BUF","position":"K","posRank":30,"ppg":6.9},{"id":"5095","name":"Daniel Carlson","slug":"daniel-carlson","team":"LV","position":"K","posRank":32,"ppg":6.5},{"id":"4195","name":"Jake Elliott","slug":"jake-elliott","team":"PHI","position":"K","posRank":33,"ppg":6.4},{"id":"8670","name":"Parker Romo","slug":"parker-romo","team":"FA","position":"K","posRank":34,"ppg":6.3}],"currentRank":31,"season":2025,"format":"ppr","position":"K"}